<?xml version="1.0" encoding="UTF-8"?>
<Entities
 build="b3094"
 majorVersion="0"
 minorVersion="0"
 modelPersistenceProviderPackage="PostgresPersistenceProviderPackage"
 revision="0"
 schemaVersion="1000">
    <Things>
        <Thing
         aspect.isEditableExtensionObject="true"
         aspect.isExtension="true"
         description="Thing with Javascript services to set and get session data for asset list filters {PTC.SCA.SCO.AssetAdvisorListFiltersSessionHelper}"
         documentationContent=""
         effectiveThingPackage="ConfiguredThing"
         enabled="true"
         homeMashup=""
         identifier=""
         lastModifiedDate="2017-05-16T20:37:19.349Z"
         name="PTC.SCA.SCO.AssetAdvisorListFiltersSessionHelper"
         projectName="PTC.SCA.SCO.Asset Monitor"
         published="false"
         tags="PTC:sca-sco-assetmonitor;PTC:sca-common;PTC:Thing"
         thingTemplate="PTC.SCA.SCO.AssetAdvisorListFiltersSessionHelperTemplate"
         valueStream="">
            <avatar></avatar>
            <DesignTimePermissions>
                <Create></Create>
                <Read></Read>
                <Update></Update>
                <Delete></Delete>
                <Metadata></Metadata>
            </DesignTimePermissions>
            <RunTimePermissions></RunTimePermissions>
            <VisibilityPermissions></VisibilityPermissions>
            <ConfigurationTables></ConfigurationTables>
            <ThingShape>
                <PropertyDefinitions></PropertyDefinitions>
                <ServiceDefinitions></ServiceDefinitions>
                <EventDefinitions></EventDefinitions>
                <ServiceMappings></ServiceMappings>
                <ServiceImplementations></ServiceImplementations>
                <Subscriptions></Subscriptions>
            </ThingShape>
            <PropertyBindings></PropertyBindings>
            <RemotePropertyBindings></RemotePropertyBindings>
            <RemoteServiceBindings></RemoteServiceBindings>
            <RemoteEventBindings></RemoteEventBindings>
            <AlertConfigurations></AlertConfigurations>
            <ImplementedShapes></ImplementedShapes>
            <ThingProperties></ThingProperties>
        </Thing>
    </Things>
</Entities>
