<?xml version="1.0" encoding="UTF-8"?>
<Entities
 build="b36"
 majorVersion="8"
 minorVersion="2"
 modelPersistenceProviderPackage="PostgresPersistenceProviderPackage"
 revision="3"
 schemaVersion="1020"
 universal="">
    <StateDefinitions>
        <StateDefinition
         aspect.isEditableExtensionObject="false"
         aspect.isExtension="true"
         description="State definition for colors to display depicting the status of a job order {PTC.SCA.SCO.JobOrder.StatusColorStateDefinition}"
         documentationContent=""
         homeMashup=""
         lastModifiedDate="2018-04-18T10:14:21.111-04:00"
         name="PTC.SCA.SCO.JobOrder.StatusColorStateDefinition"
         projectName=""
         tags="PTC:OA;PTC:StateDefinition">
            <avatar></avatar>
            <DesignTimePermissions>
                <Create></Create>
                <Read></Read>
                <Update></Update>
                <Delete></Delete>
                <Metadata></Metadata>
            </DesignTimePermissions>
            <RunTimePermissions></RunTimePermissions>
            <VisibilityPermissions></VisibilityPermissions>
            <ConfigurationTables></ConfigurationTables>
            <content>
            <![CDATA[
            {
              "stateDefinitions" : [ {
                "defaultStyleDefinition" : "PTC.SCA.SCO.JobOrder.Status.DispatchedStyleDefinition",
                "defaultValue" : "1",
                "description" : "",
                "displayString" : "Dispatched",
                "name" : "Dispatched"
              }, {
                "defaultStyleDefinition" : "PTC.SCA.SCO.JobOrder.Status.PendingStyleDefinition",
                "defaultValue" : "2",
                "description" : "",
                "displayString" : "Pending",
                "name" : "Pending"
              }, {
                "defaultStyleDefinition" : "PTC.SCA.SCO.JobOrder.Status.HeldStyleDefinition",
                "defaultValue" : "3",
                "description" : "",
                "displayString" : "Held",
                "name" : "Held"
              }, {
                "defaultStyleDefinition" : "PTC.SCA.SCO.JobOrder.Status.CancelledStyleDefinition",
                "defaultValue" : "4",
                "description" : "",
                "displayString" : "Cancelled",
                "name" : "Cancelled"
              }, {
                "defaultStyleDefinition" : "PTC.SCA.SCO.JobOrder.Status.DelayedStyleDefinition",
                "defaultValue" : "5",
                "description" : "",
                "displayString" : "Delayed",
                "name" : "Delayed"
              }, {
                "defaultStyleDefinition" : "PTC.SCA.SCO.JobOrder.Status.CompletedStyleDefinition",
                "defaultValue" : "6",
                "description" : "",
                "displayString" : "Completed",
                "name" : "Completed"
              }, {
                "defaultStyleDefinition" : "",
                "description" : "",
                "displayString" : "",
                "name" : ""
              } ],
              "stateType" : "string"
            }
            ]]>
            </content>
        </StateDefinition>
    </StateDefinitions>
</Entities>
