<?xml version="1.0" encoding="UTF-8" standalone="no"?>
<Entities>
    <ExtensionPackages>
        <ExtensionPackage dependsOn="" description="" minimumThingWorxVersion="8.3.0" name="Pfizerfileupload_V1.1" packageVersion="1.1.0" vendor=""> 
        </ExtensionPackage>
    </ExtensionPackages>
    <Widgets>
        <Widget name="pfizerfileuploadv11">
            <UIResources>
                <FileResource description="Used to upload a file&#9;" file="pfizerfileuploadv11.ide.js" isDevelopment="true" isRuntime="false" type="JS"/>
                <FileResource description="Used to upload a file&#9;" file="pfizerfileuploadv11.ide.css" isDevelopment="true" isRuntime="false" type="CSS"/>
                <FileResource description="Used to upload a file&#9;" file="pfizerfileuploadv11.runtime.js" isDevelopment="false" isRuntime="true" type="JS"/>
                <FileResource description="Used to upload a file&#9;" file="pfizerfileuploadv11.runtime.css" isDevelopment="false" isRuntime="true" type="CSS"/>
            </UIResources>
        </Widget>
    </Widgets>
</Entities>
