<?xml version="1.0" encoding="UTF-8"?>
<Entities
 build="b39"
 majorVersion="8"
 minorVersion="0"
 modelPersistenceProviderPackage="PostgresPersistenceProviderPackage"
 revision="1"
 schemaVersion="1000">
    <DataShapes>
        <DataShape
         aspect.isEditableExtensionObject="false"
         aspect.isExtension="true"
         baseDataShape=""
         description="Alert Summary DataShape {PTC.Factory.AlertSummary}"
         documentationContent=""
         homeMashup=""
         lastModifiedDate="2017-07-20T16:22:00.858Z"
         name="PTC.Factory.AlertSummary"
         projectName="PTC.SCA.SCO.Alert Monitor"
         tags="PTC:sca-sco-alertmonitor;PTC:DataShape;PTC:sca-commonPTC:AlertMonitor">
            <avatar></avatar>
            <DesignTimePermissions>
                <Create></Create>
                <Read></Read>
                <Update></Update>
                <Delete></Delete>
                <Metadata></Metadata>
            </DesignTimePermissions>
            <RunTimePermissions></RunTimePermissions>
            <VisibilityPermissions>
                <Visibility>
                    <Principal
                     isPermitted="true"
                     name="PTC.Factory.MachineVisibility"
                     type="Organization"></Principal>
                </Visibility>
            </VisibilityPermissions>
            <ConfigurationTables></ConfigurationTables>
            <FieldDefinitions>
                <FieldDefinition
                 baseType="BOOLEAN"
                 description="Alert acknowledge state"
                 name="ack"
                 ordinal="3"></FieldDefinition>
                <FieldDefinition
                 baseType="STRING"
                 description="Alert acknowledged by"
                 name="ackBy"
                 ordinal="8"></FieldDefinition>
                <FieldDefinition
                 baseType="DATETIME"
                 description="Alert acknowledge timestamp"
                 name="ackTimestamp"
                 ordinal="4"></FieldDefinition>
                <FieldDefinition
                 baseType="STRING"
                 description="Alert type"
                 name="alertType"
                 ordinal="5"></FieldDefinition>
                <FieldDefinition
                 baseType="STRING"
                 description="Alert description"
                 name="description"
                 ordinal="6"></FieldDefinition>
                <FieldDefinition
                 baseType="NUMBER"
                 description="Alert duration"
                 name="duration"
                 ordinal="7"></FieldDefinition>
                <FieldDefinition
                 baseType="STRING"
                 description="Alert duration string"
                 name="durationString"
                 ordinal="16"></FieldDefinition>
                <FieldDefinition
                 baseType="STRING"
                 description="Alert message"
                 name="message"
                 ordinal="2"></FieldDefinition>
                <FieldDefinition
                 aspect.isPrimaryKey="true"
                 baseType="STRING"
                 description="Alert name"
                 name="name"
                 ordinal="9"></FieldDefinition>
                <FieldDefinition
                 baseType="INTEGER"
                 description="Alert priority"
                 name="priority"
                 ordinal="10"></FieldDefinition>
                <FieldDefinition
                 baseType="STRING"
                 description="Alert recipients"
                 name="recipients"
                 ordinal="16"></FieldDefinition>
                <FieldDefinition
                 aspect.isPrimaryKey="true"
                 baseType="STRING"
                 description=""
                 name="serialNumber"
                 ordinal="15"></FieldDefinition>
                <FieldDefinition
                 aspect.isPrimaryKey="false"
                 baseType="STRING"
                 description="Alert source thing"
                 name="source"
                 ordinal="11"></FieldDefinition>
                <FieldDefinition
                 baseType="STRING"
                 description=""
                 name="SourceDisplayName"
                 ordinal="13"></FieldDefinition>
                <FieldDefinition
                 aspect.isPrimaryKey="false"
                 baseType="STRING"
                 description="Alert source property"
                 name="sourceProperty"
                 ordinal="12"></FieldDefinition>
                <FieldDefinition
                 baseType="STRING"
                 description=""
                 name="sourcePropertyDisplayName"
                 ordinal="13"></FieldDefinition>
                <FieldDefinition
                 aspect.isPrimaryKey="false"
                 baseType="DATETIME"
                 description="Alert timestamp"
                 name="timestamp"
                 ordinal="13"></FieldDefinition>
                <FieldDefinition
                 aspect.isPrimaryKey="false"
                 baseType="STRING"
                 description="Alert Type and Alert Value"
                 name="Definition"
                 ordinal="14"></FieldDefinition>
                <FieldDefinition
                 baseType="STRING"
                 description=""
                 name="SourceDisplayNameHTML"
                 ordinal="17"></FieldDefinition>
                <FieldDefinition
                 aspect.isPrimaryKey="false"
                 baseType="STRING"
                 description="AlertType Localization"
                 name="localization"
                 ordinal="18"></FieldDefinition>
            </FieldDefinitions>
        </DataShape>
    </DataShapes>
</Entities>
