<?xml version="1.0" encoding="UTF-8"?>
<Entities
 build="b52"
 majorVersion="8"
 minorVersion="1"
 modelPersistenceProviderPackage="PostgresPersistenceProviderPackage"
 revision="0"
 schemaVersion="1010">
    <Things>
        <Thing
         aspect.isEditableExtensionObject="true"
         aspect.isExtension="true"
         description="Feature controller for AssetList mashups {PTC.SCA.SCO.AssetMonitor.AssetList.AssetListServiceController}"
         documentationContent=""
         effectiveThingPackage="PTC.SCA.SCO.AssetMonitor.AssetList.AssetListControllerPackage"
         enabled="true"
         homeMashup=""
         identifier=""
         lastModifiedDate="2017-10-24T05:43:27.373-04:00"
         name="PTC.SCA.SCO.AssetMonitor.AssetList.AssetListServiceController"
         projectName="PTC.SCA.SCO.Common"
         published="false"
         tags="PTC:sca-sco-common;PTC:sca-mfg;PTC:Thing"
         thingTemplate="PTC.SCA.SCO.AssetMonitor.AssetList.AssetListServiceControllerTemplate"
         valueStream="">
            <avatar></avatar>
            <DesignTimePermissions>
                <Create></Create>
                <Read></Read>
                <Update></Update>
                <Delete></Delete>
                <Metadata></Metadata>
            </DesignTimePermissions>
            <RunTimePermissions></RunTimePermissions>
            <VisibilityPermissions>
                <Visibility></Visibility>
            </VisibilityPermissions>
            <ConfigurationTables></ConfigurationTables>
            <ThingShape>
                <PropertyDefinitions></PropertyDefinitions>
                <ServiceDefinitions></ServiceDefinitions>
                <EventDefinitions></EventDefinitions>
                <ServiceMappings></ServiceMappings>
                <ServiceImplementations></ServiceImplementations>
                <Subscriptions></Subscriptions>
            </ThingShape>
            <PropertyBindings></PropertyBindings>
            <RemotePropertyBindings></RemotePropertyBindings>
            <RemoteServiceBindings></RemoteServiceBindings>
            <RemoteEventBindings></RemoteEventBindings>
            <AlertConfigurations></AlertConfigurations>
            <ImplementedShapes></ImplementedShapes>
            <ThingProperties></ThingProperties>
        </Thing>
    </Things>
</Entities>
