<?xml version="1.0" encoding="UTF-8"?>
<Entities
 build="b158"
 majorVersion="7"
 minorVersion="4"
 modelPersistenceProviderPackage="PostgresPersistenceProviderPackage"
 revision="0"
 schemaVersion="940">
    <Things>
        <Thing
         aspect.isEditableExtensionObject="true"
         aspect.isExtension="true"
         description="Use PTC.SCA.SCO.AssetMonitor.AssetDetail.AssetDetailServiceControlller.  Service specific AssetDetailController. Overrides services that return information related only to SLM. {PTC.SCA.SCO.AssetMonitor.AssetDetail.AssetDetailController}"
         documentationContent=""
         effectiveThingPackage="PTC.SCA.SCO.AssetMonitor.AssetDetail.AssetDetailControllerPackage"
         enabled="true"
         homeMashup=""
         identifier=""
         lastModifiedDate="2017-04-11T18:12:24.767Z"
         name="PTC.SCA.SCO.AssetMonitor.AssetDetail.AssetDetailController"
         projectName="PTC.SCA.SCO.Common"
         published="false"
         tags="PTC:sca-sco-common;PTC:sca-mfg;PTC:Thing"
         thingTemplate="PTC.SCA.SCO.AssetMonitor.AssetDetail.AssetDetailControllerTemplate"
         valueStream="">
            <avatar></avatar>
            <DesignTimePermissions>
                <Create></Create>
                <Read></Read>
                <Update></Update>
                <Delete></Delete>
                <Metadata></Metadata>
            </DesignTimePermissions>
            <RunTimePermissions>
                <Permissions
                 resourceName="*">
                    <PropertyRead></PropertyRead>
                    <PropertyWrite></PropertyWrite>
                    <ServiceInvoke>
                        <Principal
                         isPermitted="true"
                         name="Controls Engineer"
                         type="Group"></Principal>
                        <Principal
                         isPermitted="true"
                         name="Maintenance Engineer"
                         type="Group"></Principal>
                        <Principal
                         isPermitted="true"
                         name="Maintenance Manager"
                         type="Group"></Principal>
                    </ServiceInvoke>
                    <EventInvoke></EventInvoke>
                    <EventSubscribe></EventSubscribe>
                </Permissions>
            </RunTimePermissions>
            <VisibilityPermissions>
                <Visibility>
                    <Principal
                     isPermitted="true"
                     name="PTC.Factory.MachineVisibility:AssetPerformance"
                     type="OrganizationalUnit"></Principal>
                </Visibility>
            </VisibilityPermissions>
            <ConfigurationTables></ConfigurationTables>
            <ThingShape>
                <PropertyDefinitions></PropertyDefinitions>
                <ServiceDefinitions></ServiceDefinitions>
                <EventDefinitions></EventDefinitions>
                <ServiceMappings></ServiceMappings>
                <ServiceImplementations>
                    <ServiceImplementation
                     description=""
                     handlerName="Script"
                     name="GetAssetAttributes">
                        <ConfigurationTables>
                            <ConfigurationTable
                             description="Script"
                             isMultiRow="false"
                             name="Script"
                             ordinal="0">
                                <DataShape>
                                    <FieldDefinitions>
                                        <FieldDefinition
                                         baseType="STRING"
                                         description="code"
                                         name="code"
                                         ordinal="0"></FieldDefinition>
                                    </FieldDefinitions>
                                </DataShape>
                                <Rows>
                                    <Row>
                                        <code>
                                        <![CDATA[
                                        var asset = Things[assetId];
                                        var result = Resources["InfoTableFunctions"].CreateInfoTableFromDataShape({dataShapeName:"PTC.SCA.SCO.Asset.AssetPropertyValues"});
                                        if (asset != null) {
                                            result.AddRow(newRow(localizeLabel("PTC.SCA.SCO.ModelNumber"), asset.modelNumber));
                                            result.AddRow(newRow(localizeLabel("PTC.SCA.SCO.SerialNumber"), asset.serialNumber));  
                                            result.AddRow(newRow(localizeLabel("PTC.Factory.Description"), asset.description));  
                                            result.AddRow(newRow(localizeLabel("PTC.Factory.Location"), asset.physicalLocation));
                                        }
                                        
                                        function newRow(name, value, baseType) {
                                            var newEntry = new Object();
                                            newEntry.name = name; // STRING
                                            newEntry.value = value; // STRING
                                            newEntry.baseType = "STRING"; // BASETYPENAME
                                        	return newEntry;
                                        }
                                        
                                        function localizeLabel(token) {
                                            return Resources["RuntimeLocalizationFunctions"].GetEffectiveToken({token:token}) + ":";
                                        }
                                        ]]>
                                        </code>
                                    </Row>
                                </Rows>
                            </ConfigurationTable>
                        </ConfigurationTables>
                    </ServiceImplementation>
                </ServiceImplementations>
                <Subscriptions></Subscriptions>
            </ThingShape>
            <PropertyBindings></PropertyBindings>
            <RemotePropertyBindings></RemotePropertyBindings>
            <RemoteServiceBindings></RemoteServiceBindings>
            <RemoteEventBindings></RemoteEventBindings>
            <AlertConfigurations></AlertConfigurations>
            <ImplementedShapes></ImplementedShapes>
            <ThingProperties></ThingProperties>
        </Thing>
    </Things>
</Entities>
