<?xml version="1.0" encoding="UTF-8"?>
<Entities
 build="b441"
 majorVersion="8"
 minorVersion="4"
 modelPersistenceProviderPackage="PostgresPersistenceProviderPackage"
 revision="0"
 schemaVersion="1040"
 universal="">
    <StateDefinitions>
        <StateDefinition
         aspect.isEditableExtensionObject="true"
         aspect.isExtension="true"
         description="State used in test result history trend time intervals {PTC.Factory.TestResultHistoryPeriod}"
         documentationContent=""
         homeMashup=""
         lastModifiedDate="2018-08-13T17:44:29.124-04:00"
         name="PTC.Factory.TestResultHistoryPeriod"
         projectName="PTC.SCA.SCO.KEPServerEX Monitor"
         tags="PTC:sca-sco-kepserverexmonitor;PTC:sca-common;PTC:StateDefinition;PTC:KepServer">
            <avatar></avatar>
            <DesignTimePermissions>
                <Create></Create>
                <Read></Read>
                <Update></Update>
                <Delete></Delete>
                <Metadata></Metadata>
            </DesignTimePermissions>
            <RunTimePermissions></RunTimePermissions>
            <VisibilityPermissions>
                <Visibility>
                    <Principal
                     isPermitted="true"
                     name="PTC.Factory.MachineVisibility"
                     type="Organization"></Principal>
                </Visibility>
            </VisibilityPermissions>
            <ConfigurationTableDefinitions></ConfigurationTableDefinitions>
            <ConfigurationTables></ConfigurationTables>
            <content>
            <![CDATA[
            {
              "stateDefinitions" : [ {
                "defaultStyleDefinition" : "",
                "defaultValue" : "week",
                "description" : "",
                "displayString" : "",
                "name" : ""
              }, {
                "defaultStyleDefinition" : "",
                "defaultValue" : "custom",
                "description" : "",
                "displayString" : "",
                "name" : ""
              }, {
                "defaultStyleDefinition" : "",
                "description" : "",
                "displayString" : "week",
                "name" : "week"
              } ],
              "stateType" : "string"
            }
            ]]>
            </content>
        </StateDefinition>
    </StateDefinitions>
</Entities>
