<?xml version="1.0" encoding="UTF-8"?>
<Entities xmlns:xsi="http://www.w3.org/2001/XMLSchema-instance" xsi:noNamespaceSchemaLocation="schema.xsd">
    <Things>
        <Thing name="ThingworxInternalRemoteAccessServer" thingTemplate="GenericThing" enabled="true"
               description="Thingworx internal remote access server" tags="Applications:RAE">
            <ThingShape>
                <PropertyDefinitions/>
                <EventDefinitions/>
                <ServiceDefinitions/>
                <ServiceMappings/>
                <ServiceImplementations>
                    <ServiceImplementation description="Start a remote session on the Thingworx Internal RemoteAccessServer." handlerName="Script" name="StartSession">
                        <ConfigurationTables>
                            <ConfigurationTable description="Script" isMultiRow="false" name="Script" ordinal="0">
                                <DataShape>
                                    <FieldDefinitions>
                                        <FieldDefinition baseType="STRING" description="code" name="code" ordinal="0" />
                                    </FieldDefinitions>
                                </DataShape>
                                <Rows>
                                    <Row>
                                        <code><![CDATA[logger.warn("StartSession not implemented on ThingworxInternalRemoteAccessServer");]]></code>
                                    </Row>
                                </Rows>
                            </ConfigurationTable>
                        </ConfigurationTables>
                    </ServiceImplementation>
                    <ServiceImplementation description="" handlerName="Script" name="EndSession">
                        <ConfigurationTables>
                            <ConfigurationTable description="Script" isMultiRow="false" name="Script" ordinal="0">
                                <DataShape>
                                    <FieldDefinitions>
                                        <FieldDefinition baseType="STRING" description="code" name="code" ordinal="0"/>
                                    </FieldDefinitions>
                                </DataShape>
                                <Rows>
                                    <Row>
                                        <code>
                                            <![CDATA[logger.warn("EndSession not implemented on ThingworxInternalRemoteAccessServer");]]></code>
                                    </Row>
                                </Rows>
                            </ConfigurationTable>
                        </ConfigurationTables>
                    </ServiceImplementation>
                    <ServiceImplementation description="Get all Thingworx Internal RAS sessions." handlerName="Script" name="GetSessions">
                        <ConfigurationTables>
                            <ConfigurationTable description="Script" isMultiRow="false" name="Script" ordinal="0">
                                <DataShape>
                                    <FieldDefinitions>
                                        <FieldDefinition baseType="STRING" description="code" name="code" ordinal="0" />
                                    </FieldDefinitions>
                                </DataShape>
                                <Rows>
                                    <Row>
                                        <code><![CDATA[var params = {
    remoteAccessServer: me.name /* THINGNAME */
};

var result = Subsystems["RemoteAccessSubsystem"].GetSessionsByRemoteAccessServer(params);]]></code>
                                    </Row>
                                </Rows>
                            </ConfigurationTable>
                        </ConfigurationTables>
                    </ServiceImplementation>
                    <ServiceImplementation description="" handlerName="Script" name="GetServerHealth">
                        <ConfigurationTables>
                            <ConfigurationTable description="" isMultiRow="false" name="Script" ordinal="0">
                                <DataShape>
                                    <FieldDefinitions>
                                        <FieldDefinition baseType="STRING" description="code" name="code" ordinal="0"/>
                                    </FieldDefinitions>
                                </DataShape>
                                <Rows>
                                    <Row>
                                        <code>
                                            <![CDATA[
var result = Subsystems["TunnelSubsystem"].GetSubsystemState();
]]></code>
                                    </Row>
                                </Rows>
                            </ConfigurationTable>
                        </ConfigurationTables>
                    </ServiceImplementation>
                </ServiceImplementations>
            </ThingShape>
            <ImplementedShapes>
                <ImplementedShape name="RemoteAccessServer" type="ThingShape"/>
            </ImplementedShapes>
            <ThingProperties>
                <enabledForRemoteSessions>
                    <Value>true</Value>
                    <Timestamp>1970-01-01T00:00:00.000-00:00</Timestamp>
                    <Quality>GOOD</Quality>
                </enabledForRemoteSessions>
                <online>
                    <Value>true</Value>
                    <Timestamp>1970-01-01T00:00:00.000-00:00</Timestamp>
                    <Quality>GOOD</Quality>
                </online>
            </ThingProperties>
        </Thing>
    </Things>
</Entities>
