<?xml version="1.0" encoding="UTF-8" standalone="no"?>
<Entities build="latest" majorVersion="0" minorVersion="0" revision="0" schemaVersion="931">
  <DataShapes>
    <DataShape
      description="Connection information for a RemoteEndpoint.  Includes the type of connection, and a range of ports available for the connection."
      name="ConnectionInformation" tags="Applications:RemoteAccess">
      <FieldDefinitions>
        <FieldDefinition baseType="INTEGER" description="The lower bound on a range of ports." name="startPort" ordinal="2"/>
        <FieldDefinition baseType="INTEGER" description="The upper bound on a range of ports." name="endPort" ordinal="3"/>
        <FieldDefinition baseType="STRING" description="The type of connection available for the port(s)" name="type" ordinal="1"/>
      </FieldDefinitions>
    </DataShape>
  </DataShapes>
</Entities>