<?xml version="1.0" encoding="UTF-8" standalone="no"?>
<Entities build="latest" majorVersion="0" minorVersion="0" revision="0" schemaVersion="931">
  <DataShapes>
    <DataShape description="Properties for a Remote Session" name="RemoteSession" tags="Applications:RemoteAccess">
      <FieldDefinitions>
        <FieldDefinition aspect.thingShape="RemoteAccessible" baseType="THINGNAME"
                         description="The name of the Thing this session is connected to" name="agentDevice"/>
        <FieldDefinition baseType="STRING" description="the agent's IP address" name="agentIP"/>
        <FieldDefinition baseType="STRING" description="the user who created the session" name="createdBy"/>
        <FieldDefinition baseType="DATETIME" description="the time at which the session was created"
                         name="createdTime"/>
        <FieldDefinition baseType="DATETIME" description="the time at which the session was ended or terminated"
                         name="endTime"/>
        <FieldDefinition aspect.thingShape="RemoteAccessServer" baseType="THINGNAME"
                         description="the name of the server hosting this session" name="remoteServer"/>
        <FieldDefinition aspect.isPrimaryKey="true" baseType="GUID" description="Unique server session ID"
                         name="sessionId"/>
        <FieldDefinition baseType="STRING" description="the status of this session" name="status"/>
        <FieldDefinition baseType="TEXT" description="reason for session termination" name="terminationCause"/>
        <FieldDefinition baseType="STRING" description="the user's IP address" name="userIP"/>
        <FieldDefinition aspect.dataShape="RemoteSessionParameters" baseType="INFOTABLE" description="the parameters used to start this session" name="parameters"/>
        <FieldDefinition baseType="LONG" description="the number of bytes transferred during the session" name="bytesTransferred"/>
        <FieldDefinition baseType="DATETIME" description="When was the last time data was sent over the tunnel"
                         name="lastActivityTime"/>

      </FieldDefinitions>
    </DataShape>
  </DataShapes>
</Entities>