<?xml version="1.0" encoding="UTF-8" standalone="no"?>
<Entities build="latest" majorVersion="0" minorVersion="0" revision="0" schemaVersion="931">
  <DataShapes>
    <DataShape description="Describes the tunneling capabilities and properties of a device" name="RemoteEndpoint"
               tags="Applications:RemoteAccess">
      <FieldDefinitions>
        <FieldDefinition baseType="STRING" description="the name of this TunnelEndpoint" name="name" ordinal="1" aspect.isPrimaryKey="true"/>
        <FieldDefinition baseType="JSON" description="Custom configuration per provider" name="providerConfig" ordinal="2"/>
      </FieldDefinitions>
    </DataShape>
  </DataShapes>
</Entities>