<?xml version="1.0" encoding="UTF-8"?>
<Entities
 build="b7321"
 majorVersion="0"
 minorVersion="0"
 modelPersistenceProviderPackage="PostgresPersistenceProviderPackage"
 revision="0"
 schemaVersion="1050"
 universal="password">
    <Things>
        <Thing
         aspect.isEditableExtensionObject="true"
         aspect.isExtension="true"
         description="General Action Handler used for hook {PTC.SCA.SCO.CommonActionHandler}."
         documentationContent=""
         effectiveThingPackage="ConfiguredThing"
         enabled="true"
         homeMashup=""
         identifier=""
         lastModifiedDate="2019-07-28T23:57:02.870-04:00"
         name="PTC.SCA.SCO.CustomActionHandler"
         projectName="PTC.SCA.SCO.Asset Monitor"
         published="false"
         tags="PTC:sca-sco-assetmonitor;PTC:DataShape;PTC:sca-common;PTC:AssetMonitor"
         thingTemplate="GenericThing"
         valueStream="">
            <avatar></avatar>
            <DesignTimePermissions>
                <Create></Create>
                <Read></Read>
                <Update></Update>
                <Delete></Delete>
                <Metadata></Metadata>
            </DesignTimePermissions>
            <RunTimePermissions>
                <Permissions
                 resourceName="*">
                    <ServiceInvoke>
                        <Principal
                         isPermitted="true"
                         name="Controls Engineer"
                         type="Group"></Principal>
                        <Principal
                         isPermitted="true"
                         name="Maintenance Engineer"
                         type="Group"></Principal>
                        <Principal
                         isPermitted="true"
                         name="Maintenance Manager"
                         type="Group"></Principal>
                    </ServiceInvoke>
                </Permissions>
            </RunTimePermissions>
            <VisibilityPermissions>
                <Visibility>
                    <Principal
                     isPermitted="true"
                     name="PTC.Factory.MachineVisibility"
                     type="Organization"></Principal>
                </Visibility>
            </VisibilityPermissions>
            <ConfigurationTableDefinitions></ConfigurationTableDefinitions>
            <ConfigurationTables></ConfigurationTables>
            <ThingShape>
                <PropertyDefinitions></PropertyDefinitions>
                <ServiceDefinitions></ServiceDefinitions>
                <EventDefinitions></EventDefinitions>
                <ServiceMappings></ServiceMappings>
                <ServiceImplementations></ServiceImplementations>
                <Subscriptions></Subscriptions>
            </ThingShape>
            <PropertyBindings></PropertyBindings>
            <RemotePropertyBindings></RemotePropertyBindings>
            <RemoteServiceBindings></RemoteServiceBindings>
            <RemoteEventBindings></RemoteEventBindings>
            <AlertConfigurations></AlertConfigurations>
            <ImplementedShapes>
                <ImplementedShape
                 name="PTC.SCA.SCO.CommonActionHandlerThingShape"
                 type="ThingShape"></ImplementedShape>
            </ImplementedShapes>
            <ThingProperties></ThingProperties>
        </Thing>
    </Things>
</Entities>
