<?xml version="1.0" encoding="UTF-8"?>
<Entities
 build="b5"
 majorVersion="8"
 minorVersion="1"
 modelPersistenceProviderPackage="PostgresPersistenceProviderPackage"
 revision="0"
 schemaVersion="1010">
    <StyleDefinitions>
        <StyleDefinition
         description="***DEPRECATED-J*** This style definition will be deleted in a future release. Style for an asset name used as a link {PTC.SCA.SCO.AssetMonitor.AnomalyLinkActive}"
         documentationContent=""
         homeMashup=""
         lastModifiedDate="2017-09-13T19:43:22.463Z"
         name="PTC.SCA.SCO.AssetMonitor.AnomalyLinkActive"
         projectName="PTC.SCA.SCO.Asset Monitor"
         tags="PTC:sca-sco-assetmonitor;PTC:sca-common;PTC:StyleDefinition">
            <avatar></avatar>
            <DesignTimePermissions>
                <Create></Create>
                <Read></Read>
                <Update></Update>
                <Delete></Delete>
                <Metadata></Metadata>
            </DesignTimePermissions>
            <RunTimePermissions></RunTimePermissions>
            <VisibilityPermissions>
                <Visibility>
                    <Principal
                     isPermitted="true"
                     name="PTC.Factory.MachineVisibility:AssetPerformance"
                     type="OrganizationalUnit"></Principal>
                </Visibility>
            </VisibilityPermissions>
            <ConfigurationTables></ConfigurationTables>
            <content>
            <![CDATA[
            {
              "backgroundColor" : "#ffffff",
              "displayString" : " (1 active)",
              "fontEmphasisBold" : false,
              "fontEmphasisItalic" : false,
              "fontEmphasisUnderline" : true,
              "foregroundColor" : "#236192",
              "image" : "PTC.SCA.SCO.AssetMonitor.AnomalyLinkActive",
              "lineColor" : "",
              "lineStyle" : "solid",
              "lineThickness" : 1,
              "secondaryBackgroundColor" : "",
              "textSize" : "xlarge"
            }
            ]]>
            </content>
        </StyleDefinition>
    </StyleDefinitions>
</Entities>
