<?xml version="1.0" encoding="UTF-8"?>
<Entities
 build="b3226"
 majorVersion="0"
 minorVersion="0"
 modelPersistenceProviderPackage="NeoPersistenceProviderPackage"
 revision="0"
 schemaVersion="1000">
    <DataShapes>
        <DataShape
         aspect.isEditableExtensionObject="false"
         baseDataShape=""
         description="Data shape for resources provided by PTC.SCA.SCO.AssetResourceProvider {PTC.SCA.SCO.AssetDataShape}"
         documentationContent=""
         homeMashup=""
         lastModifiedDate="2017-04-25T16:10:49.048-04:00"
         name="PTC.SCA.SCO.AssetDataShape"
         projectName="PTC.SCA.SCO.Common"
         tags="PTC:sca-sco-common;PTC:DataShape;PTC:sca-mfg;PTC:Common">
            <avatar></avatar>
            <DesignTimePermissions>
                <Create></Create>
                <Read></Read>
                <Update></Update>
                <Delete></Delete>
                <Metadata></Metadata>
            </DesignTimePermissions>
            <RunTimePermissions></RunTimePermissions>
            <VisibilityPermissions>
                <Visibility>
                    <Principal
                     isPermitted="true"
                     name="PTC.Factory.MachineVisibility"
                     type="Organization"></Principal>
                </Visibility>
            </VisibilityPermissions>
            <ConfigurationTables></ConfigurationTables>
            <FieldDefinitions>
                <FieldDefinition
                 aspect.dataShape="GenericStringList"
                 baseType="INFOTABLE"
                 description="anomalyAlertProperties"
                 name="anomalyAlertProperties"
                 ordinal="0"></FieldDefinition>
                <FieldDefinition
                 aspect.dataShape="PTC.SCA.SCO.AnomalyFeedbackDataShape"
                 baseType="INFOTABLE"
                 description="***DEPRECATED-J*** This property will be deleted in a future release. anomalyFeedback"
                 name="anomalyFeedback"
                 ordinal="0"></FieldDefinition>
                <FieldDefinition
                 baseType="INTEGER"
                 description="anomalyStatus"
                 name="anomalyStatus"
                 ordinal="0"></FieldDefinition>
                <FieldDefinition
                 baseType="DATETIME"
                 description="anomalyStatusTimestamp"
                 name="anomalyStatusTimestamp"
                 ordinal="0"></FieldDefinition>
                <FieldDefinition
                 baseType="IMAGE"
                 description="assetImage"
                 name="assetImage"
                 ordinal="0"></FieldDefinition>
                <FieldDefinition
                 baseType="THINGTEMPLATENAME"
                 description="AssetType"
                 name="AssetType"
                 ordinal="0"></FieldDefinition>
                <FieldDefinition
                 baseType="USERNAME"
                 description="CreatedBy"
                 name="CreatedBy"
                 ordinal="0"></FieldDefinition>
                <FieldDefinition
                 baseType="DATETIME"
                 description=""
                 name="CreateTimestamp"
                 ordinal="0"></FieldDefinition>
                <FieldDefinition
                 baseType="STRING"
                 description="description"
                 name="description"
                 ordinal="0"></FieldDefinition>
                <FieldDefinition
                 baseType="STRING"
                 description="DetailsPageLink"
                 name="DetailsPageLink"
                 ordinal="0"></FieldDefinition>
                <FieldDefinition
                 baseType="STRING"
                 description="displayName"
                 name="displayName"
                 ordinal="0"></FieldDefinition>
                <FieldDefinition
                 baseType="STRING"
                 description=""
                 name="Id"
                 ordinal="0"></FieldDefinition>
                <FieldDefinition
                 baseType="IMAGE"
                 description="Image"
                 name="Image"
                 ordinal="0"></FieldDefinition>
                <FieldDefinition
                 baseType="BOOLEAN"
                 description="IsActive"
                 name="IsActive"
                 ordinal="0"></FieldDefinition>
                <FieldDefinition
                 baseType="BOOLEAN"
                 description="isCalibrationRequested"
                 name="isCalibrationRequested"
                 ordinal="0"></FieldDefinition>
                <FieldDefinition
                 baseType="BOOLEAN"
                 description="IsConnected"
                 name="IsConnected"
                 ordinal="0"></FieldDefinition>
                <FieldDefinition
                 baseType="DATETIME"
                 description="LastConnection"
                 name="LastConnection"
                 ordinal="0"></FieldDefinition>
                <FieldDefinition
                 baseType="STRING"
                 description="modelNumber"
                 name="modelNumber"
                 ordinal="0"></FieldDefinition>
                <FieldDefinition
                 aspect.dataShape="GenericStringList"
                 baseType="INFOTABLE"
                 description="monitoredPropertyNames"
                 name="monitoredPropertyNames"></FieldDefinition>
                <FieldDefinition
                 baseType="STRING"
                 description="Name"
                 name="Name"
                 ordinal="0"></FieldDefinition>
                <FieldDefinition
                 baseType="STRING"
                 description="physicalLocation"
                 name="physicalLocation"
                 ordinal="0"></FieldDefinition>
                <FieldDefinition
                 baseType="STRING"
                 description="relatedLines"
                 name="relatedLines"
                 ordinal="0"></FieldDefinition>
                <FieldDefinition
                 baseType="STRING"
                 description="relatedSite"
                 name="relatedSite"
                 ordinal="0"></FieldDefinition>
                <FieldDefinition
                 baseType="STRING"
                 description="serialNumber"
                 name="serialNumber"
                 ordinal="0"></FieldDefinition>
                <FieldDefinition
                 baseType="INTEGER"
                 description="status"
                 name="status"
                 ordinal="0"></FieldDefinition>
                <FieldDefinition
                 baseType="INTEGER"
                 description="statusCriticality"
                 name="statusCriticality"
                 ordinal="0"></FieldDefinition>
                <FieldDefinition
                 baseType="STRING"
                 description="statusOrder"
                 name="statusOrder"
                 ordinal="0"></FieldDefinition>
                <FieldDefinition
                 baseType="DATETIME"
                 description="statusTimestamp"
                 name="statusTimestamp"
                 ordinal="0"></FieldDefinition>
                <FieldDefinition
                 baseType="USERNAME"
                 description="UpdatedBy"
                 name="UpdatedBy"
                 ordinal="0"></FieldDefinition>
                <FieldDefinition
                 baseType="DATETIME"
                 description="UpdateTimestamp"
                 name="UpdateTimestamp"
                 ordinal="0"></FieldDefinition>
                <FieldDefinition
                 baseType="STRING"
                 description="actual status display name"
                 name="actualStatusDisplayName"
                 ordinal="0"></FieldDefinition>
            </FieldDefinitions>
        </DataShape>
    </DataShapes>
</Entities>
