<?xml version="1.0" encoding="UTF-8"?>
<Entities>
    <LocalizationTables>
        <LocalizationTable
         description="de localization table"
         homeMashup=""
         name="de"
         tags="PTC:factory-mv">
            <avatar></avatar>
            <DesignTimePermissions>
                <Create></Create>
                <Read></Read>
                <Update></Update>
                <Delete></Delete>
                <Metadata></Metadata>
            </DesignTimePermissions>
            <RunTimePermissions></RunTimePermissions>
            <VisibilityPermissions>
                <Visibility>
                    <Principal
                     isPermitted="true"
                     name="PTC.Factory.MachineVisibility"
                     type="Organization"></Principal>
                </Visibility>
            </VisibilityPermissions>
            <ConfigurationTables>
                <ConfigurationTable
                 description="Localization Tokens"
                 isMultiRow="true"
                 name="LocalizationTokens"
                 ordinal="0">
                    <DataShape>
                        <FieldDefinitions>
                            <FieldDefinition
                             aspect.friendlyName="Translation context"
                             baseType="STRING"
                             description="Translation context"
                             name="context"
                             ordinal="3"></FieldDefinition>
                            <FieldDefinition
                             aspect.friendlyName="Token name"
                             baseType="STRING"
                             description="Token name"
                             name="name"
                             ordinal="0"></FieldDefinition>
                            <FieldDefinition
                             aspect.friendlyName="Token usage"
                             baseType="STRING"
                             description="Token usage"
                             name="usage"
                             ordinal="2"></FieldDefinition>
                            <FieldDefinition
                             aspect.friendlyName="Localized value"
                             baseType="STRING"
                             description="Localized value"
                             name="value"
                             ordinal="1"></FieldDefinition>
                        </FieldDefinitions>
                    </DataShape>
                    <Rows>
                        <Row>
                            <name>
                            <![CDATA[
                            PTC.SCA.SCO.Alert.Event.Delete
                            ]]>
                            </name>
                            <value>
                            <![CDATA[
                            Gelöscht
                            ]]>
                            </value>
                        </Row>
                        <Row>
                            <name>
                            <![CDATA[
                            PTC.SCA.SCO.Alert.Event.Edit
                            ]]>
                            </name>
                            <value>
                            <![CDATA[
                            Bearbeitet
                            ]]>
                            </value>
                        </Row>
                        <Row>
                            <name>
                            <![CDATA[
                            PTC.SCA.SCO.Alert.Event.Create
                            ]]>
                            </name>
                            <value>
                            <![CDATA[
                            Erstellt
                            ]]>
                            </value>
                        </Row>
                        <Row>
                            <name>
                            <![CDATA[
                            PTC.SCA.SCO.AlertDefinition.NotEqualTo
                            ]]>
                            </name>
                            <value>
                            <![CDATA[
                            Nicht gleich
                            ]]>
                            </value>
                        </Row>
                        <Row>
                            <name>
                            <![CDATA[
                            PTC.SCA.SCO.AlertDefinition.EqualTo
                            ]]>
                            </name>
                            <value>
                            <![CDATA[
                            Gleich
                            ]]>
                            </value>
                        </Row>
                        <Row>
                            <name>
                            <![CDATA[
                            PTC.SCA.SCO.AlertDefinition.Above
                            ]]>
                            </name>
                            <value>
                            <![CDATA[
                            Oberhalb
                            ]]>
                            </value>
                        </Row>
                        <Row>
                            <name>
                            <![CDATA[
                            PTC.SCA.SCO.AlertDefinition.Below
                            ]]>
                            </name>
                            <value>
                            <![CDATA[
                            Unterhalb
                            ]]>
                            </value>
                        </Row>
                        <Row>
                            <name>
                            <![CDATA[
                            PTC.SCA.SCO.AlertDefinition.InRange
                            ]]>
                            </name>
                            <value>
                            <![CDATA[
                            Innerhalb des Bereichs
                            ]]>
                            </value>
                        </Row>
                        <Row>
                            <name>
                            <![CDATA[
                            PTC.SCA.SCO.AlertDefinition.OutOfRange
                            ]]>
                            </name>
                            <value>
                            <![CDATA[
                            Außerhalb des Bereichs
                            ]]>
                            </value>
                        </Row>
                        <Row>
                            <name>
                            <![CDATA[
                            PTC.SCA.SCO.AlertDefinition.DeviationAbove
                            ]]>
                            </name>
                            <value>
                            <![CDATA[
                            Abweichung nach oben
                            ]]>
                            </value>
                        </Row>
                        <Row>
                            <name>
                            <![CDATA[
                            PTC.SCA.SCO.AlertDefinition.DeviationBelow
                            ]]>
                            </name>
                            <value>
                            <![CDATA[
                            Abweichung nach unten
                            ]]>
                            </value>
                        </Row>
                        <Row>
                            <name>
                            <![CDATA[
                            PTC.SCA.SCO.AlertDefinition.InRange.minNolimit-maxNolimit
                            ]]>
                            </name>
                            <value>
                            <![CDATA[
                            {0} < Wert < {1}
                            ]]>
                            </value>
                        </Row>
                        <Row>
                            <name>
                            <![CDATA[
                            PTC.SCA.SCO.AlertDefinition.InRange.minNolimit-maxLimit
                            ]]>
                            </name>
                            <value>
                            <![CDATA[
                            {0} < Wert <= {1}
                            ]]>
                            </value>
                        </Row>
                        <Row>
                            <name>
                            <![CDATA[
                            PTC.SCA.SCO.AlertDefinition.InRange.minLimit-maxNolimit
                            ]]>
                            </name>
                            <value>
                            <![CDATA[
                            {0} <= Wert < {1}
                            ]]>
                            </value>
                        </Row>
                        <Row>
                            <name>
                            <![CDATA[
                            PTC.SCA.SCO.AlertDefinition.InRange.minLimit-maxLimit
                            ]]>
                            </name>
                            <value>
                            <![CDATA[
                            {0} <= Wert <= {1}
                            ]]>
                            </value>
                        </Row>
                        <Row>
                            <name>
                            <![CDATA[
                            PTC.SCA.SCO.AlertDefinition.OutOfRange.minNolimit-maxNolimit
                            ]]>
                            </name>
                            <value>
                            <![CDATA[
                            Wert < {0} oder Wert > {1}
                            ]]>
                            </value>
                        </Row>
                        <Row>
                            <name>
                            <![CDATA[
                            PTC.SCA.SCO.AlertDefinition.OutOfRange.minNolimit-maxLimit
                            ]]>
                            </name>
                            <value>
                            <![CDATA[
                            Wert < {0} oder Wert >= {1}
                            ]]>
                            </value>
                        </Row>
                        <Row>
                            <name>
                            <![CDATA[
                            PTC.SCA.SCO.AlertDefinition.OutOfRange.minLimit-maxNolimit
                            ]]>
                            </name>
                            <value>
                            <![CDATA[
                            Wert <= {0} oder Wert > {1}
                            ]]>
                            </value>
                        </Row>
                        <Row>
                            <name>
                            <![CDATA[
                            PTC.SCA.SCO.AlertDefinition.OutOfRange.minLimit-maxLimit
                            ]]>
                            </name>
                            <value>
                            <![CDATA[
                            Wert <= {0} oder Wert >= {1}
                            ]]>
                            </value>
                        </Row>
                        <Row>
                            <name>
                            <![CDATA[
                            PTC.SCA.SCO.AlertDefinition.DeviationAbove.nolimit
                            ]]>
                            </name>
                            <value>
                            <![CDATA[
                            (Wert - {0}) > {1} {2}
                            ]]>
                            </value>
                        </Row>
                        <Row>
                            <name>
                            <![CDATA[
                            PTC.SCA.SCO.AlertDefinition.DeviationAbove.limit
                            ]]>
                            </name>
                            <value>
                            <![CDATA[
                            (Wert - {0}) >= {1} {2}
                            ]]>
                            </value>
                        </Row>
                        <Row>
                            <name>
                            <![CDATA[
                            PTC.SCA.SCO.AlertDefinition.DeviationBelow.nolimit
                            ]]>
                            </name>
                            <value>
                            <![CDATA[
                            (Wert - {0}) < {1} {2}
                            ]]>
                            </value>
                        </Row>
                        <Row>
                            <name>
                            <![CDATA[
                            PTC.SCA.SCO.AlertDefinition.DeviationBelow.limit
                            ]]>
                            </name>
                            <value>
                            <![CDATA[
                            (Wert - {0}) <= {1} {2}
                            ]]>
                            </value>
                        </Row>
                        <Row>
                            <name>
                            <![CDATA[
                            PTC.SCA.SCO.AlertDefinition.Above.nolimit
                            ]]>
                            </name>
                            <value>
                            <![CDATA[
                            Wert ist > {0}
                            ]]>
                            </value>
                        </Row>
                        <Row>
                            <name>
                            <![CDATA[
                            PTC.SCA.SCO.AlertDefinition.Above.limit
                            ]]>
                            </name>
                            <value>
                            <![CDATA[
                            Wert ist >= {0}
                            ]]>
                            </value>
                        </Row>
                        <Row>
                            <name>
                            <![CDATA[
                            PTC.SCA.SCO.AlertDefinition.Below.nolimit
                            ]]>
                            </name>
                            <value>
                            <![CDATA[
                            Wert ist < {0}
                            ]]>
                            </value>
                        </Row>
                        <Row>
                            <name>
                            <![CDATA[
                            PTC.SCA.SCO.AlertDefinition.Below.limit
                            ]]>
                            </name>
                            <value>
                            <![CDATA[
                            Wert ist <= {0}
                            ]]>
                            </value>
                        </Row>
                        <Row>
                            <name>
                            <![CDATA[
                            PTC.SCA.SCO.AlertDefinition.EqualTo.def
                            ]]>
                            </name>
                            <value>
                            <![CDATA[
                            Wert ist = {0}
                            ]]>
                            </value>
                        </Row>
                        <Row>
                            <name>
                            <![CDATA[
                            PTC.SCA.SCO.AlertDefinition.NotEqualTo.def
                            ]]>
                            </name>
                            <value>
                            <![CDATA[
                            Wert ist != {0}
                            ]]>
                            </value>
                        </Row>
                        <Row>
                            <name>
                            <![CDATA[
                            PTC.SCA.SCO.AlertDefinition.Anomaly
                            ]]>
                            </name>
                            <value>
                            <![CDATA[
                            Anomalie
                            ]]>
                            </value>
                        </Row>
                        <Row>
                            <name>
                            <![CDATA[
                            PTC.SCA.SCO.AlertEvent.Alert
                            ]]>
                            </name>
                            <value>
                            <![CDATA[
                            Warnung
                            ]]>
                            </value>
                        </Row>
                        <Row>
                            <name>
                            <![CDATA[
                            PTC.SCA.SCO.AlertEvent.AlertReset
                            ]]>
                            </name>
                            <value>
                            <![CDATA[
                            Warnung zurückgesetzt
                            ]]>
                            </value>
                        </Row>
                        <Row>
                            <name>
                            <![CDATA[
                            PTC.SCA.SCO.AlertEvent.AlertAck
                            ]]>
                            </name>
                            <value>
                            <![CDATA[
                            Warnung bestätigt
                            ]]>
                            </value>
                        </Row>
                        <Row>
                            <name>
                            <![CDATA[
                            PTC.Factory.Alert.AlertEditorPageTitle
                            ]]>
                            </name>
                            <value>
                            <![CDATA[
                            WARNUNGSBEARBEITUNG: Tags
                            ]]>
                            </value>
                        </Row>
                        <Row>
                            <name>
                            <![CDATA[
                            PTC.Factory.Alert.Asset
                            ]]>
                            </name>
                            <value>
                            <![CDATA[
                            Asset
                            ]]>
                            </value>
                        </Row>
                        <Row>
                            <name>
                            <![CDATA[
                            PTC.Factory.Alert.AlertType
                            ]]>
                            </name>
                            <value>
                            <![CDATA[
                            Warnungstyp
                            ]]>
                            </value>
                        </Row>
                        <Row>
                            <name>
                            <![CDATA[
                            PTC.Factory.Alert.PropertySourceName
                            ]]>
                            </name>
                            <value>
                            <![CDATA[
                            Eigenschaft oder Quelle
                            ]]>
                            </value>
                        </Row>
                        <Row>
                            <name>
                            <![CDATA[
                            PTC.Factory.Alert.Definition
                            ]]>
                            </name>
                            <value>
                            <![CDATA[
                            Definition
                            ]]>
                            </value>
                        </Row>
                        <Row>
                            <name>
                            <![CDATA[
                            PTC.Factory.Alert.CurrentValue
                            ]]>
                            </name>
                            <value>
                            <![CDATA[
                            Aktueller Wert
                            ]]>
                            </value>
                        </Row>
                        <Row>
                            <name>
                            <![CDATA[
                            PTC.Factory.Alert.Activated
                            ]]>
                            </name>
                            <value>
                            <![CDATA[
                            Ausgelöst
                            ]]>
                            </value>
                        </Row>
                        <Row>
                            <name>
                            <![CDATA[
                            PTC.Factory.Alert.Value
                            ]]>
                            </name>
                            <value>
                            <![CDATA[
                            Wert
                            ]]>
                            </value>
                        </Row>
                        <Row>
                            <name>
                            <![CDATA[
                            PTC.Factory.Alert.ValueMandatory
                            ]]>
                            </name>
                            <value>
                            <![CDATA[
                            Wert *
                            ]]>
                            </value>
                        </Row>
                        <Row>
                            <name>
                            <![CDATA[
                            PTC.Factory.Alert.EditAlert
                            ]]>
                            </name>
                            <value>
                            <![CDATA[
                            WARNUNG BEARBEITEN
                            ]]>
                            </value>
                        </Row>
                        <Row>
                            <name>
                            <![CDATA[
                            PTC.Factory.Alert.AlertName
                            ]]>
                            </name>
                            <value>
                            <![CDATA[
                            Warnungsname
                            ]]>
                            </value>
                        </Row>
                        <Row>
                            <name>
                            <![CDATA[
                            PTC.Factory.Alert.AlertNameMandatory
                            ]]>
                            </name>
                            <value>
                            <![CDATA[
                            Warnungsname *
                            ]]>
                            </value>
                        </Row>
                        <Row>
                            <name>
                            <![CDATA[
                            PTC.Factory.Alert.AlertDescription
                            ]]>
                            </name>
                            <value>
                            <![CDATA[
                            Warnungsbeschreibung
                            ]]>
                            </value>
                        </Row>
                        <Row>
                            <name>
                            <![CDATA[
                            PTC.Factory.Alert.Description
                            ]]>
                            </name>
                            <value>
                            <![CDATA[
                            Beschreibung
                            ]]>
                            </value>
                        </Row>
                        <Row>
                            <name>
                            <![CDATA[
                            PTC.Factory.Alert.AlertDefinition
                            ]]>
                            </name>
                            <value>
                            <![CDATA[
                            Warnungsdefinition
                            ]]>
                            </value>
                        </Row>
                        <Row>
                            <name>
                            <![CDATA[
                            PTC.Factory.Alert.TagAndName
                            ]]>
                            </name>
                            <value>
                            <![CDATA[
                            Tag oder Eigenschaft: {0}
                            ]]>
                            </value>
                        </Row>
                        <Row>
                            <name>
                            <![CDATA[
                            PTC.Factory.Alert.TagDescription
                            ]]>
                            </name>
                            <value>
                            <![CDATA[
                            Beschreibung: {0}
                            ]]>
                            </value>
                        </Row>
                        <Row>
                            <name>
                            <![CDATA[
                            PTC.Factory.Alert.CreateAlertTooltip
                            ]]>
                            </name>
                            <value>
                            <![CDATA[
                            Neue Warnung
                            ]]>
                            </value>
                        </Row>
                        <Row>
                            <name>
                            <![CDATA[
                            PTC.Factory.Alert.EditAlertTooltip
                            ]]>
                            </name>
                            <value>
                            <![CDATA[
                            Warnung bearbeiten
                            ]]>
                            </value>
                        </Row>
                        <Row>
                            <name>
                            <![CDATA[
                            PTC.Factory.Alert.DeleteAlertTooltip
                            ]]>
                            </name>
                            <value>
                            <![CDATA[
                            Warnung löschen
                            ]]>
                            </value>
                        </Row>
                        <Row>
                            <name>
                            <![CDATA[
                            PTC.Factory.DeleteAlertLabel
                            ]]>
                            </name>
                            <value>
                            <![CDATA[
                            Möchten Sie {0} wirklich löschen?
                            ]]>
                            </value>
                        </Row>
                        <Row>
                            <name>
                            <![CDATA[
                            PTC.Factory.DeleteOverriddenAlert
                            ]]>
                            </name>
                            <value>
                            <![CDATA[
                            Diese Warnung überschreibt eine Warnung, die von der Dingvorlage für diesen Anlagentyp geerbt wurde. Wird diese Warnung gelöscht, so wird die geerbte Warnung reaktiviert.
                            
                            Möchten Sie diese Warnung wirklich löschen?
                            ]]>
                            </value>
                        </Row>
                        <Row>
                            <name>
                            <![CDATA[
                            PTC.Factory.DeleteTemplateAlert
                            ]]>
                            </name>
                            <value>
                            <![CDATA[
                            Diese Warnung ist auf einer Dingvorlage definiert. Wird diese Warnung gelöscht, so wird auch die geerbte Warnung aus allen Anlagen, die auf dieser Dingvorlage basieren, gelöscht. 
                            
                            Möchten Sie diese Warnung wirklich löschen?
                            ]]>
                            </value>
                        </Row>
                        <Row>
                            <name>
                            <![CDATA[
                            PTC.Factory.Alert.DeleteAlert
                            ]]>
                            </name>
                            <value>
                            <![CDATA[
                            WARNUNG LÖSCHEN
                            ]]>
                            </value>
                        </Row>
                        <Row>
                            <name>
                            <![CDATA[
                            PTC.Factory.Alert.SelectAlertTag
                            ]]>
                            </name>
                            <value>
                            <![CDATA[
                            TAG ODER EIGENSCHAFT AUSWÄHLEN
                            ]]>
                            </value>
                        </Row>
                        <Row>
                            <name>
                            <![CDATA[
                            PTC.Factory.Alert.SelectProperty
                            ]]>
                            </name>
                            <value>
                            <![CDATA[
                            EIGENSCHAFT AUSWÄHLEN
                            ]]>
                            </value>
                        </Row>
                        <Row>
                            <name>
                            <![CDATA[
                            PTC.Factory.Alert.CreateNewAlert
                            ]]>
                            </name>
                            <value>
                            <![CDATA[
                            NEUE WARNUNG ERSTELLEN
                            ]]>
                            </value>
                        </Row>
                        <Row>
                            <name>
                            <![CDATA[
                            PTC.SCA.Common.Alert.ALertDeliveryLabel
                            ]]>
                            </name>
                            <value>
                            <![CDATA[
                            Warnungslieferung
                            ]]>
                            </value>
                        </Row>
                        <Row>
                            <name>
                            <![CDATA[
                            PTC.SCA.Common.Alert.FindRecipientLabel
                            ]]>
                            </name>
                            <value>
                            <![CDATA[
                            Empfänger suchen
                            ]]>
                            </value>
                        </Row>
                        <Row>
                            <name>
                            <![CDATA[
                            PTC.SCA.Common.Alert.AddRecipientLabel
                            ]]>
                            </name>
                            <value>
                            <![CDATA[
                            Empfänger hinzufügen
                            ]]>
                            </value>
                        </Row>
                        <Row>
                            <name>
                            <![CDATA[
                            PTC.SCA.Common.Alert.AlertRecipientsLabel
                            ]]>
                            </name>
                            <value>
                            <![CDATA[
                            Warnungsempfänger
                            ]]>
                            </value>
                        </Row>
                        <Row>
                            <name>
                            <![CDATA[
                            PTC.SCA.Common.Alert.RecipientTypeLabel
                            ]]>
                            </name>
                            <value>
                            <![CDATA[
                            Typ
                            ]]>
                            </value>
                        </Row>
                        <Row>
                            <name>
                            <![CDATA[
                            PTC.SCA.Common.Alert.RecipientNameLabel
                            ]]>
                            </name>
                            <value>
                            <![CDATA[
                            Name
                            ]]>
                            </value>
                        </Row>
                        <Row>
                            <name>
                            <![CDATA[
                            PTC.SCA.Common.Alert.RecipientEmailLabel
                            ]]>
                            </name>
                            <value>
                            <![CDATA[
                            E-Mail
                            ]]>
                            </value>
                        </Row>
                        <Row>
                            <name>
                            <![CDATA[
                            PTC.SCA.Common.Alert.RecipientMobileLabel
                            ]]>
                            </name>
                            <value>
                            <![CDATA[
                            Telefon (mobil)
                            ]]>
                            </value>
                        </Row>
                        <Row>
                            <name>
                            <![CDATA[
                            PTC.Factory.Error.AlertAlreadyExists
                            ]]>
                            </name>
                            <value>
                            <![CDATA[
                            Eine Warnung mit diesem Namen ist bereits vorhanden für diese Eigenschaft.
                            ]]>
                            </value>
                        </Row>
                        <Row>
                            <name>
                            <![CDATA[
                            PTC.Factory.Error.ValueIsNull
                            ]]>
                            </name>
                            <value>
                            <![CDATA[
                            Wert für diesen Typ darf nicht Null sein.
                            ]]>
                            </value>
                        </Row>
                        <Row>
                            <name>
                            <![CDATA[
                            PTC.Factory.Error.ValueMustBeNumerical
                            ]]>
                            </name>
                            <value>
                            <![CDATA[
                            Wert muss eine Zahl sein.
                            ]]>
                            </value>
                        </Row>
                        <Row>
                            <name>
                            <![CDATA[
                            PTC.Factory.Error.InvalidName
                            ]]>
                            </name>
                            <value>
                            <![CDATA[
                            Der Name enthält unzulässige Zeichen. Entfernen Sie alle Leerzeichen, Sonderzeichen oder Zahlen am Anfang des Namens. Striche, Unterstriche und Zahlen im Namen oder am Ende des Namens sind erlaubt. Bei Namen muss die Groß-/Kleinschreibung beachtet werden.
                            ]]>
                            </value>
                        </Row>
                        <Row>
                            <name>
                            <![CDATA[
                            PTC.Factory.Error.InvalidAlertName
                            ]]>
                            </name>
                            <value>
                            <![CDATA[
                            Warnungsnamen dürfen keine Leerzeichen oder Sonderzeichen enthalten und dürfen nicht mit einer Zahl beginnen. Zahlen am Ende des Namens sind erlaubt. Bei Namen muss die Groß-/Kleinschreibung beachtet werden.
                            ]]>
                            </value>
                        </Row>
                        <Row>
                            <name>
                            <![CDATA[
                            PTC.Factory.AlertSummary
                            ]]>
                            </name>
                            <value>
                            <![CDATA[
                            Warnungszusammenfassung
                            ]]>
                            </value>
                        </Row>
                        <Row>
                            <name>
                            <![CDATA[
                            PTC.Factory.AlertMonitor.Summary
                            ]]>
                            </name>
                            <value>
                            <![CDATA[
                            Zusammenfassung
                            ]]>
                            </value>
                        </Row>
                        <Row>
                            <name>
                            <![CDATA[
                            PTC.Factory.AlertMonitor.History
                            ]]>
                            </name>
                            <value>
                            <![CDATA[
                            Verlauf
                            ]]>
                            </value>
                        </Row>
                        <Row>
                            <name>
                            <![CDATA[
                            PTC.Factory.AlertMonitor.AlertMonitorTitle
                            ]]>
                            </name>
                            <value>
                            <![CDATA[
                            WARNUNGSMONITOR: {0}
                            ]]>
                            </value>
                        </Row>
                        <Row>
                            <name>
                            <![CDATA[
                            PTC.Factory.AlertMonitor.AllAlerts
                            ]]>
                            </name>
                            <value>
                            <![CDATA[
                            Alle Warnungen
                            ]]>
                            </value>
                        </Row>
                        <Row>
                            <name>
                            <![CDATA[
                            PTC.Factory.AlertMonitor.Name
                            ]]>
                            </name>
                            <value>
                            <![CDATA[
                            Name
                            ]]>
                            </value>
                        </Row>
                        <Row>
                            <name>
                            <![CDATA[
                            PTC.Factory.AlertMonitor.SourceProperty
                            ]]>
                            </name>
                            <value>
                            <![CDATA[
                            Quelleigenschaft
                            ]]>
                            </value>
                        </Row>
                        <Row>
                            <name>
                            <![CDATA[
                            PTC.Factory.AlertMonitor.Source
                            ]]>
                            </name>
                            <value>
                            <![CDATA[
                            Quelle
                            ]]>
                            </value>
                        </Row>
                        <Row>
                            <name>
                            <![CDATA[
                            PTC.Factory.AlertMonitor.TimeStamp
                            ]]>
                            </name>
                            <value>
                            <![CDATA[
                            Zeitstempel
                            ]]>
                            </value>
                        </Row>
                        <Row>
                            <name>
                            <![CDATA[
                            PTC.Factory.AlertMonitor.AlertType
                            ]]>
                            </name>
                            <value>
                            <![CDATA[
                            Warnungstyp
                            ]]>
                            </value>
                        </Row>
                        <Row>
                            <name>
                            <![CDATA[
                            PTC.Factory.AlertMonitor.Duration
                            ]]>
                            </name>
                            <value>
                            <![CDATA[
                            Dauer
                            ]]>
                            </value>
                        </Row>
                        <Row>
                            <name>
                            <![CDATA[
                            PTC.Factory.AlertMonitor.Message
                            ]]>
                            </name>
                            <value>
                            <![CDATA[
                            Meldung
                            ]]>
                            </value>
                        </Row>
                        <Row>
                            <name>
                            <![CDATA[
                            PTC.Factory.AlertMonitor.Description
                            ]]>
                            </name>
                            <value>
                            <![CDATA[
                            Beschreibung
                            ]]>
                            </value>
                        </Row>
                        <Row>
                            <name>
                            <![CDATA[
                            PTC.Factory.AlertMonitor.Priority
                            ]]>
                            </name>
                            <value>
                            <![CDATA[
                            Priorität
                            ]]>
                            </value>
                        </Row>
                        <Row>
                            <name>
                            <![CDATA[
                            PTC.Factory.AlertMonitor.Acknowledged
                            ]]>
                            </name>
                            <value>
                            <![CDATA[
                            Bestätigt
                            ]]>
                            </value>
                        </Row>
                        <Row>
                            <name>
                            <![CDATA[
                            PTC.Factory.AlertMonitor.AcknowledgedBy
                            ]]>
                            </name>
                            <value>
                            <![CDATA[
                            Bestätigt von
                            ]]>
                            </value>
                        </Row>
                        <Row>
                            <name>
                            <![CDATA[
                            PTC.Factory.AlertMonitor.AcknowledgedTimeStamp
                            ]]>
                            </name>
                            <value>
                            <![CDATA[
                            Bestätigter Zeitstempel
                            ]]>
                            </value>
                        </Row>
                        <Row>
                            <name>
                            <![CDATA[
                            PTC.Factory.AlertMonitor.AcknowledgeComment
                            ]]>
                            </name>
                            <value>
                            <![CDATA[
                            Bestätigungskommentar
                            ]]>
                            </value>
                        </Row>
                        <Row>
                            <name>
                            <![CDATA[
                            PTC.Factory.AlertMonitor.EventName
                            ]]>
                            </name>
                            <value>
                            <![CDATA[
                            Ereignisname
                            ]]>
                            </value>
                        </Row>
                        <Row>
                            <name>
                            <![CDATA[
                            PTC.Factory.AlertMonitor.Location
                            ]]>
                            </name>
                            <value>
                            <![CDATA[
                            Ort
                            ]]>
                            </value>
                        </Row>
                        <Row>
                            <name>
                            <![CDATA[
                            PTC.Factory.AlertMonitor.Id
                            ]]>
                            </name>
                            <value>
                            <![CDATA[
                            ID
                            ]]>
                            </value>
                        </Row>
                        <Row>
                            <name>
                            <![CDATA[
                            PTC.Factory.AlertMonitor.SourceType
                            ]]>
                            </name>
                            <value>
                            <![CDATA[
                            Quelltyp
                            ]]>
                            </value>
                        </Row>
                        <Row>
                            <name>
                            <![CDATA[
                            PTC.Factory.AlertMonitor.Alert
                            ]]>
                            </name>
                            <value>
                            <![CDATA[
                            Warnung: {0}
                            ]]>
                            </value>
                        </Row>
                        <Row>
                            <name>
                            <![CDATA[
                            PTC.Factory.AlertMonitor.Details
                            ]]>
                            </name>
                            <value>
                            <![CDATA[
                            Details
                            ]]>
                            </value>
                        </Row>
                        <Row>
                            <name>
                            <![CDATA[
                            PTC.Factory.AlertMonitor.AcknowledgeAlertsTitle
                            ]]>
                            </name>
                            <value>
                            <![CDATA[
                            WARNUNGEN BESTÄTIGEN
                            ]]>
                            </value>
                        </Row>
                        <Row>
                            <name>
                            <![CDATA[
                            PTC.Factory.AlertMonitor.AcknowledgeAlerts
                            ]]>
                            </name>
                            <value>
                            <![CDATA[
                            Warnungen bestätigen
                            ]]>
                            </value>
                        </Row>
                        <Row>
                            <name>
                            <![CDATA[
                            PTC.Factory.AlertMonitor.AcknowledgeAllAlerts
                            ]]>
                            </name>
                            <value>
                            <![CDATA[
                            Alle Warnungen bestätigen
                            ]]>
                            </value>
                        </Row>
                        <Row>
                            <name>
                            <![CDATA[
                            PTC.Factory.AlertMonitor.AcknowledgeSelectedAlerts
                            ]]>
                            </name>
                            <value>
                            <![CDATA[
                            Ausgewählte Warnung bestätigen
                            ]]>
                            </value>
                        </Row>
                        <Row>
                            <name>
                            <![CDATA[
                            PTC.Factory.AlertMonitor.IgnoreAcknowledgeForNonActiveAlert
                            ]]>
                            </name>
                            <value>
                            <![CDATA[
                            Die Warnung ist nicht länger aktiv. Ihr Bestätigungskommentar wurde nicht angewendet.
                            ]]>
                            </value>
                        </Row>
                        <Row>
                            <name>
                            <![CDATA[
                            PTC.Factory.AlertMonitor.MyAlertsOnly
                            ]]>
                            </name>
                            <value>
                            <![CDATA[
                            Nur meine Warnungen anzeigen
                            ]]>
                            </value>
                        </Row>
                        <Row>
                            <name>
                            <![CDATA[
                            PTC.Factory.AlertMonitor.AlertRecipients
                            ]]>
                            </name>
                            <value>
                            <![CDATA[
                            Warnungsempfänger
                            ]]>
                            </value>
                        </Row>
                        <Row>
                            <name>
                            <![CDATA[
                            PTC.Factory.AlertEditor.IntegerValueOutOfRange
                            ]]>
                            </name>
                            <value>
                            <![CDATA[
                            Wert lag außerhalb des Bereichs (zwischen -2,147,483,648 und 2,147,483,647).
                            ]]>
                            </value>
                        </Row>
                        <Row>
                            <name>
                            <![CDATA[
                            PTC.SCA.Common.Alert.DeleteRecipientTooltip
                            ]]>
                            </name>
                            <value>
                            <![CDATA[
                            Empfänger entfernen
                            ]]>
                            </value>
                        </Row>
                        <Row>
                            <name>
                            <![CDATA[
                            PTC.SCA.Common.Language.English
                            ]]>
                            </name>
                            <value>
                            <![CDATA[
                            Englisch
                            ]]>
                            </value>
                        </Row>
                        <Row>
                            <name>
                            <![CDATA[
                            PTC.SCA.Common.Language.Japanese
                            ]]>
                            </name>
                            <value>
                            <![CDATA[
                            Japanisch
                            ]]>
                            </value>
                        </Row>
                        <Row>
                            <name>
                            <![CDATA[
                            PTC.SCA.Common.Language.German
                            ]]>
                            </name>
                            <value>
                            <![CDATA[
                            Deutsch
                            ]]>
                            </value>
                        </Row>
                        <Row>
                            <name>
                            <![CDATA[
                            PTC.SCA.Common.Language.SimplifiedChinese
                            ]]>
                            </name>
                            <value>
                            <![CDATA[
                            Vereinfachtes Chinesisch
                            ]]>
                            </value>
                        </Row>
                        <Row>
                            <name>
                            <![CDATA[
                            PTC.SCA.Common.Language.French
                            ]]>
                            </name>
                            <value>
                            <![CDATA[
                            Französisch
                            ]]>
                            </value>
                        </Row>
                        <Row>
                            <name>
                            <![CDATA[
                            PTC.SCA.Common.Language.Italian
                            ]]>
                            </name>
                            <value>
                            <![CDATA[
                            Italienisch
                            ]]>
                            </value>
                        </Row>
                        <Row>
                            <name>
                            <![CDATA[
                            PTC.SCA.Common.Language.Korean
                            ]]>
                            </name>
                            <value>
                            <![CDATA[
                            Koreanisch
                            ]]>
                            </value>
                        </Row>
                        <Row>
                            <name>
                            <![CDATA[
                            PTC.SCA.Common.Language.Spanish
                            ]]>
                            </name>
                            <value>
                            <![CDATA[
                            Spanisch
                            ]]>
                            </value>
                        </Row>
                        <Row>
                            <name>
                            <![CDATA[
                            PTC.SCA.Common.Language.TraditionalChinese
                            ]]>
                            </name>
                            <value>
                            <![CDATA[
                            Traditionelles Chinesisch
                            ]]>
                            </value>
                        </Row>
                        <Row>
                            <name>
                            <![CDATA[
                            PTC.SCA.Common.Language.Russian
                            ]]>
                            </name>
                            <value>
                            <![CDATA[
                            Russisch
                            ]]>
                            </value>
                        </Row>
                        <Row>
                            <name>
                            <![CDATA[
                            PTC.Factory.Highest
                            ]]>
                            </name>
                            <value>
                            <![CDATA[
                            Höchste
                            ]]>
                            </value>
                        </Row>
                        <Row>
                            <name>
                            <![CDATA[
                            PTC.Factory.Lowest
                            ]]>
                            </name>
                            <value>
                            <![CDATA[
                            Niedrigste
                            ]]>
                            </value>
                        </Row>
                        <Row>
                            <name>
                            <![CDATA[
                            PTC.Factory.Alert.OverrideHelpText
                            ]]>
                            </name>
                            <value>
                            <![CDATA[
                            <span style='color:#232B2D'>Diese Warnung wurde von der Dingvorlage für diesen Anlagentyp geerbt. Wählen Sie <b>Überschreiben</b> aus, um diese Warnung zu bearbeiten und speichern Sie sie anschließend als neue Warnung für diesen Ausrüstungsgegenstand.</span>
                            ]]>
                            </value>
                        </Row>
                        <Row>
                            <name>
                            <![CDATA[
                            PTC.Factory.Alert.OverrideWithColon
                            ]]>
                            </name>
                            <value>
                            <![CDATA[
                            Überschreiben:
                            ]]>
                            </value>
                        </Row>
                        <Row>
                            <name>
                            <![CDATA[
                            PTC.SCA.SCO.AlertMonitor.FilterHeader
                            ]]>
                            </name>
                            <value>
                            <![CDATA[
                            Strukturfilter
                            ]]>
                            </value>
                        </Row>
                        <Row>
                            <name>
                            <![CDATA[
                            PTC.SCA.SCO.EnableAlertRollup
                            ]]>
                            </name>
                            <value>
                            <![CDATA[
                            Rollup für aktive Warnungsanzahl ausführen
                            ]]>
                            </value>
                        </Row>
                        <Row>
                            <name>
                            <![CDATA[
                            PTC.SCA.SCO.HaveNoRuntimeWritePermission
                            ]]>
                            </name>
                            <value>
                            <![CDATA[
                            Sie verfügen nicht über die notwendige Berechtigung zum Ändern dieser Anlage.
                            ]]>
                            </value>
                        </Row>
                    </Rows>
                </ConfigurationTable>
            </ConfigurationTables>
        </LocalizationTable>
    </LocalizationTables>
</Entities>
