<?xml version="1.0" encoding="UTF-8"?>
<Entities>
    <LocalizationTables>
        <LocalizationTable
         description="es localization table"
         homeMashup=""
         name="es"
         tags="PTC:factory-mv">
            <avatar></avatar>
            <DesignTimePermissions>
                <Create></Create>
                <Read></Read>
                <Update></Update>
                <Delete></Delete>
                <Metadata></Metadata>
            </DesignTimePermissions>
            <RunTimePermissions></RunTimePermissions>
            <VisibilityPermissions>
                <Visibility>
                    <Principal
                     isPermitted="true"
                     name="PTC.Factory.MachineVisibility"
                     type="Organization"></Principal>
                </Visibility>
            </VisibilityPermissions>
            <ConfigurationTables>
                <ConfigurationTable
                 description="Localization Tokens"
                 isMultiRow="true"
                 name="LocalizationTokens"
                 ordinal="0">
                    <DataShape>
                        <FieldDefinitions>
                            <FieldDefinition
                             aspect.friendlyName="Translation context"
                             baseType="STRING"
                             description="Translation context"
                             name="context"
                             ordinal="3"></FieldDefinition>
                            <FieldDefinition
                             aspect.friendlyName="Token name"
                             baseType="STRING"
                             description="Token name"
                             name="name"
                             ordinal="0"></FieldDefinition>
                            <FieldDefinition
                             aspect.friendlyName="Token usage"
                             baseType="STRING"
                             description="Token usage"
                             name="usage"
                             ordinal="2"></FieldDefinition>
                            <FieldDefinition
                             aspect.friendlyName="Localized value"
                             baseType="STRING"
                             description="Localized value"
                             name="value"
                             ordinal="1"></FieldDefinition>
                        </FieldDefinitions>
                    </DataShape>
                    <Rows>
                        <Row>
                            <name>
                            <![CDATA[
                            PTC.SCA.SCO.Alert.Event.Delete
                            ]]>
                            </name>
                            <value>
                            <![CDATA[
                            Borrado
                            ]]>
                            </value>
                        </Row>
                        <Row>
                            <name>
                            <![CDATA[
                            PTC.SCA.SCO.Alert.Event.Edit
                            ]]>
                            </name>
                            <value>
                            <![CDATA[
                            Editado
                            ]]>
                            </value>
                        </Row>
                        <Row>
                            <name>
                            <![CDATA[
                            PTC.SCA.SCO.Alert.Event.Create
                            ]]>
                            </name>
                            <value>
                            <![CDATA[
                            Creado
                            ]]>
                            </value>
                        </Row>
                        <Row>
                            <name>
                            <![CDATA[
                            PTC.SCA.SCO.AlertDefinition.NotEqualTo
                            ]]>
                            </name>
                            <value>
                            <![CDATA[
                            No igual a
                            ]]>
                            </value>
                        </Row>
                        <Row>
                            <name>
                            <![CDATA[
                            PTC.SCA.SCO.AlertDefinition.EqualTo
                            ]]>
                            </name>
                            <value>
                            <![CDATA[
                            Igual a
                            ]]>
                            </value>
                        </Row>
                        <Row>
                            <name>
                            <![CDATA[
                            PTC.SCA.SCO.AlertDefinition.Above
                            ]]>
                            </name>
                            <value>
                            <![CDATA[
                            Por encima
                            ]]>
                            </value>
                        </Row>
                        <Row>
                            <name>
                            <![CDATA[
                            PTC.SCA.SCO.AlertDefinition.Below
                            ]]>
                            </name>
                            <value>
                            <![CDATA[
                            Por debajo
                            ]]>
                            </value>
                        </Row>
                        <Row>
                            <name>
                            <![CDATA[
                            PTC.SCA.SCO.AlertDefinition.InRange
                            ]]>
                            </name>
                            <value>
                            <![CDATA[
                            En el rango
                            ]]>
                            </value>
                        </Row>
                        <Row>
                            <name>
                            <![CDATA[
                            PTC.SCA.SCO.AlertDefinition.OutOfRange
                            ]]>
                            </name>
                            <value>
                            <![CDATA[
                            Fuera del rango
                            ]]>
                            </value>
                        </Row>
                        <Row>
                            <name>
                            <![CDATA[
                            PTC.SCA.SCO.AlertDefinition.DeviationAbove
                            ]]>
                            </name>
                            <value>
                            <![CDATA[
                            Desviación superior
                            ]]>
                            </value>
                        </Row>
                        <Row>
                            <name>
                            <![CDATA[
                            PTC.SCA.SCO.AlertDefinition.DeviationBelow
                            ]]>
                            </name>
                            <value>
                            <![CDATA[
                            Desviación inferior
                            ]]>
                            </value>
                        </Row>
                        <Row>
                            <name>
                            <![CDATA[
                            PTC.SCA.SCO.AlertDefinition.InRange.minNolimit-maxNolimit
                            ]]>
                            </name>
                            <value>
                            <![CDATA[
                            {0} < valor < {1}
                            ]]>
                            </value>
                        </Row>
                        <Row>
                            <name>
                            <![CDATA[
                            PTC.SCA.SCO.AlertDefinition.InRange.minNolimit-maxLimit
                            ]]>
                            </name>
                            <value>
                            <![CDATA[
                            {0} < valor <= {1}
                            ]]>
                            </value>
                        </Row>
                        <Row>
                            <name>
                            <![CDATA[
                            PTC.SCA.SCO.AlertDefinition.InRange.minLimit-maxNolimit
                            ]]>
                            </name>
                            <value>
                            <![CDATA[
                            {0} <= valor < {1}
                            ]]>
                            </value>
                        </Row>
                        <Row>
                            <name>
                            <![CDATA[
                            PTC.SCA.SCO.AlertDefinition.InRange.minLimit-maxLimit
                            ]]>
                            </name>
                            <value>
                            <![CDATA[
                            {0} <= valor <= {1}
                            ]]>
                            </value>
                        </Row>
                        <Row>
                            <name>
                            <![CDATA[
                            PTC.SCA.SCO.AlertDefinition.OutOfRange.minNolimit-maxNolimit
                            ]]>
                            </name>
                            <value>
                            <![CDATA[
                            valor < {0} o valor > {1}
                            ]]>
                            </value>
                        </Row>
                        <Row>
                            <name>
                            <![CDATA[
                            PTC.SCA.SCO.AlertDefinition.OutOfRange.minNolimit-maxLimit
                            ]]>
                            </name>
                            <value>
                            <![CDATA[
                            valor < {0} o valor >= {1}
                            ]]>
                            </value>
                        </Row>
                        <Row>
                            <name>
                            <![CDATA[
                            PTC.SCA.SCO.AlertDefinition.OutOfRange.minLimit-maxNolimit
                            ]]>
                            </name>
                            <value>
                            <![CDATA[
                            valor <= {0} o valor > {1}
                            ]]>
                            </value>
                        </Row>
                        <Row>
                            <name>
                            <![CDATA[
                            PTC.SCA.SCO.AlertDefinition.OutOfRange.minLimit-maxLimit
                            ]]>
                            </name>
                            <value>
                            <![CDATA[
                            valor <= {0} o valor >= {1}
                            ]]>
                            </value>
                        </Row>
                        <Row>
                            <name>
                            <![CDATA[
                            PTC.SCA.SCO.AlertDefinition.DeviationAbove.nolimit
                            ]]>
                            </name>
                            <value>
                            <![CDATA[
                            (valor - {0}) > {1} {2}
                            ]]>
                            </value>
                        </Row>
                        <Row>
                            <name>
                            <![CDATA[
                            PTC.SCA.SCO.AlertDefinition.DeviationAbove.limit
                            ]]>
                            </name>
                            <value>
                            <![CDATA[
                            (valor - {0}) >= {1} {2}
                            ]]>
                            </value>
                        </Row>
                        <Row>
                            <name>
                            <![CDATA[
                            PTC.SCA.SCO.AlertDefinition.DeviationBelow.nolimit
                            ]]>
                            </name>
                            <value>
                            <![CDATA[
                            (valor - {0}) < {1} {2}
                            ]]>
                            </value>
                        </Row>
                        <Row>
                            <name>
                            <![CDATA[
                            PTC.SCA.SCO.AlertDefinition.DeviationBelow.limit
                            ]]>
                            </name>
                            <value>
                            <![CDATA[
                            (valor - {0}) <= {1} {2}
                            ]]>
                            </value>
                        </Row>
                        <Row>
                            <name>
                            <![CDATA[
                            PTC.SCA.SCO.AlertDefinition.Above.nolimit
                            ]]>
                            </name>
                            <value>
                            <![CDATA[
                            valor es > {0}
                            ]]>
                            </value>
                        </Row>
                        <Row>
                            <name>
                            <![CDATA[
                            PTC.SCA.SCO.AlertDefinition.Above.limit
                            ]]>
                            </name>
                            <value>
                            <![CDATA[
                            valor es >= {0}
                            ]]>
                            </value>
                        </Row>
                        <Row>
                            <name>
                            <![CDATA[
                            PTC.SCA.SCO.AlertDefinition.Below.nolimit
                            ]]>
                            </name>
                            <value>
                            <![CDATA[
                            valor es < {0}
                            ]]>
                            </value>
                        </Row>
                        <Row>
                            <name>
                            <![CDATA[
                            PTC.SCA.SCO.AlertDefinition.Below.limit
                            ]]>
                            </name>
                            <value>
                            <![CDATA[
                            valor es <= {0}
                            ]]>
                            </value>
                        </Row>
                        <Row>
                            <name>
                            <![CDATA[
                            PTC.SCA.SCO.AlertDefinition.EqualTo.def
                            ]]>
                            </name>
                            <value>
                            <![CDATA[
                            valor es = {0}
                            ]]>
                            </value>
                        </Row>
                        <Row>
                            <name>
                            <![CDATA[
                            PTC.SCA.SCO.AlertDefinition.NotEqualTo.def
                            ]]>
                            </name>
                            <value>
                            <![CDATA[
                            valor es != {0}
                            ]]>
                            </value>
                        </Row>
                        <Row>
                            <name>
                            <![CDATA[
                            PTC.SCA.SCO.AlertDefinition.Anomaly
                            ]]>
                            </name>
                            <value>
                            <![CDATA[
                            Anomalía
                            ]]>
                            </value>
                        </Row>
                        <Row>
                            <name>
                            <![CDATA[
                            PTC.SCA.SCO.AlertEvent.Alert
                            ]]>
                            </name>
                            <value>
                            <![CDATA[
                            Alerta
                            ]]>
                            </value>
                        </Row>
                        <Row>
                            <name>
                            <![CDATA[
                            PTC.SCA.SCO.AlertEvent.AlertReset
                            ]]>
                            </name>
                            <value>
                            <![CDATA[
                            Alerta redefinida
                            ]]>
                            </value>
                        </Row>
                        <Row>
                            <name>
                            <![CDATA[
                            PTC.SCA.SCO.AlertEvent.AlertAck
                            ]]>
                            </name>
                            <value>
                            <![CDATA[
                            Alerta confirmada
                            ]]>
                            </value>
                        </Row>
                        <Row>
                            <name>
                            <![CDATA[
                            PTC.Factory.Alert.AlertEditorPageTitle
                            ]]>
                            </name>
                            <value>
                            <![CDATA[
                            EDICIÓN DE ALERTAS:  Etiquetas
                            ]]>
                            </value>
                        </Row>
                        <Row>
                            <name>
                            <![CDATA[
                            PTC.Factory.Alert.Asset
                            ]]>
                            </name>
                            <value>
                            <![CDATA[
                            Activo
                            ]]>
                            </value>
                        </Row>
                        <Row>
                            <name>
                            <![CDATA[
                            PTC.Factory.Alert.AlertType
                            ]]>
                            </name>
                            <value>
                            <![CDATA[
                            Tipo de alerta
                            ]]>
                            </value>
                        </Row>
                        <Row>
                            <name>
                            <![CDATA[
                            PTC.Factory.Alert.PropertySourceName
                            ]]>
                            </name>
                            <value>
                            <![CDATA[
                            Propiedad u origen
                            ]]>
                            </value>
                        </Row>
                        <Row>
                            <name>
                            <![CDATA[
                            PTC.Factory.Alert.Definition
                            ]]>
                            </name>
                            <value>
                            <![CDATA[
                            Definición
                            ]]>
                            </value>
                        </Row>
                        <Row>
                            <name>
                            <![CDATA[
                            PTC.Factory.Alert.CurrentValue
                            ]]>
                            </name>
                            <value>
                            <![CDATA[
                            Valor actual
                            ]]>
                            </value>
                        </Row>
                        <Row>
                            <name>
                            <![CDATA[
                            PTC.Factory.Alert.Activated
                            ]]>
                            </name>
                            <value>
                            <![CDATA[
                            Desencadenada
                            ]]>
                            </value>
                        </Row>
                        <Row>
                            <name>
                            <![CDATA[
                            PTC.Factory.Alert.Value
                            ]]>
                            </name>
                            <value>
                            <![CDATA[
                            Valor
                            ]]>
                            </value>
                        </Row>
                        <Row>
                            <name>
                            <![CDATA[
                            PTC.Factory.Alert.ValueMandatory
                            ]]>
                            </name>
                            <value>
                            <![CDATA[
                            Valor *
                            ]]>
                            </value>
                        </Row>
                        <Row>
                            <name>
                            <![CDATA[
                            PTC.Factory.Alert.EditAlert
                            ]]>
                            </name>
                            <value>
                            <![CDATA[
                            EDITAR ALERTA
                            ]]>
                            </value>
                        </Row>
                        <Row>
                            <name>
                            <![CDATA[
                            PTC.Factory.Alert.AlertName
                            ]]>
                            </name>
                            <value>
                            <![CDATA[
                            Nombre de la alerta
                            ]]>
                            </value>
                        </Row>
                        <Row>
                            <name>
                            <![CDATA[
                            PTC.Factory.Alert.AlertNameMandatory
                            ]]>
                            </name>
                            <value>
                            <![CDATA[
                            Nombre de la alerta *
                            ]]>
                            </value>
                        </Row>
                        <Row>
                            <name>
                            <![CDATA[
                            PTC.Factory.Alert.AlertDescription
                            ]]>
                            </name>
                            <value>
                            <![CDATA[
                            Descripción de la alerta
                            ]]>
                            </value>
                        </Row>
                        <Row>
                            <name>
                            <![CDATA[
                            PTC.Factory.Alert.Description
                            ]]>
                            </name>
                            <value>
                            <![CDATA[
                            Descripción
                            ]]>
                            </value>
                        </Row>
                        <Row>
                            <name>
                            <![CDATA[
                            PTC.Factory.Alert.AlertDefinition
                            ]]>
                            </name>
                            <value>
                            <![CDATA[
                            Definición de la alerta
                            ]]>
                            </value>
                        </Row>
                        <Row>
                            <name>
                            <![CDATA[
                            PTC.Factory.Alert.TagAndName
                            ]]>
                            </name>
                            <value>
                            <![CDATA[
                            Etiqueta o propiedad: {0}
                            ]]>
                            </value>
                        </Row>
                        <Row>
                            <name>
                            <![CDATA[
                            PTC.Factory.Alert.TagDescription
                            ]]>
                            </name>
                            <value>
                            <![CDATA[
                            Descripción: {0}
                            ]]>
                            </value>
                        </Row>
                        <Row>
                            <name>
                            <![CDATA[
                            PTC.Factory.Alert.CreateAlertTooltip
                            ]]>
                            </name>
                            <value>
                            <![CDATA[
                            Nueva alerta
                            ]]>
                            </value>
                        </Row>
                        <Row>
                            <name>
                            <![CDATA[
                            PTC.Factory.Alert.EditAlertTooltip
                            ]]>
                            </name>
                            <value>
                            <![CDATA[
                            Editar alerta
                            ]]>
                            </value>
                        </Row>
                        <Row>
                            <name>
                            <![CDATA[
                            PTC.Factory.Alert.DeleteAlertTooltip
                            ]]>
                            </name>
                            <value>
                            <![CDATA[
                            Borrar alerta
                            ]]>
                            </value>
                        </Row>
                        <Row>
                            <name>
                            <![CDATA[
                            PTC.Factory.DeleteAlertLabel
                            ]]>
                            </name>
                            <value>
                            <![CDATA[
                            ¿Desea borrar {0}?
                            ]]>
                            </value>
                        </Row>
                        <Row>
                            <name>
                            <![CDATA[
                            PTC.Factory.DeleteOverriddenAlert
                            ]]>
                            </name>
                            <value>
                            <![CDATA[
                            Esta alerta corrige una alerta heredada de la plantilla de cosa para este tipo de equipo. Si borra esta alerta, se restablecerá la alerta heredada.
                            
                             ¿Desea borrar esta alerta?
                            ]]>
                            </value>
                        </Row>
                        <Row>
                            <name>
                            <![CDATA[
                            PTC.Factory.DeleteTemplateAlert
                            ]]>
                            </name>
                            <value>
                            <![CDATA[
                            Esta alerta se ha definido en una plantilla de cosa. Si borra esta alerta, también se borrará la alerta heredada del equipo global en función de la plantilla de cosa. 
                            
                             ¿Desea borrar esta alerta?
                            ]]>
                            </value>
                        </Row>
                        <Row>
                            <name>
                            <![CDATA[
                            PTC.Factory.Alert.DeleteAlert
                            ]]>
                            </name>
                            <value>
                            <![CDATA[
                            BORRAR ALERTA
                            ]]>
                            </value>
                        </Row>
                        <Row>
                            <name>
                            <![CDATA[
                            PTC.Factory.Alert.SelectAlertTag
                            ]]>
                            </name>
                            <value>
                            <![CDATA[
                            SELECCIONAR ETIQUETA O PROPIEDAD
                            ]]>
                            </value>
                        </Row>
                        <Row>
                            <name>
                            <![CDATA[
                            PTC.Factory.Alert.SelectProperty
                            ]]>
                            </name>
                            <value>
                            <![CDATA[
                            SELECCIONAR PROPIEDAD
                            ]]>
                            </value>
                        </Row>
                        <Row>
                            <name>
                            <![CDATA[
                            PTC.Factory.Alert.CreateNewAlert
                            ]]>
                            </name>
                            <value>
                            <![CDATA[
                            CREAR ALERTA
                            ]]>
                            </value>
                        </Row>
                        <Row>
                            <name>
                            <![CDATA[
                            PTC.SCA.Common.Alert.ALertDeliveryLabel
                            ]]>
                            </name>
                            <value>
                            <![CDATA[
                            Entrega de alertas
                            ]]>
                            </value>
                        </Row>
                        <Row>
                            <name>
                            <![CDATA[
                            PTC.SCA.Common.Alert.FindRecipientLabel
                            ]]>
                            </name>
                            <value>
                            <![CDATA[
                            Buscar destinatario
                            ]]>
                            </value>
                        </Row>
                        <Row>
                            <name>
                            <![CDATA[
                            PTC.SCA.Common.Alert.AddRecipientLabel
                            ]]>
                            </name>
                            <value>
                            <![CDATA[
                            Añadir destinatario
                            ]]>
                            </value>
                        </Row>
                        <Row>
                            <name>
                            <![CDATA[
                            PTC.SCA.Common.Alert.AlertRecipientsLabel
                            ]]>
                            </name>
                            <value>
                            <![CDATA[
                            Destinatarios de alertas
                            ]]>
                            </value>
                        </Row>
                        <Row>
                            <name>
                            <![CDATA[
                            PTC.SCA.Common.Alert.RecipientTypeLabel
                            ]]>
                            </name>
                            <value>
                            <![CDATA[
                            Tipo
                            ]]>
                            </value>
                        </Row>
                        <Row>
                            <name>
                            <![CDATA[
                            PTC.SCA.Common.Alert.RecipientNameLabel
                            ]]>
                            </name>
                            <value>
                            <![CDATA[
                            Nombre
                            ]]>
                            </value>
                        </Row>
                        <Row>
                            <name>
                            <![CDATA[
                            PTC.SCA.Common.Alert.RecipientEmailLabel
                            ]]>
                            </name>
                            <value>
                            <![CDATA[
                            Correo electrónico
                            ]]>
                            </value>
                        </Row>
                        <Row>
                            <name>
                            <![CDATA[
                            PTC.SCA.Common.Alert.RecipientMobileLabel
                            ]]>
                            </name>
                            <value>
                            <![CDATA[
                            Teléfono móvil
                            ]]>
                            </value>
                        </Row>
                        <Row>
                            <name>
                            <![CDATA[
                            PTC.Factory.Error.AlertAlreadyExists
                            ]]>
                            </name>
                            <value>
                            <![CDATA[
                            Ya existe una alerta con ese nombre para esta propiedad.
                            ]]>
                            </value>
                        </Row>
                        <Row>
                            <name>
                            <![CDATA[
                            PTC.Factory.Error.ValueIsNull
                            ]]>
                            </name>
                            <value>
                            <![CDATA[
                            El valor no puede ser nulo para este tipo.
                            ]]>
                            </value>
                        </Row>
                        <Row>
                            <name>
                            <![CDATA[
                            PTC.Factory.Error.ValueMustBeNumerical
                            ]]>
                            </name>
                            <value>
                            <![CDATA[
                            El valor debe ser un número.
                            ]]>
                            </value>
                        </Row>
                        <Row>
                            <name>
                            <![CDATA[
                            PTC.Factory.Error.InvalidName
                            ]]>
                            </name>
                            <value>
                            <![CDATA[
                            El nombre contiene caracteres no válidos. Elimine los espacios, los caracteres especiales o los números al principio del nombre. Se admiten guiones, guiones bajos y números en el nombre o al final de él. Los nombres distinguen entre mayúsculas y minúsculas.
                            ]]>
                            </value>
                        </Row>
                        <Row>
                            <name>
                            <![CDATA[
                            PTC.Factory.Error.InvalidAlertName
                            ]]>
                            </name>
                            <value>
                            <![CDATA[
                            Los nombres de alerta no pueden contener espacios, caracteres especiales ni empezar por un número. Se permiten los guiones y guiones bajos. Se pueden utilizar números dentro del nombre o al final. Los nombres distinguen entre mayúsculas y minúsculas.
                            ]]>
                            </value>
                        </Row>
                        <Row>
                            <name>
                            <![CDATA[
                            PTC.Factory.AlertSummary
                            ]]>
                            </name>
                            <value>
                            <![CDATA[
                            Resumen de alertas
                            ]]>
                            </value>
                        </Row>
                        <Row>
                            <name>
                            <![CDATA[
                            PTC.Factory.AlertMonitor.Summary
                            ]]>
                            </name>
                            <value>
                            <![CDATA[
                            Resumen
                            ]]>
                            </value>
                        </Row>
                        <Row>
                            <name>
                            <![CDATA[
                            PTC.Factory.AlertMonitor.History
                            ]]>
                            </name>
                            <value>
                            <![CDATA[
                            Historial
                            ]]>
                            </value>
                        </Row>
                        <Row>
                            <name>
                            <![CDATA[
                            PTC.Factory.AlertMonitor.AlertMonitorTitle
                            ]]>
                            </name>
                            <value>
                            <![CDATA[
                            MONITOR DE ALERTAS: {0}
                            ]]>
                            </value>
                        </Row>
                        <Row>
                            <name>
                            <![CDATA[
                            PTC.Factory.AlertMonitor.AllAlerts
                            ]]>
                            </name>
                            <value>
                            <![CDATA[
                            Todas las alertas
                            ]]>
                            </value>
                        </Row>
                        <Row>
                            <name>
                            <![CDATA[
                            PTC.Factory.AlertMonitor.Name
                            ]]>
                            </name>
                            <value>
                            <![CDATA[
                            Nombre
                            ]]>
                            </value>
                        </Row>
                        <Row>
                            <name>
                            <![CDATA[
                            PTC.Factory.AlertMonitor.SourceProperty
                            ]]>
                            </name>
                            <value>
                            <![CDATA[
                            Propiedad de origen
                            ]]>
                            </value>
                        </Row>
                        <Row>
                            <name>
                            <![CDATA[
                            PTC.Factory.AlertMonitor.Source
                            ]]>
                            </name>
                            <value>
                            <![CDATA[
                            Origen
                            ]]>
                            </value>
                        </Row>
                        <Row>
                            <name>
                            <![CDATA[
                            PTC.Factory.AlertMonitor.TimeStamp
                            ]]>
                            </name>
                            <value>
                            <![CDATA[
                            Fecha
                            ]]>
                            </value>
                        </Row>
                        <Row>
                            <name>
                            <![CDATA[
                            PTC.Factory.AlertMonitor.AlertType
                            ]]>
                            </name>
                            <value>
                            <![CDATA[
                            Tipo de alerta
                            ]]>
                            </value>
                        </Row>
                        <Row>
                            <name>
                            <![CDATA[
                            PTC.Factory.AlertMonitor.Duration
                            ]]>
                            </name>
                            <value>
                            <![CDATA[
                            Duración
                            ]]>
                            </value>
                        </Row>
                        <Row>
                            <name>
                            <![CDATA[
                            PTC.Factory.AlertMonitor.Message
                            ]]>
                            </name>
                            <value>
                            <![CDATA[
                            Mensaje
                            ]]>
                            </value>
                        </Row>
                        <Row>
                            <name>
                            <![CDATA[
                            PTC.Factory.AlertMonitor.Description
                            ]]>
                            </name>
                            <value>
                            <![CDATA[
                            Descripción
                            ]]>
                            </value>
                        </Row>
                        <Row>
                            <name>
                            <![CDATA[
                            PTC.Factory.AlertMonitor.Priority
                            ]]>
                            </name>
                            <value>
                            <![CDATA[
                            Prioridad
                            ]]>
                            </value>
                        </Row>
                        <Row>
                            <name>
                            <![CDATA[
                            PTC.Factory.AlertMonitor.Acknowledged
                            ]]>
                            </name>
                            <value>
                            <![CDATA[
                            Confirmada
                            ]]>
                            </value>
                        </Row>
                        <Row>
                            <name>
                            <![CDATA[
                            PTC.Factory.AlertMonitor.AcknowledgedBy
                            ]]>
                            </name>
                            <value>
                            <![CDATA[
                            Confirmada por
                            ]]>
                            </value>
                        </Row>
                        <Row>
                            <name>
                            <![CDATA[
                            PTC.Factory.AlertMonitor.AcknowledgedTimeStamp
                            ]]>
                            </name>
                            <value>
                            <![CDATA[
                            Fecha confirmada
                            ]]>
                            </value>
                        </Row>
                        <Row>
                            <name>
                            <![CDATA[
                            PTC.Factory.AlertMonitor.AcknowledgeComment
                            ]]>
                            </name>
                            <value>
                            <![CDATA[
                            Comentario de confirmación
                            ]]>
                            </value>
                        </Row>
                        <Row>
                            <name>
                            <![CDATA[
                            PTC.Factory.AlertMonitor.EventName
                            ]]>
                            </name>
                            <value>
                            <![CDATA[
                            Nombre de evento
                            ]]>
                            </value>
                        </Row>
                        <Row>
                            <name>
                            <![CDATA[
                            PTC.Factory.AlertMonitor.Location
                            ]]>
                            </name>
                            <value>
                            <![CDATA[
                            Ubicación
                            ]]>
                            </value>
                        </Row>
                        <Row>
                            <name>
                            <![CDATA[
                            PTC.Factory.AlertMonitor.Id
                            ]]>
                            </name>
                            <value>
                            <![CDATA[
                            ID
                            ]]>
                            </value>
                        </Row>
                        <Row>
                            <name>
                            <![CDATA[
                            PTC.Factory.AlertMonitor.SourceType
                            ]]>
                            </name>
                            <value>
                            <![CDATA[
                            Tipo de origen
                            ]]>
                            </value>
                        </Row>
                        <Row>
                            <name>
                            <![CDATA[
                            PTC.Factory.AlertMonitor.Alert
                            ]]>
                            </name>
                            <value>
                            <![CDATA[
                            Alerta: {0}
                            ]]>
                            </value>
                        </Row>
                        <Row>
                            <name>
                            <![CDATA[
                            PTC.Factory.AlertMonitor.Details
                            ]]>
                            </name>
                            <value>
                            <![CDATA[
                            Detalles
                            ]]>
                            </value>
                        </Row>
                        <Row>
                            <name>
                            <![CDATA[
                            PTC.Factory.AlertMonitor.AcknowledgeAlertsTitle
                            ]]>
                            </name>
                            <value>
                            <![CDATA[
                            CONFIRMAR ALERTAS
                            ]]>
                            </value>
                        </Row>
                        <Row>
                            <name>
                            <![CDATA[
                            PTC.Factory.AlertMonitor.AcknowledgeAlerts
                            ]]>
                            </name>
                            <value>
                            <![CDATA[
                            Confirmar alertas
                            ]]>
                            </value>
                        </Row>
                        <Row>
                            <name>
                            <![CDATA[
                            PTC.Factory.AlertMonitor.AcknowledgeAllAlerts
                            ]]>
                            </name>
                            <value>
                            <![CDATA[
                            Confirmar todas las alertas
                            ]]>
                            </value>
                        </Row>
                        <Row>
                            <name>
                            <![CDATA[
                            PTC.Factory.AlertMonitor.AcknowledgeSelectedAlerts
                            ]]>
                            </name>
                            <value>
                            <![CDATA[
                            Confirmar la alerta seleccionada
                            ]]>
                            </value>
                        </Row>
                        <Row>
                            <name>
                            <![CDATA[
                            PTC.Factory.AlertMonitor.IgnoreAcknowledgeForNonActiveAlert
                            ]]>
                            </name>
                            <value>
                            <![CDATA[
                            La alerta ya no está activa, de modo que el comentario de confirmación no se ha aplicado.
                            ]]>
                            </value>
                        </Row>
                        <Row>
                            <name>
                            <![CDATA[
                            PTC.Factory.AlertMonitor.MyAlertsOnly
                            ]]>
                            </name>
                            <value>
                            <![CDATA[
                            Ver solo mis alertas
                            ]]>
                            </value>
                        </Row>
                        <Row>
                            <name>
                            <![CDATA[
                            PTC.Factory.AlertMonitor.AlertRecipients
                            ]]>
                            </name>
                            <value>
                            <![CDATA[
                            Destinatarios de alertas
                            ]]>
                            </value>
                        </Row>
                        <Row>
                            <name>
                            <![CDATA[
                            PTC.Factory.AlertEditor.IntegerValueOutOfRange
                            ]]>
                            </name>
                            <value>
                            <![CDATA[
                            El valor está fuera de rango (entre -2.147.483.648 y 2.147.483.647).
                            ]]>
                            </value>
                        </Row>
                        <Row>
                            <name>
                            <![CDATA[
                            PTC.SCA.Common.Alert.DeleteRecipientTooltip
                            ]]>
                            </name>
                            <value>
                            <![CDATA[
                            Eliminar destinatario
                            ]]>
                            </value>
                        </Row>
                        <Row>
                            <name>
                            <![CDATA[
                            PTC.SCA.Common.Language.English
                            ]]>
                            </name>
                            <value>
                            <![CDATA[
                            Inglés
                            ]]>
                            </value>
                        </Row>
                        <Row>
                            <name>
                            <![CDATA[
                            PTC.SCA.Common.Language.Japanese
                            ]]>
                            </name>
                            <value>
                            <![CDATA[
                            Japonés
                            ]]>
                            </value>
                        </Row>
                        <Row>
                            <name>
                            <![CDATA[
                            PTC.SCA.Common.Language.German
                            ]]>
                            </name>
                            <value>
                            <![CDATA[
                            Alemán
                            ]]>
                            </value>
                        </Row>
                        <Row>
                            <name>
                            <![CDATA[
                            PTC.SCA.Common.Language.SimplifiedChinese
                            ]]>
                            </name>
                            <value>
                            <![CDATA[
                            Chino simplificado
                            ]]>
                            </value>
                        </Row>
                        <Row>
                            <name>
                            <![CDATA[
                            PTC.SCA.Common.Language.French
                            ]]>
                            </name>
                            <value>
                            <![CDATA[
                            Francés
                            ]]>
                            </value>
                        </Row>
                        <Row>
                            <name>
                            <![CDATA[
                            PTC.SCA.Common.Language.Italian
                            ]]>
                            </name>
                            <value>
                            <![CDATA[
                            Italiano
                            ]]>
                            </value>
                        </Row>
                        <Row>
                            <name>
                            <![CDATA[
                            PTC.SCA.Common.Language.Korean
                            ]]>
                            </name>
                            <value>
                            <![CDATA[
                            Coreano
                            ]]>
                            </value>
                        </Row>
                        <Row>
                            <name>
                            <![CDATA[
                            PTC.SCA.Common.Language.Spanish
                            ]]>
                            </name>
                            <value>
                            <![CDATA[
                            Español
                            ]]>
                            </value>
                        </Row>
                        <Row>
                            <name>
                            <![CDATA[
                            PTC.SCA.Common.Language.TraditionalChinese
                            ]]>
                            </name>
                            <value>
                            <![CDATA[
                            Chino tradicional
                            ]]>
                            </value>
                        </Row>
                        <Row>
                            <name>
                            <![CDATA[
                            PTC.SCA.Common.Language.Russian
                            ]]>
                            </name>
                            <value>
                            <![CDATA[
                            Ruso
                            ]]>
                            </value>
                        </Row>
                        <Row>
                            <name>
                            <![CDATA[
                            PTC.Factory.Highest
                            ]]>
                            </name>
                            <value>
                            <![CDATA[
                            más alta
                            ]]>
                            </value>
                        </Row>
                        <Row>
                            <name>
                            <![CDATA[
                            PTC.Factory.Lowest
                            ]]>
                            </name>
                            <value>
                            <![CDATA[
                            más baja
                            ]]>
                            </value>
                        </Row>
                        <Row>
                            <name>
                            <![CDATA[
                            PTC.Factory.Alert.OverrideHelpText
                            ]]>
                            </name>
                            <value>
                            <![CDATA[
                            <span style='color:#232B2D'>Esta alerta se ha heredado de la plantilla de cosa para este tipo de equipo. Seleccione <b>Corregir</b> para editar y guardar esta alerta como alerta nueva para este equipo.</span>
                            ]]>
                            </value>
                        </Row>
                        <Row>
                            <name>
                            <![CDATA[
                            PTC.Factory.Alert.OverrideWithColon
                            ]]>
                            </name>
                            <value>
                            <![CDATA[
                            Corregir:
                            ]]>
                            </value>
                        </Row>
                        <Row>
                            <name>
                            <![CDATA[
                            PTC.SCA.SCO.AlertMonitor.FilterHeader
                            ]]>
                            </name>
                            <value>
                            <![CDATA[
                            Filtro de estructura
                            ]]>
                            </value>
                        </Row>
                        <Row>
                            <name>
                            <![CDATA[
                            PTC.SCA.SCO.EnableAlertRollup
                            ]]>
                            </name>
                            <value>
                            <![CDATA[
                            Calcular recuento de alertas activas
                            ]]>
                            </value>
                        </Row>
                        <Row>
                            <name>
                            <![CDATA[
                            PTC.SCA.SCO.HaveNoRuntimeWritePermission
                            ]]>
                            </name>
                            <value>
                            <![CDATA[
                            No tiene el permiso adecuado para modificar este equipo.
                            ]]>
                            </value>
                        </Row>
                    </Rows>
                </ConfigurationTable>
            </ConfigurationTables>
        </LocalizationTable>
    </LocalizationTables>
</Entities>
