﻿<?xml version="1.0" encoding="utf-8" standalone="no"?>
<Entities build="777" majorVersion="5" minorVersion="0" revision="0" schemaVersion="701">
  <ExtensionPackages>
    <ExtensionPackage name="KEPServerEX" description="KEPServerEX" vendor="Kepware" packageVersion="1.6" minimumThingWorxVersion="5.0.0" />
  </ExtensionPackages>
  <ThingTemplates>
    <ThingTemplate baseThingTemplate="RemoteThing" description="" documentationContent="&lt;p&gt;&lt;br&gt;&lt;/p&gt;&#xA;" effectiveThingPackage="RemoteThing" homeMashup="" lastModifiedDate="2016-06-29T15:20:33.007-04:00" name="RemoteKEPServerEXThing" tags="" thingPackage="">
      <Owner name="Administrator" type="User" />
      <avatar />
      <DesignTimePermissions>
        <Create />
        <Read />
        <Update />
        <Delete />
        <Metadata />
      </DesignTimePermissions>
      <RunTimePermissions />
      <VisibilityPermissions>
        <Visibility />
      </VisibilityPermissions>
      <ConfigurationTables />
      <PropertyBindings />
      <RemotePropertyBindings></RemotePropertyBindings>
      <RemoteServiceBindings>
        <RemoteServiceBinding enableQueue="false" name="BrowseItems" sourceName="" timeout="0" />
        <RemoteServiceBinding enableQueue="false" name="BrowseGroups" sourceName="" timeout="0" />
        <RemoteServiceBinding enableQueue="false" name="AddItems" sourceName="" timeout="0" />
        <RemoteServiceBinding enableQueue="false" name="RemoveItems" sourceName="" timeout="0" />
        <RemoteServiceBinding enableQueue="false" name="NotifyPropertyUpdate" sourceName="" timeout="0" />
        <RemoteServiceBinding enableQueue="false" name="GetConfiguration" sourceName="" timeout="0" />
        <RemoteServiceBinding enableQueue="false" name="SetConfiguration" sourceName="" timeout="0" />
      </RemoteServiceBindings>
      <RemoteEventBindings />
      <AlertConfigurations />
      <ThingShape>
        <PropertyDefinitions></PropertyDefinitions>
        <ServiceDefinitions>
          <ServiceDefinition category="" description="Browse the groups of a heirarchical namespace" name="BrowseGroups">
            <ResultType aspect.dataShape="KEPGroups" baseType="INFOTABLE" description="" name="result" ordinal="0" />
            <ParameterDefinitions>
              <FieldDefinition aspect.dataShape="KEPGroups" baseType="STRING" description="" name="path" ordinal="0" />
              <FieldDefinition aspect.dataShape="KEPGroups" baseType="STRING" description="" name="filter" ordinal="1" />
            </ParameterDefinitions>
          </ServiceDefinition>
          <ServiceDefinition category="" description="Browse the items of a heirarchical namespace" name="BrowseItems">
            <ResultType aspect.dataShape="KEPItems" baseType="INFOTABLE" description="" name="result" ordinal="0" />
            <ParameterDefinitions>
              <FieldDefinition aspect.dataShape="KEPItems" baseType="STRING" description="" name="path" ordinal="0" />
              <FieldDefinition aspect.dataShape="KEPItems" baseType="STRING" description="" name="filter" ordinal="1" />
            </ParameterDefinitions>
          </ServiceDefinition>
          <ServiceDefinition category="" description="Add items to publish to platform" name="AddItems">
            <ResultType aspect.dataShape="KEPAddItemResult" baseType="INFOTABLE" description="" name="result" ordinal="0" />
            <ParameterDefinitions>
              <FieldDefinition aspect.dataShape="KEPAddItems" baseType="INFOTABLE" description="" name="items" ordinal="0" />
            </ParameterDefinitions>
          </ServiceDefinition>
          <ServiceDefinition category="" description="Remove items from publishing to platform" name="RemoveItems">
            <ResultType aspect.dataShape="KEPItemResult" baseType="INFOTABLE" description="" name="result" ordinal="0" />
            <ParameterDefinitions>
              <FieldDefinition aspect.dataShape="KEPItemNames" baseType="INFOTABLE" description="" name="items" ordinal="0" />
              <FieldDefinition aspect.dataShape="KEPItemNames" baseType="BOOLEAN" description="Set to true to force the removal even if the items are bound to properties on the server." name="forceRemove" ordinal="1" />
            </ParameterDefinitions>
          </ServiceDefinition>
          <ServiceDefinition category="" description="Get the item server settings" name="GetConfiguration">
            <ResultType aspect.dataShape="KEPSettings" baseType="INFOTABLE" description="" name="result" ordinal="0" />
            <ParameterDefinitions />
          </ServiceDefinition>
          <ServiceDefinition category="" description="Set the item server settings" name="SetConfiguration">
            <ResultType baseType="NOTHING" description="" name="" ordinal="0" />
            <ParameterDefinitions>
              <FieldDefinition baseType="STRING" description="An identifier that can be used to describe the server" name="ServerDescription" ordinal="2" />
              <FieldDefinition baseType="INTEGER" description="The default rate at which items are scanned, in milliseconds" name="ScanRateMS" ordinal="0" />
              <FieldDefinition baseType="INTEGER" description="The minimum rate that updates are sent to the platform in milliseconds, or zero to send as fast as possible" name="PublishFloorMS" ordinal="1" />
            </ParameterDefinitions>
          </ServiceDefinition>
        </ServiceDefinitions>
        <EventDefinitions>
          <EventDefinition name="AutobindComplete" description="" dataShape="KEPAddItemResult" category=""/>
        </EventDefinitions>
        <ServiceMappings />
        <ServiceImplementations />
        <Subscriptions />
      </ThingShape>
      <ImplementedShapes />
      <SharedConfigurationTables />
      <InstanceDesignTimePermissions>
        <Create />
        <Read />
        <Update />
        <Delete />
        <Metadata />
      </InstanceDesignTimePermissions>
      <InstanceRunTimePermissions />
      <InstanceVisibilityPermissions>
        <Visibility />
      </InstanceVisibilityPermissions>
      <ConfigurationChanges>
        <ConfigurationChange changeAction="CREATE" changeReason="header : name : updated&#xA;documentation : updated&#xA;" timestamp="2016-06-24T15:20:33.007-04:00" user="Administrator" />
      </ConfigurationChanges>
    </ThingTemplate>
  </ThingTemplates>
  <DataShapes>
    <DataShape description="" documentationContent="" homeMashup="" lastModifiedDate="2014-05-01T11:26:25.519-04:00" name="KEPGroups" tags="">
      <Owner name="Administrator" type="User" />
      <avatar />
      <DesignTimePermissions>
        <Create />
        <Read />
        <Update />
        <Delete />
        <Metadata />
      </DesignTimePermissions>
      <RunTimePermissions />
      <VisibilityPermissions>
        <Visibility />
      </VisibilityPermissions>
      <ConfigurationTables />
      <FieldDefinitions>
        <FieldDefinition baseType="STRING" description="Name" name="Name" ordinal="0" />
        <FieldDefinition baseType="STRING" description="Parent" name="Parent" ordinal="0" />
        <FieldDefinition baseType="STRING" description="FullPath" name="FullPath" ordinal="0" />
      </FieldDefinitions>
      <ConfigurationChanges>
        <ConfigurationChange changeAction="CREATE" changeReason="" timestamp="2014-05-01T11:26:25.519-04:00" user="Administrator" />
      </ConfigurationChanges>
    </DataShape>
    <DataShape description="" documentationContent="" homeMashup="" lastModifiedDate="2014-05-01T13:36:29.779-04:00" name="KEPItemNames" tags="">
      <Owner name="Administrator" type="User" />
      <avatar />
      <DesignTimePermissions>
        <Create />
        <Read />
        <Update />
        <Delete />
        <Metadata />
      </DesignTimePermissions>
      <RunTimePermissions />
      <VisibilityPermissions>
        <Visibility />
      </VisibilityPermissions>
      <ConfigurationTables />
      <FieldDefinitions>
        <FieldDefinition baseType="STRING" description="Name" name="Name" ordinal="0" />
      </FieldDefinitions>
      <ConfigurationChanges>
        <ConfigurationChange changeAction="CREATE" changeReason="" timestamp="2014-05-01T13:36:29.779-04:00" user="Administrator" />
      </ConfigurationChanges>
    </DataShape>
    <DataShape description="" documentationContent="" homeMashup="" lastModifiedDate="2014-05-01T11:26:24.469-04:00" name="KEPItems" tags="">
      <Owner name="Administrator" type="User" />
      <avatar />
      <DesignTimePermissions>
        <Create />
        <Read />
        <Update />
        <Delete />
        <Metadata />
      </DesignTimePermissions>
      <RunTimePermissions />
      <VisibilityPermissions>
        <Visibility />
      </VisibilityPermissions>
      <ConfigurationTables />
      <FieldDefinitions>
        <FieldDefinition baseType="BOOLEAN" description="ReadOnly" name="ReadOnly" ordinal="0" />
        <FieldDefinition baseType="STRING" description="Source" name="Source" ordinal="0" />
        <FieldDefinition baseType="STRING" description="Name" name="Name" ordinal="0" />
        <FieldDefinition baseType="STRING" description="BaseType" name="BaseType" ordinal="0" />
        <FieldDefinition baseType="STRING" description="Description" name="Description" ordinal="0" />
        <FieldDefinition baseType="STRING" description="SourceType" name="SourceType" ordinal="0" />
      </FieldDefinitions>
      <ConfigurationChanges>
        <ConfigurationChange changeAction="CREATE" changeReason="" timestamp="2014-05-01T11:26:24.469-04:00" user="Administrator" />
      </ConfigurationChanges>
    </DataShape>
    <DataShape description="" documentationContent="" homeMashup="" lastModifiedDate="2014-05-01T11:26:24.469-04:00" name="KEPAddItems" tags="">
      <Owner name="Administrator" type="User" />
      <avatar />
      <DesignTimePermissions>
        <Create />
        <Read />
        <Update />
        <Delete />
        <Metadata />
      </DesignTimePermissions>
      <RunTimePermissions />
      <VisibilityPermissions>
        <Visibility />
      </VisibilityPermissions>
      <ConfigurationTables />
      <FieldDefinitions>
        <FieldDefinition baseType="BOOLEAN" description="ReadOnly" name="ReadOnly" ordinal="0" />
        <FieldDefinition baseType="BOOLEAN" description="Persistent" name="Persistent" ordinal="0" />
        <FieldDefinition baseType="BOOLEAN" description="Logged" name="Logged" ordinal="0" />
        <FieldDefinition baseType="STRING" description="Source" name="Source" ordinal="0" />
        <FieldDefinition baseType="STRING" description="Name" name="Name" ordinal="0" />
        <FieldDefinition baseType="STRING" description="BaseType" name="BaseType" ordinal="0" />
        <FieldDefinition baseType="INTEGER" description="ScanRateMS" name="ScanRateMS" ordinal="0" />
        <FieldDefinition baseType="STRING" description="Description" name="Description" ordinal="0" />
        <FieldDefinition baseType="STRING" description="SourceType" name="SourceType" ordinal="0" />
      </FieldDefinitions>
      <ConfigurationChanges>
        <ConfigurationChange changeAction="CREATE" changeReason="" timestamp="2014-05-01T11:26:24.469-04:00" user="Administrator" />
      </ConfigurationChanges>
    </DataShape>
    <DataShape description="" documentationContent="" homeMashup="" lastModifiedDate="2014-05-01T16:20:29.946-04:00" name="KEPValues" tags="">
      <Owner name="Administrator" type="User" />
      <avatar />
      <DesignTimePermissions>
        <Create />
        <Read />
        <Update />
        <Delete />
        <Metadata />
      </DesignTimePermissions>
      <RunTimePermissions />
      <VisibilityPermissions>
        <Visibility />
      </VisibilityPermissions>
      <ConfigurationTables />
      <FieldDefinitions>
        <FieldDefinition baseType="STRING" description="" name="value" ordinal="1" />
      </FieldDefinitions>
      <ConfigurationChanges>
        <ConfigurationChange changeAction="CREATE" changeReason="header : name : updated&#xA;documentation : updated&#xA;fields : value : Added&#xA;" timestamp="2014-05-01T16:20:29.945-04:00" user="Administrator" />
      </ConfigurationChanges>
    </DataShape>
    <DataShape description="" documentationContent="" homeMashup="" lastModifiedDate="2016-07-15T11:26:25.519-04:00" name="KEPSettings" tags="">
      <Owner name="Administrator" type="User" />
      <avatar />
      <DesignTimePermissions>
        <Create />
        <Read />
        <Update />
        <Delete />
        <Metadata />
      </DesignTimePermissions>
      <RunTimePermissions />
      <VisibilityPermissions>
        <Visibility />
      </VisibilityPermissions>
      <ConfigurationTables />
      <FieldDefinitions>
        <FieldDefinition baseType="INTEGER" description="ScanRateMS" name="ScanRateMS" ordinal="0" />
        <FieldDefinition baseType="INTEGER" description="PublishFloorMS" name="PublishFloorMS" ordinal="0"></FieldDefinition>
        <FieldDefinition baseType="STRING" description="ServerDescription" name="ServerDescription" ordinal="0" />
      </FieldDefinitions>
      <ConfigurationChanges>
        <ConfigurationChange changeAction="CREATE" changeReason="" timestamp="2014-05-01T11:26:25.519-04:00" user="Administrator" />
      </ConfigurationChanges>
    </DataShape>
    <DataShape description="" documentationContent="" homeMashup="" lastModifiedDate="2016-07-15T11:26:25.519-04:00" name="KEPItemResult" tags="">
      <Owner name="Administrator" type="User" />
      <avatar />
      <DesignTimePermissions>
        <Create />
        <Read />
        <Update />
        <Delete />
        <Metadata />
      </DesignTimePermissions>
      <RunTimePermissions />
      <VisibilityPermissions>
        <Visibility />
      </VisibilityPermissions>
      <ConfigurationTables />
      <FieldDefinitions>
        <FieldDefinition baseType="STRING" description="Name" name="Name" ordinal="0" />
        <FieldDefinition baseType="BOOLEAN" description="Success" name="Success" ordinal="0"></FieldDefinition>
        <FieldDefinition baseType="STRING" description="Reason" name="Reason" ordinal="0" />
      </FieldDefinitions>
      <ConfigurationChanges>
        <ConfigurationChange changeAction="CREATE" changeReason="" timestamp="2014-05-01T11:26:25.519-04:00" user="Administrator" />
      </ConfigurationChanges>
    </DataShape>
    <DataShape description="" documentationContent="" homeMashup="" lastModifiedDate="2016-07-15T11:26:25.519-04:00" name="KEPAddItemResult" tags="">
      <Owner name="Administrator" type="User" />
      <avatar />
      <DesignTimePermissions>
        <Create />
        <Read />
        <Update />
        <Delete />
        <Metadata />
      </DesignTimePermissions>
      <RunTimePermissions />
      <VisibilityPermissions>
        <Visibility />
      </VisibilityPermissions>
      <ConfigurationTables />
      <FieldDefinitions>
        <FieldDefinition baseType="INTEGER" description="TransactionID" name="TransactionID" ordinal="0" />
        <FieldDefinition aspect.dataShape="KEPItemResult" baseType="INFOTABLE" description="ItemResults" name="ItemResults" ordinal="0"></FieldDefinition>
      </FieldDefinitions>
      <ConfigurationChanges>
        <ConfigurationChange changeAction="CREATE" changeReason="" timestamp="2014-05-01T11:26:25.519-04:00" user="Administrator" />
      </ConfigurationChanges>
    </DataShape>
  </DataShapes>
</Entities>