<?xml version="1.0" encoding="UTF-8"?>
<Entities
 build="b7281"
 majorVersion="0"
 minorVersion="0"
 modelPersistenceProviderPackage="PostgresPersistenceProviderPackage"
 revision="0"
 schemaVersion="1050"
 universal="password">
    <Mashups>
        <Mashup
         aspect.isEditableExtensionObject="false"
         aspect.isExtension="true"
         aspect.isResponsive="true"
         aspect.mashupType="mashup"
         columns="0.0"
         description="Mashup used to display a video associated with a work definition {PTC.SCA.SCO.WorkDefinition.VideoContainedMashup}"
         documentationContent=""
         homeMashup=""
         lastModifiedDate="2019-07-22T09:53:48.044-04:00"
         name="PTC.SCA.SCO.WorkDefinition.VideoContainedMashup"
         projectName=""
         rows="0.0"
         tags="PTC:OA">
            <avatar></avatar>
            <DesignTimePermissions>
                <Create></Create>
                <Read></Read>
                <Update></Update>
                <Delete></Delete>
                <Metadata></Metadata>
            </DesignTimePermissions>
            <RunTimePermissions></RunTimePermissions>
            <VisibilityPermissions>
                <Visibility></Visibility>
            </VisibilityPermissions>
            <ConfigurationTableDefinitions></ConfigurationTableDefinitions>
            <ConfigurationTables></ConfigurationTables>
            <ParameterDefinitions>
                <FieldDefinition
                 aspect.bindingDirection="IN"
                 aspect.isMandatory="false"
                 aspect.ordinal="0"
                 baseType="STRING"
                 description="Work Definition UID"
                 name="WorkDefinitionUID"
                 ordinal="0"></FieldDefinition>
            </ParameterDefinitions>
            <Things>
                <Thing>PTC.SCA.SCO.ProductionOrderUtils</Thing>
            </Things>
            <ThingShapes></ThingShapes>
            <ThingTemplates></ThingTemplates>
            <mashupContent>
            <![CDATA[
            {
              "CustomMashupCss" : "",
              "Data" : {
                "Session" : {
                  "DataName" : "Session",
                  "EntityName" : "",
                  "EntityType" : "Session",
                  "Id" : "session",
                  "Services" : [ {
                    "APIMethod" : "post",
                    "Characteristic" : "Services",
                    "Id" : "SessionInterface",
                    "Name" : "GetGlobalSessionValues",
                    "Parameters" : { },
                    "RefreshInterval" : 0,
                    "Target" : "GetGlobalSessionValues"
                  } ]
                },
                "Things_PTC.SCA.SCO.ProductionOrderUtils" : {
                  "DataName" : "Things_PTC.SCA.SCO.ProductionOrderUtils",
                  "EntityName" : "PTC.SCA.SCO.ProductionOrderUtils",
                  "EntityType" : "Things",
                  "Id" : "993b9745-f6b9-4a38-812a-db705cf13ebb",
                  "Services" : [ {
                    "APIMethod" : "post",
                    "Characteristic" : "Services",
                    "Id" : "d3ed7a76-94a8-42da-ba83-79948e857825",
                    "Name" : "GetVideoList",
                    "Parameters" : { },
                    "RefreshInterval" : 0,
                    "Target" : "GetVideoList"
                  }, {
                    "APIMethod" : "post",
                    "Characteristic" : "Services",
                    "Id" : "07c7b9aa-daed-49f7-bbb4-af498692cd9d",
                    "Name" : "IsMultipleMedia",
                    "Parameters" : { },
                    "RefreshInterval" : 0,
                    "Target" : "IsMultipleMedia"
                  } ]
                },
                "UserExtensions" : {
                  "DataName" : "UserExtensions",
                  "EntityName" : "",
                  "EntityType" : "UserExtensions",
                  "Id" : "UserExtensions",
                  "Services" : [ {
                    "APIMethod" : "post",
                    "Characteristic" : "Services",
                    "Id" : "UserExtensionInterface",
                    "Name" : "GetCurrentUserExtensionProperties",
                    "Parameters" : { },
                    "RefreshInterval" : 0,
                    "Target" : "GetCurrentUserExtensionProperties"
                  } ]
                }
              },
              "DataBindings" : [ {
                "Id" : "9b17d939-6734-4248-acd6-2db2b3833daa",
                "PropertyMaps" : [ {
                  "SourceProperty" : "Output",
                  "SourcePropertyBaseType" : "STRING",
                  "SourcePropertyType" : "Property",
                  "TargetProperty" : "SelectedTabName",
                  "TargetPropertyBaseType" : "STRING",
                  "TargetPropertyType" : "property"
                } ],
                "SourceArea" : "UI",
                "SourceId" : "expression-11",
                "SourceSection" : "",
                "TargetArea" : "UI",
                "TargetId" : "tabsv2-12",
                "TargetSection" : ""
              }, {
                "Id" : "c3004527-93b8-45e8-904f-f3f4c95be500",
                "PropertyMaps" : [ {
                  "SourceProperty" : "WorkDefinitionUID",
                  "SourcePropertyBaseType" : "STRING",
                  "TargetProperty" : "WorkDefinitionUID",
                  "TargetPropertyBaseType" : "STRING",
                  "TargetPropertyType" : "Parameter"
                } ],
                "SourceArea" : "Mashup",
                "SourceId" : "mashup-root",
                "SourceSection" : "",
                "TargetArea" : "Data",
                "TargetId" : "GetVideoList",
                "TargetSection" : "Things_PTC.SCA.SCO.ProductionOrderUtils"
              }, {
                "Id" : "cc209ddf-dc60-42af-9f6c-f6f1427b21e5",
                "PropertyMaps" : [ {
                  "SourceProperty" : "IllustrationURL",
                  "SourcePropertyBaseType" : "STRING",
                  "SourcePropertyType" : "Field",
                  "TargetProperty" : "MediaUrl",
                  "TargetPropertyBaseType" : "STRING",
                  "TargetPropertyType" : "property"
                } ],
                "SourceArea" : "Data",
                "SourceDetails" : "AllData",
                "SourceId" : "GetVideoList",
                "SourceSection" : "Things_PTC.SCA.SCO.ProductionOrderUtils",
                "TargetArea" : "UI",
                "TargetId" : "expression-11",
                "TargetSection" : ""
              }, {
                "Id" : "b2be243a-b258-4ec3-aa8f-7c05495338c0",
                "PropertyMaps" : [ {
                  "SourceProperty" : "",
                  "SourcePropertyBaseType" : "INFOTABLE",
                  "SourcePropertyType" : "InfoTable",
                  "TargetProperty" : "Data",
                  "TargetPropertyBaseType" : "INFOTABLE",
                  "TargetPropertyType" : "property"
                } ],
                "SourceArea" : "Data",
                "SourceDetails" : "AllData",
                "SourceId" : "GetVideoList",
                "SourceSection" : "Things_PTC.SCA.SCO.ProductionOrderUtils",
                "TargetArea" : "UI",
                "TargetId" : "collection-26",
                "TargetSection" : ""
              }, {
                "Id" : "4afa8350-99b4-4ba3-b0d5-906bc4618f43",
                "PropertyMaps" : [ {
                  "SourceProperty" : "",
                  "SourcePropertyBaseType" : "INFOTABLE",
                  "SourcePropertyType" : "InfoTable",
                  "TargetProperty" : "SelectedItems",
                  "TargetPropertyBaseType" : "INFOTABLE",
                  "TargetPropertyType" : "property"
                } ],
                "SourceArea" : "Data",
                "SourceDetails" : "AllData",
                "SourceId" : "GetVideoList",
                "SourceSection" : "Things_PTC.SCA.SCO.ProductionOrderUtils",
                "TargetArea" : "UI",
                "TargetId" : "collection-26",
                "TargetSection" : ""
              }, {
                "Id" : "8e417f59-67ef-4ab2-a91a-232e3efabf9b",
                "PropertyMaps" : [ {
                  "SourceProperty" : "result",
                  "SourcePropertyBaseType" : "BOOLEAN",
                  "SourcePropertyType" : "Field",
                  "TargetProperty" : "Visible",
                  "TargetPropertyBaseType" : "BOOLEAN",
                  "TargetPropertyType" : "property"
                } ],
                "SourceArea" : "Data",
                "SourceDetails" : "AllData",
                "SourceId" : "IsMultipleMedia",
                "SourceSection" : "Things_PTC.SCA.SCO.ProductionOrderUtils",
                "TargetArea" : "UI",
                "TargetId" : "collection-26",
                "TargetSection" : ""
              }, {
                "Id" : "092e7a88-d591-43e0-a070-7ce51870e03d",
                "PropertyMaps" : [ {
                  "SourceProperty" : "",
                  "SourcePropertyBaseType" : "INFOTABLE",
                  "TargetProperty" : "MediaListTable",
                  "TargetPropertyBaseType" : "INFOTABLE",
                  "TargetPropertyType" : "Parameter"
                } ],
                "SourceArea" : "Data",
                "SourceDetails" : "AllData",
                "SourceId" : "GetVideoList",
                "SourceSection" : "Things_PTC.SCA.SCO.ProductionOrderUtils",
                "TargetArea" : "Data",
                "TargetId" : "IsMultipleMedia",
                "TargetSection" : "Things_PTC.SCA.SCO.ProductionOrderUtils"
              }, {
                "Id" : "1f937db0-b962-455b-b17b-a0433b6b46ab",
                "PropertyMaps" : [ {
                  "SourceProperty" : "IllustrationURL",
                  "SourcePropertyBaseType" : "STRING",
                  "SourcePropertyType" : "Field",
                  "TargetProperty" : "VideoURL",
                  "TargetPropertyBaseType" : "STRING",
                  "TargetPropertyType" : "property"
                } ],
                "SourceArea" : "Data",
                "SourceDetails" : "SelectedRows",
                "SourceId" : "GetVideoList",
                "SourceSection" : "Things_PTC.SCA.SCO.ProductionOrderUtils",
                "TargetArea" : "UI",
                "TargetId" : "videoplayer-28",
                "TargetSection" : ""
              } ],
              "DesignTimePermissions" : {
                "Create" : [ ],
                "Delete" : [ ],
                "Metadata" : [ ],
                "Read" : [ ],
                "Update" : [ ]
              },
              "Events" : [ {
                "EventHandlerArea" : "Data",
                "EventHandlerId" : "Things_PTC.SCA.SCO.ProductionOrderUtils",
                "EventHandlerService" : "GetVideoList",
                "EventTriggerArea" : "Mashup",
                "EventTriggerEvent" : "Loaded",
                "EventTriggerId" : "mashup-root",
                "EventTriggerSection" : "",
                "Id" : "d8140f82-15f9-412e-9c25-bfbcfdfefe64"
              }, {
                "EventHandlerArea" : "Data",
                "EventHandlerId" : "Things_PTC.SCA.SCO.ProductionOrderUtils",
                "EventHandlerService" : "GetVideoList",
                "EventTriggerArea" : "Mashup",
                "EventTriggerEvent" : "WorkDefinitionUIDChanged",
                "EventTriggerId" : "mashup-root",
                "EventTriggerSection" : "",
                "Id" : "271d6957-3970-40ab-a191-87c0385391ed"
              }, {
                "EventHandlerArea" : "Data",
                "EventHandlerId" : "Things_PTC.SCA.SCO.ProductionOrderUtils",
                "EventHandlerService" : "GetVideoList",
                "EventTriggerArea" : "Mashup",
                "EventTriggerEvent" : "RefreshRequested",
                "EventTriggerId" : "mashup-root",
                "EventTriggerSection" : "",
                "Id" : "01c39979-ec3f-44e5-b1ee-4d9da3435ff7"
              }, {
                "EventHandlerArea" : "Data",
                "EventHandlerId" : "Things_PTC.SCA.SCO.ProductionOrderUtils",
                "EventHandlerService" : "IsMultipleMedia",
                "EventTriggerArea" : "Data",
                "EventTriggerEvent" : "ServiceInvokeCompleted",
                "EventTriggerId" : "GetVideoList",
                "EventTriggerSection" : "Things_PTC.SCA.SCO.ProductionOrderUtils",
                "Id" : "6de54dee-9c7d-49ff-94f3-303337657b0e"
              }, {
                "EventHandlerArea" : "UI",
                "EventHandlerId" : "expression-11",
                "EventHandlerService" : "Evaluate",
                "EventTriggerArea" : "Data",
                "EventTriggerEvent" : "ServiceInvokeCompleted",
                "EventTriggerId" : "GetVideoList",
                "EventTriggerSection" : "Things_PTC.SCA.SCO.ProductionOrderUtils",
                "Id" : "a7f11b2a-83d7-4d22-ac58-d058a9503b11"
              } ],
              "RunTimePermissions" : {
                "permissions" : [ ]
              },
              "UI" : {
                "Properties" : {
                  "AddToDashboardButton" : "SimplePlus",
                  "AddToDashboardButtonStyle" : "DefaultAddToDashboardButtonStyle",
                  "Area" : "Mashup",
                  "BGImage" : "",
                  "BGImageRepeat" : "no-repeat",
                  "BGImageSize" : "auto",
                  "Columns" : 0,
                  "ConfigureGadgetButton" : "SimpleGear",
                  "ConfigureGadgetButtonStyle" : "DefaultConfigureGadgetButtonStyle",
                  "DisplayName" : "Mashup",
                  "EnableParameterEditing" : false,
                  "Height" : 618,
                  "Id" : "mashup-root",
                  "IgnoreWarningsInViewMashup" : false,
                  "IsPrintLayout" : false,
                  "Left" : 0,
                  "MashupToEditGadget" : "DefaultMashupToEditGadget",
                  "MinHeight" : 0,
                  "MinWidth" : 0,
                  "ResponsiveLayout" : true,
                  "Rows" : 0,
                  "ShowDataLoading" : true,
                  "Style" : "DefaultMashupStyle",
                  "StyleTheme" : "PTC Convergence Theme",
                  "Title" : "",
                  "TitleBar" : false,
                  "TitleBarStyle" : "DefaultTitleBarStyle",
                  "TitleBarText" : "Gadget Title Here",
                  "Top" : 0,
                  "Type" : "mashup",
                  "UseMasterTheme" : false,
                  "UseTheme" : false,
                  "UseThemeForHybrids" : false,
                  "Visible" : true,
                  "Width" : 1024,
                  "Z-index" : 10,
                  "__TypeDisplayName" : "Mashup",
                  "_currentParameterDefs" : [ {
                    "Aspects" : {
                      "bindingDirection" : "IN",
                      "isMandatory" : false
                    },
                    "BaseType" : "STRING",
                    "Description" : "Work Definition UID",
                    "ParameterName" : "WorkDefinitionUID"
                  } ],
                  "id_index" : 30,
                  "supportsAutoResize" : true
                },
                "Widgets" : [ {
                  "Properties" : {
                    "Area" : "UI",
                    "AutoEvaluate" : false,
                    "DataChangeType" : "ALWAYS",
                    "DisplayName" : "ToggleVideoVisibility",
                    "Expression" : "MediaUrl == undefined ? \"imageTab\" : \"videoTab\"",
                    "FireOnFirstValue" : false,
                    "Height" : 28,
                    "Id" : "expression-11",
                    "Left" : 0,
                    "OutputBaseType" : "STRING",
                    "ShowDataLoading" : true,
                    "Top" : 0,
                    "Type" : "expression",
                    "Visible" : true,
                    "Width" : 200,
                    "Z-index" : 10,
                    "__TypeDisplayName" : "Expression",
                    "_currentParameterDefs" : [ {
                      "BaseType" : "STRING",
                      "Description" : "",
                      "ParameterName" : "MediaUrl",
                      "isBindingTarget" : true,
                      "isValid" : true,
                      "name" : "MediaUrl"
                    } ],
                    "editMode" : "edit",
                    "helperType" : "expression",
                    "parameters" : [ {
                      "BaseType" : "STRING",
                      "Description" : "",
                      "ParameterName" : "MediaUrl",
                      "isValid" : true
                    } ],
                    "parametersToDelete" : [ ]
                  },
                  "Widgets" : [ ]
                }, {
                  "Properties" : {
                    "Area" : "UI",
                    "Columns" : 0,
                    "DisplayName" : "layout-23",
                    "Footer" : true,
                    "FooterHeight" : 25,
                    "Header" : false,
                    "HeaderHeight" : 0,
                    "Id" : "layout-23",
                    "IncludeSpacingInFixedAreas" : false,
                    "IsPrintLayout" : false,
                    "Left" : 150,
                    "LeftSidebar" : false,
                    "LeftSidebarWidth" : 0,
                    "Orientation" : "vertical",
                    "PctColumn1" : 50,
                    "PctColumn2" : 50,
                    "PctColumn3" : 1,
                    "PctColumn4" : 1,
                    "PctColumn5" : 1,
                    "PctColumn6" : 1,
                    "PctColumn7" : 1,
                    "PctColumn8" : 1,
                    "PctRow1" : 100,
                    "PctRow2" : 0,
                    "PctRow3" : 0,
                    "PctRow4" : 0,
                    "PctRow5" : 0,
                    "PctRow6" : 0,
                    "PctRow7" : 0,
                    "PctRow8" : 0,
                    "PrintMarginLeftRight" : 0.5,
                    "PrintMarginTopBottom" : 0.5,
                    "PrintWidth" : 650,
                    "ResponsiveLayout" : true,
                    "RightSidebar" : false,
                    "RightSidebarWidth" : 0,
                    "Rows" : 1,
                    "ShowDataLoading" : true,
                    "Spacing" : 0,
                    "Top" : 45,
                    "Type" : "layout",
                    "Visible" : true,
                    "Z-index" : 10,
                    "__TypeDisplayName" : "Layout"
                  },
                  "Widgets" : [ {
                    "Properties" : {
                      "AnimateExpandCollapse" : true,
                      "Area" : "UI",
                      "BGImageRepeat" : "no-repeat",
                      "BGImageSize" : "auto",
                      "DisplayName" : "Row 1",
                      "ExpandCollapseTabLocation" : "outside",
                      "Expanded" : true,
                      "Id" : "container-24",
                      "MinHeight" : 0,
                      "MinWidth" : 0,
                      "Overlay" : false,
                      "OverlayIsTransparent" : false,
                      "ResponsiveLayout" : true,
                      "ShowDataLoading" : true,
                      "ShowExpandCollapseTab" : false,
                      "Style" : "DefaultContainerStyle",
                      "TabCollapseStyle" : "DefaultTabCollapseStyle",
                      "TabExpandStyle" : "DefaultTabExpandStyle",
                      "TabHeight" : 36,
                      "TabLocation" : "center",
                      "TabOffset" : 0,
                      "TabWidth" : 36,
                      "Type" : "container",
                      "Visible" : true,
                      "Z-index" : 10,
                      "__TypeDisplayName" : "Container",
                      "userCannotRemove" : true
                    },
                    "Widgets" : [ {
                      "Properties" : {
                        "Area" : "UI",
                        "CurrentTab" : 2,
                        "DefaultTabAtRuntime" : 1,
                        "DisplayName" : "tabsv2-12",
                        "Height" : 300,
                        "Id" : "tabsv2-12",
                        "Left" : 85,
                        "MaxTabWidth" : 256,
                        "NumberOfTabs" : 2,
                        "ResponsiveLayout" : true,
                        "RoundedCorners" : false,
                        "ShowDataLoading" : true,
                        "Tab10Disabled" : false,
                        "Tab10Image" : "",
                        "Tab10Name" : "Tab10Name",
                        "Tab10Value" : "Tab10Value",
                        "Tab10Visible" : true,
                        "Tab11Disabled" : false,
                        "Tab11Image" : "",
                        "Tab11Name" : "Tab11Name",
                        "Tab11Value" : "Tab11Value",
                        "Tab11Visible" : true,
                        "Tab12Disabled" : false,
                        "Tab12Image" : "",
                        "Tab12Name" : "Tab12Name",
                        "Tab12Value" : "Tab12Value",
                        "Tab12Visible" : true,
                        "Tab13Disabled" : false,
                        "Tab13Image" : "",
                        "Tab13Name" : "Tab13Name",
                        "Tab13Value" : "Tab13Value",
                        "Tab13Visible" : true,
                        "Tab14Disabled" : false,
                        "Tab14Image" : "",
                        "Tab14Name" : "Tab14Name",
                        "Tab14Value" : "Tab14Value",
                        "Tab14Visible" : true,
                        "Tab15Disabled" : false,
                        "Tab15Image" : "",
                        "Tab15Name" : "Tab15Name",
                        "Tab15Value" : "Tab15Value",
                        "Tab15Visible" : true,
                        "Tab16Disabled" : false,
                        "Tab16Image" : "",
                        "Tab16Name" : "Tab16Name",
                        "Tab16Value" : "Tab16Value",
                        "Tab16Visible" : true,
                        "Tab1Disabled" : false,
                        "Tab1Image" : "",
                        "Tab1Name" : "imageTab",
                        "Tab1Value" : "Tab1Value",
                        "Tab1Visible" : true,
                        "Tab2Disabled" : false,
                        "Tab2Image" : "",
                        "Tab2Name" : "videoTab",
                        "Tab2Value" : "Tab2Value",
                        "Tab2Visible" : true,
                        "Tab3Disabled" : false,
                        "Tab3Image" : "",
                        "Tab3Name" : "Tab3Name",
                        "Tab3Value" : "Tab3Value",
                        "Tab3Visible" : true,
                        "Tab4Disabled" : false,
                        "Tab4Image" : "",
                        "Tab4Name" : "Tab4Name",
                        "Tab4Value" : "Tab4Value",
                        "Tab4Visible" : true,
                        "Tab5Disabled" : false,
                        "Tab5Image" : "",
                        "Tab5Name" : "Tab5Name",
                        "Tab5Value" : "Tab5Value",
                        "Tab5Visible" : true,
                        "Tab6Disabled" : false,
                        "Tab6Image" : "",
                        "Tab6Name" : "Tab6Name",
                        "Tab6Value" : "Tab6Value",
                        "Tab6Visible" : true,
                        "Tab7Disabled" : false,
                        "Tab7Image" : "",
                        "Tab7Name" : "Tab7Name",
                        "Tab7Value" : "Tab7Value",
                        "Tab7Visible" : true,
                        "Tab8Disabled" : false,
                        "Tab8Image" : "",
                        "Tab8Name" : "Tab8Name",
                        "Tab8Value" : "Tab8Value",
                        "Tab8Visible" : true,
                        "Tab9Disabled" : false,
                        "Tab9Image" : "",
                        "Tab9Name" : "Tab9Name",
                        "Tab9Value" : "Tab9Value",
                        "Tab9Visible" : true,
                        "TabContentStyle" : "DefaultTabContentStyle",
                        "TabDisabledStyle" : "DefaultTabDisabledStyle",
                        "TabHeight" : 0,
                        "TabSelectedStyle" : "DefaultTabSelectedStyle",
                        "TabSpacing" : 2,
                        "TabUnselectedStyle" : "DefaultTabUnselectedStyle",
                        "Top" : 30,
                        "Type" : "tabsv2",
                        "Visible" : true,
                        "Width" : 300,
                        "Z-index" : 10,
                        "__TypeDisplayName" : "Tabs - Responsive"
                      },
                      "Widgets" : [ {
                        "Properties" : {
                          "AnimateExpandCollapse" : true,
                          "Area" : "UI",
                          "BGImageRepeat" : "no-repeat",
                          "BGImageSize" : "auto",
                          "DisplayName" : "Tab #1",
                          "ExpandCollapseTabLocation" : "outside",
                          "Expanded" : true,
                          "Id" : "container-13",
                          "MinHeight" : 0,
                          "MinWidth" : 0,
                          "Overlay" : false,
                          "OverlayIsTransparent" : false,
                          "ResponsiveLayout" : true,
                          "ShowDataLoading" : true,
                          "ShowExpandCollapseTab" : false,
                          "Style" : "DefaultContainerStyle",
                          "TabCollapseStyle" : "DefaultTabCollapseStyle",
                          "TabExpandStyle" : "DefaultTabExpandStyle",
                          "TabHeight" : 36,
                          "TabLocation" : "center",
                          "TabOffset" : 0,
                          "TabWidth" : 36,
                          "Type" : "container",
                          "Visible" : true,
                          "Z-index" : 10,
                          "__TypeDisplayName" : "Container",
                          "userCannotRemove" : true
                        },
                        "Widgets" : [ {
                          "Properties" : {
                            "Area" : "UI",
                            "DisplayName" : "panel-15",
                            "Height" : 200,
                            "HideScrollbars" : false,
                            "HorizontalAnchor" : "left",
                            "Id" : "panel-15",
                            "Left" : 115,
                            "ResponsiveLayout" : true,
                            "ShowDataLoading" : true,
                            "Style" : "DefaultContainerStyle",
                            "Top" : 50,
                            "Type" : "panel",
                            "VerticalAnchor" : "top",
                            "Visible" : true,
                            "Width" : 300,
                            "Z-index" : 10,
                            "__TypeDisplayName" : "Panel"
                          },
                          "Widgets" : [ {
                            "Properties" : {
                              "Area" : "UI",
                              "DisplayName" : "panel-16",
                              "Height" : 200,
                              "HideScrollbars" : false,
                              "HorizontalAnchor" : "center",
                              "Id" : "panel-16",
                              "Left" : 110,
                              "ResponsiveLayout" : false,
                              "ShowDataLoading" : true,
                              "Style" : "DefaultContainerStyle",
                              "Top" : 40,
                              "Type" : "panel",
                              "VerticalAnchor" : "middle",
                              "Visible" : true,
                              "Width" : 200,
                              "Z-index" : 10,
                              "__TypeDisplayName" : "Panel"
                            },
                            "Widgets" : [ {
                              "Properties" : {
                                "AlternateText" : "",
                                "Area" : "UI",
                                "BorderStyle" : "DefaultImageBorderStyle",
                                "DisplayName" : "image-17",
                                "Height" : 100,
                                "Id" : "image-17",
                                "Left" : 10,
                                "PreventCaching" : false,
                                "ResponsiveLayout" : false,
                                "Scaling" : "width",
                                "ShowDataLoading" : true,
                                "SourceURL" : "PTC.SCA.SCO.DefaultWorkDefinitionThumbnailIcon",
                                "ToolTipField" : "",
                                "ToolTipStyle" : "DefaultTooltipStyle",
                                "Top" : 10,
                                "Type" : "image",
                                "Visible" : true,
                                "Width" : 100,
                                "Z-index" : 10,
                                "__TypeDisplayName" : "Image",
                                "__supportsTooltip" : true
                              },
                              "Widgets" : [ ]
                            } ]
                          } ]
                        } ]
                      }, {
                        "Properties" : {
                          "AnimateExpandCollapse" : true,
                          "Area" : "UI",
                          "BGImageRepeat" : "no-repeat",
                          "BGImageSize" : "auto",
                          "DisplayName" : "Tab #2",
                          "ExpandCollapseTabLocation" : "outside",
                          "Expanded" : true,
                          "Id" : "container-14",
                          "MinHeight" : 0,
                          "MinWidth" : 0,
                          "Overlay" : false,
                          "OverlayIsTransparent" : false,
                          "ResponsiveLayout" : true,
                          "ShowDataLoading" : true,
                          "ShowExpandCollapseTab" : false,
                          "Style" : "DefaultContainerStyle",
                          "TabCollapseStyle" : "DefaultTabCollapseStyle",
                          "TabExpandStyle" : "DefaultTabExpandStyle",
                          "TabHeight" : 36,
                          "TabLocation" : "center",
                          "TabOffset" : 0,
                          "TabWidth" : 36,
                          "Type" : "container",
                          "Visible" : true,
                          "Z-index" : 10,
                          "__TypeDisplayName" : "Container",
                          "userCannotRemove" : true
                        },
                        "Widgets" : [ {
                          "Properties" : {
                            "Area" : "UI",
                            "DisplayName" : "panel-30",
                            "Height" : 200,
                            "HideScrollbars" : false,
                            "HorizontalAnchor" : "left",
                            "Id" : "panel-30",
                            "Left" : 245,
                            "ResponsiveLayout" : true,
                            "ShowDataLoading" : true,
                            "Style" : "DefaultPanelStyle",
                            "Top" : 10,
                            "Type" : "panel",
                            "VerticalAnchor" : "top",
                            "Visible" : true,
                            "Width" : 300,
                            "Z-index" : 10,
                            "__TypeDisplayName" : "Panel"
                          },
                          "Widgets" : [ {
                            "Properties" : {
                              "Area" : "UI",
                              "DisplayName" : "videoplayer-28",
                              "Height" : 200,
                              "Id" : "videoplayer-28",
                              "Left" : 10,
                              "ResponsiveLayout" : false,
                              "ShowControls" : true,
                              "ShowDataLoading" : true,
                              "Top" : 10,
                              "Type" : "videoplayer",
                              "VideoURL" : "",
                              "Visible" : true,
                              "Width" : 200,
                              "Z-index" : 10,
                              "__TypeDisplayName" : "Video Player"
                            },
                            "Widgets" : [ ]
                          } ]
                        } ]
                      } ]
                    } ]
                  }, {
                    "Properties" : {
                      "AnimateExpandCollapse" : true,
                      "Area" : "UI",
                      "BGImageRepeat" : "no-repeat",
                      "BGImageSize" : "auto",
                      "DisplayName" : "Footer",
                      "ExpandCollapseTabLocation" : "outside",
                      "Expanded" : true,
                      "Id" : "container-25",
                      "MinHeight" : 0,
                      "MinWidth" : 0,
                      "Overlay" : false,
                      "OverlayIsTransparent" : false,
                      "ResponsiveLayout" : true,
                      "ShowDataLoading" : true,
                      "ShowExpandCollapseTab" : false,
                      "Style" : "DefaultContainerStyle",
                      "TabCollapseStyle" : "DefaultTabCollapseStyle",
                      "TabExpandStyle" : "DefaultTabExpandStyle",
                      "TabHeight" : 36,
                      "TabLocation" : "center",
                      "TabOffset" : 0,
                      "TabWidth" : 36,
                      "Type" : "container",
                      "Visible" : true,
                      "Z-index" : 10,
                      "__TypeDisplayName" : "Container",
                      "userCannotRemove" : true
                    },
                    "Widgets" : [ {
                      "Properties" : {
                        "AllowSelection" : true,
                        "AlwaysUseCustomScrollerOniOS" : true,
                        "Area" : "UI",
                        "AutoSelectFirstRow" : true,
                        "BottomPadding" : 0,
                        "CellActiveStyle" : "DefaultCollectionCellActiveStyle",
                        "CellBorderRadius" : "8px",
                        "CellBoxShadow" : "0 2px 5px rgba(0,0,0,0.3)",
                        "CellHoverStyle" : "PTC.SCA.SCO.DefaultCollectionCellHoverStyleDefinition",
                        "CellMashupSelectedField" : "",
                        "CellMenuStatesIconGravity" : "Left",
                        "CellMenuStatesIconSize" : 16,
                        "CellMenuStatesOrientation" : "Horizontal",
                        "CellMenuStatesUseBuiltin" : false,
                        "CellMultipleSelectionType" : "Disabled",
                        "CellPointer" : "pointer",
                        "CellSelectedStyle" : "PTC.SCA.SCO.DefaultCollectionCellSelectedStyleDefinition",
                        "CellStyle" : "DefaultCollectionCellStyle",
                        "DisplayName" : "collection-26",
                        "FlowLayoutAlignment" : "Center",
                        "FlowLayoutContentGravity" : "Center",
                        "FlowLayoutGravity" : "Center",
                        "FooterHeight" : 44,
                        "FooterSectionParam" : "",
                        "HandleSelectionUpdates" : true,
                        "HasSelectedCells" : false,
                        "HeaderHeight" : 44,
                        "HeaderSectionParam" : "",
                        "Height" : 300,
                        "Id" : "collection-26",
                        "ItemLoadBehavior" : "loadUnload",
                        "Left" : 60,
                        "LeftAlignFinalRow" : false,
                        "Mashup" : "PTC.SCA.SCO.WorkDefinition.MultipleMediaDotMashup",
                        "MashupGlobalPropertyBinding" : {},
                        "MashupHeight" : 15,
                        "MashupPropertyBinding" : {},
                        "MashupWidth" : 15,
                        "MinimumSpacing" : 10,
                        "MultiSelect" : false,
                        "OffScreenBufferFactor" : 0.1,
                        "PinFootersToBottom" : false,
                        "PinHeadersToTop" : false,
                        "PlaysIntroAnimation" : true,
                        "ResponsiveLayout" : true,
                        "RippleEffectStyle" : "DefaultCollectionRippleStyle",
                        "RowSpacing" : 0,
                        "ScrollbarType" : "hover",
                        "ScrollsToSelectedCell" : false,
                        "SectionInsetBottom" : 0,
                        "SectionInsetLeft" : 0,
                        "SectionInsetRight" : 0,
                        "SectionInsetTop" : 0,
                        "SelectedCellsCount" : 0,
                        "ShowDataLoading" : true,
                        "ShowFooters" : false,
                        "ShowHeaders" : false,
                        "SortAscending" : false,
                        "Top" : 10,
                        "TopPadding" : 0,
                        "Type" : "collection",
                        "UIDField" : "IllustrationURL",
                        "UseCustomScrollerOnWindowsDesktops" : true,
                        "UseMashupDimensions" : false,
                        "UseRippleEffect" : false,
                        "View" : "flow",
                        "Visible" : true,
                        "Width" : 400,
                        "Z-index" : 10,
                        "_CanDoubleClick" : false,
                        "_EventDataShape" : {"UID":{"name":"UID","aspects":{"isPrimaryKey":true},"description":"","baseType":"LONG","ordinal":1},"Type":{"name":"Type","aspects":{},"description":"","baseType":"STRING","ordinal":5},"IllustrationURL":{"name":"IllustrationURL","aspects":{},"description":"","baseType":"STRING","ordinal":4},"WorkDefinitionUID":{"name":"WorkDefinitionUID","aspects":{},"description":"","baseType":"LONG","ordinal":2},"IllustrationName":{"name":"IllustrationName","aspects":{},"description":"","baseType":"STRING","ordinal":3}},
                        "_GlobalDataShape" : {},
                        "_MenuDefinition" : "[]",
                        "__TypeDisplayName" : "Collection"
                      },
                      "Widgets" : [ ]
                    } ]
                  } ]
                } ]
              },
              "mashupType" : "mashup"
            }
            ]]>
            </mashupContent>
            <preview></preview>
        </Mashup>
    </Mashups>
</Entities>
