<?xml version="1.0" encoding="UTF-8"?>
<Entities
 build="b7281"
 majorVersion="0"
 minorVersion="0"
 modelPersistenceProviderPackage="PostgresPersistenceProviderPackage"
 revision="0"
 schemaVersion="1050"
 universal="password">
    <Mashups>
        <Mashup
         aspect.isEditableExtensionObject="false"
         aspect.isExtension="true"
         aspect.isResponsive="true"
         aspect.mashupType="mashup"
         columns="0.0"
         description="Sequential Navigation Mashup with collection widget at the bottom inside footer  "
         documentationContent=""
         homeMashup=""
         lastModifiedDate="2019-07-22T09:53:48.041-04:00"
         name="PTC.SCA.SCO.WorkDefinitionHorizontalSequentialNavigation"
         projectName=""
         rows="0.0"
         tags="PTC:OA">
            <avatar></avatar>
            <DesignTimePermissions>
                <Create></Create>
                <Read></Read>
                <Update></Update>
                <Delete></Delete>
                <Metadata></Metadata>
            </DesignTimePermissions>
            <RunTimePermissions></RunTimePermissions>
            <VisibilityPermissions>
                <Visibility></Visibility>
            </VisibilityPermissions>
            <ConfigurationTableDefinitions></ConfigurationTableDefinitions>
            <ConfigurationTables></ConfigurationTables>
            <ParameterDefinitions>
                <FieldDefinition
                 aspect.bindingDirection="BOTH"
                 aspect.isMandatory="false"
                 aspect.ordinal="1"
                 baseType="STRING"
                 description=""
                 name="UID"
                 ordinal="0"></FieldDefinition>
                <FieldDefinition
                 aspect.bindingDirection="BOTH"
                 aspect.isMandatory="false"
                 aspect.ordinal="0"
                 baseType="STRING"
                 description=""
                 name="WorkDefinitionUID"
                 ordinal="0"></FieldDefinition>
            </ParameterDefinitions>
            <Things>
                <Thing>PTC.SCA.SCO.ProductionOrderUtils</Thing>
            </Things>
            <ThingShapes></ThingShapes>
            <ThingTemplates></ThingTemplates>
            <mashupContent>
            <![CDATA[
            {
              "CustomMashupCss" : ".step-collection .BMCollectionViewCellWrapper.BMCollectionViewCellSelected {\n    box-sizing: border-box;\n    border: 3px solid #0094c8;\n    box-shadow: 0 1px 4px 0 rgba(35,43,45,0.3);\n}\n.step-collection .BMCollectionViewCellWrapper:not(.BMCollectionViewCellSelected) {  \n    box-sizing: border-box;\n    border:  1px solid #d8dbde;\n  \n}\n.step-collection .BMCollectionViewCellWrapper.BMCollectionViewCellSelected:hover {\n    box-sizing: border-box;\n    border: 3px solid #d8dbde;\n    box-shadow: none;\n}\n.step-collection .BMCollectionViewCellWrapper:not(.BMCollectionViewCellSelected):hover {  \n    box-sizing: border-box;\n    border:  3px solid #d8dbde;\n}\n.widget-bounding-box.nonresponsive.button-css{\n    left:85%;\n    right:15%;\n}\n",
              "Data" : {
                "Session" : {
                  "DataName" : "Session",
                  "EntityName" : "",
                  "EntityType" : "Session",
                  "Id" : "session",
                  "Services" : [ {
                    "APIMethod" : "post",
                    "Characteristic" : "Services",
                    "Id" : "SessionInterface",
                    "Name" : "GetGlobalSessionValues",
                    "Parameters" : { },
                    "RefreshInterval" : 0,
                    "Target" : "GetGlobalSessionValues"
                  } ]
                },
                "Things_PTC.SCA.SCO.ProductionOrderUtils" : {
                  "DataName" : "Things_PTC.SCA.SCO.ProductionOrderUtils",
                  "EntityName" : "PTC.SCA.SCO.ProductionOrderUtils",
                  "EntityType" : "Things",
                  "Id" : "4b8a07aa-6efc-4afc-902e-1f1af80a7937",
                  "Services" : [ {
                    "APIMethod" : "post",
                    "Characteristic" : "Services",
                    "Id" : "68bbcc01-bbb2-4c3e-a8b0-8a382bd26ee1",
                    "Name" : "GetChildrenWorkDefinitionsWithThumbnails",
                    "Parameters" : { },
                    "RefreshInterval" : 0,
                    "Target" : "GetChildrenWorkDefinitionsWithThumbnails"
                  }, {
                    "APIMethod" : "post",
                    "Characteristic" : "Services",
                    "Id" : "3bd4f871-8a7b-4ed5-8797-3f6e87eba267",
                    "Name" : "UpdateWorkDefinitionStatusAsCompleted",
                    "Parameters" : { },
                    "RefreshInterval" : 0,
                    "Target" : "UpdateWorkDefinitionStatusAsCompleted"
                  } ]
                },
                "UserExtensions" : {
                  "DataName" : "UserExtensions",
                  "EntityName" : "",
                  "EntityType" : "UserExtensions",
                  "Id" : "UserExtensions",
                  "Services" : [ {
                    "APIMethod" : "post",
                    "Characteristic" : "Services",
                    "Id" : "UserExtensionInterface",
                    "Name" : "GetCurrentUserExtensionProperties",
                    "Parameters" : { },
                    "RefreshInterval" : 0,
                    "Target" : "GetCurrentUserExtensionProperties"
                  } ]
                }
              },
              "DataBindings" : [ {
                "Id" : "78d25803-ad11-4921-b6e2-8024810e1dde",
                "PropertyMaps" : [ {
                  "SourceProperty" : "",
                  "SourcePropertyBaseType" : "INFOTABLE",
                  "SourcePropertyType" : "InfoTable",
                  "TargetProperty" : "Data",
                  "TargetPropertyBaseType" : "INFOTABLE",
                  "TargetPropertyType" : "property"
                } ],
                "SourceArea" : "Data",
                "SourceDetails" : "AllData",
                "SourceId" : "GetChildrenWorkDefinitionsWithThumbnails",
                "SourceSection" : "Things_PTC.SCA.SCO.ProductionOrderUtils",
                "TargetArea" : "UI",
                "TargetId" : "collection-19",
                "TargetSection" : ""
              }, {
                "Id" : "f3d00668-c64c-4ccb-b0da-61f27f95a029",
                "PropertyMaps" : [ {
                  "SourceProperty" : "UID",
                  "SourcePropertyBaseType" : "STRING",
                  "TargetProperty" : "WorkDefinitionUID",
                  "TargetPropertyBaseType" : "STRING",
                  "TargetPropertyType" : "Parameter"
                } ],
                "SourceArea" : "Data",
                "SourceDetails" : "SelectedRows",
                "SourceId" : "GetChildrenWorkDefinitionsWithThumbnails",
                "SourceSection" : "Things_PTC.SCA.SCO.ProductionOrderUtils",
                "TargetArea" : "Data",
                "TargetId" : "UpdateWorkDefinitionStatusAsCompleted",
                "TargetSection" : "Things_PTC.SCA.SCO.ProductionOrderUtils"
              }, {
                "Id" : "ba36ddf4-2912-4420-a705-2445a228794f",
                "PropertyMaps" : [ {
                  "SourceProperty" : "UID",
                  "SourcePropertyBaseType" : "STRING",
                  "SourcePropertyType" : "Field",
                  "TargetProperty" : "UID",
                  "TargetPropertyBaseType" : "STRING",
                  "TargetPropertyType" : "property"
                } ],
                "SourceArea" : "Data",
                "SourceDetails" : "SelectedRows",
                "SourceId" : "GetChildrenWorkDefinitionsWithThumbnails",
                "SourceSection" : "Things_PTC.SCA.SCO.ProductionOrderUtils",
                "TargetArea" : "Mashup",
                "TargetId" : "mashup-root",
                "TargetSection" : ""
              }, {
                "Id" : "e4461c1f-a776-49f5-b0d4-95740727059a",
                "PropertyMaps" : [ {
                  "SourceProperty" : "WorkDefinitionUID",
                  "SourcePropertyBaseType" : "STRING",
                  "TargetProperty" : "WorkDefinitionUID",
                  "TargetPropertyBaseType" : "STRING",
                  "TargetPropertyType" : "Parameter"
                } ],
                "SourceArea" : "Mashup",
                "SourceId" : "mashup-root",
                "SourceSection" : "",
                "TargetArea" : "Data",
                "TargetId" : "GetChildrenWorkDefinitionsWithThumbnails",
                "TargetSection" : "Things_PTC.SCA.SCO.ProductionOrderUtils"
              } ],
              "DesignTimePermissions" : {
                "Create" : [ ],
                "Delete" : [ ],
                "Metadata" : [ ],
                "Read" : [ ],
                "Update" : [ ]
              },
              "Events" : [ {
                "EventHandlerArea" : "Data",
                "EventHandlerId" : "Things_PTC.SCA.SCO.ProductionOrderUtils",
                "EventHandlerService" : "GetChildrenWorkDefinitionsWithThumbnails",
                "EventTriggerArea" : "Data",
                "EventTriggerEvent" : "ServiceInvokeCompleted",
                "EventTriggerId" : "UpdateWorkDefinitionStatusAsCompleted",
                "EventTriggerSection" : "Things_PTC.SCA.SCO.ProductionOrderUtils",
                "Id" : "6737fa10-1ba2-45c3-b26b-283882089614"
              }, {
                "EventHandlerArea" : "Data",
                "EventHandlerId" : "Things_PTC.SCA.SCO.ProductionOrderUtils",
                "EventHandlerService" : "UpdateWorkDefinitionStatusAsCompleted",
                "EventTriggerArea" : "UI",
                "EventTriggerEvent" : "Clicked",
                "EventTriggerId" : "ptcsbutton-23",
                "EventTriggerSection" : "",
                "Id" : "d4f43758-beff-4f24-9ea7-2124e6431e8b"
              }, {
                "EventHandlerArea" : "Data",
                "EventHandlerId" : "Things_PTC.SCA.SCO.ProductionOrderUtils",
                "EventHandlerService" : "GetChildrenWorkDefinitionsWithThumbnails",
                "EventTriggerArea" : "Mashup",
                "EventTriggerEvent" : "WorkDefinitionUIDChanged",
                "EventTriggerId" : "mashup-root",
                "EventTriggerSection" : "",
                "Id" : "8e244e78-6e65-4c2f-8cdd-74e631a6f10e"
              } ],
              "RunTimePermissions" : {
                "permissions" : [ ]
              },
              "UI" : {
                "Properties" : {
                  "AddToDashboardButton" : "SimplePlus",
                  "AddToDashboardButtonStyle" : "DefaultAddToDashboardButtonStyle",
                  "Area" : "Mashup",
                  "BGImage" : "",
                  "BGImageRepeat" : "no-repeat",
                  "BGImageSize" : "auto",
                  "Columns" : 0,
                  "ConfigureGadgetButton" : "SimpleGear",
                  "ConfigureGadgetButtonStyle" : "DefaultConfigureGadgetButtonStyle",
                  "DisplayName" : "Mashup",
                  "EnableParameterEditing" : false,
                  "Height" : 618,
                  "Id" : "mashup-root",
                  "IgnoreWarningsInViewMashup" : false,
                  "IsPrintLayout" : false,
                  "Left" : 0,
                  "MashupToEditGadget" : "DefaultMashupToEditGadget",
                  "MigratedOn" : "2019-06-14T18:20:37.000Z",
                  "MinHeight" : 0,
                  "MinWidth" : 0,
                  "ResponsiveLayout" : true,
                  "Rows" : 0,
                  "ShowDataLoading" : true,
                  "Style" : "DefaultMashupStyle",
                  "StyleProperties" : {
                    "data" : { },
                    "meta" : {
                      "type" : "WidgetStyler",
                      "version" : "1.0"
                    }
                  },
                  "StyleTheme" : "PTC Convergence Theme",
                  "Title" : "",
                  "TitleBar" : false,
                  "TitleBarStyle" : "DefaultTitleBarStyle",
                  "TitleBarText" : "Gadget Title Here",
                  "Top" : 0,
                  "Type" : "mashup",
                  "UseMasterTheme" : false,
                  "UseTheme" : false,
                  "UseThemeForHybrids" : false,
                  "Visible" : true,
                  "Width" : 1024,
                  "Z-index" : 10,
                  "__TypeDisplayName" : "Mashup",
                  "_currentParameterDefs" : [ {
                    "Aspects" : {
                      "bindingDirection" : "BOTH",
                      "isMandatory" : false
                    },
                    "BaseType" : "STRING",
                    "Description" : "",
                    "ParameterName" : "WorkDefinitionUID"
                  }, {
                    "Aspects" : {
                      "bindingDirection" : "BOTH",
                      "isMandatory" : false
                    },
                    "BaseType" : "STRING",
                    "Description" : "",
                    "ParameterName" : "UID"
                  } ],
                  "flex-grow" : "",
                  "flex-shrink" : "",
                  "id_index" : 27,
                  "supportsAutoResize" : true
                },
                "Widgets" : [ {
                  "Properties" : {
                    "Area" : "UI",
                    "Columns" : 0,
                    "DisplayName" : "layout-16",
                    "Footer" : false,
                    "FooterHeight" : 0,
                    "Header" : true,
                    "HeaderHeight" : 60,
                    "Id" : "layout-16",
                    "IncludeSpacingInFixedAreas" : false,
                    "IsPrintLayout" : false,
                    "Left" : 230,
                    "LeftSidebar" : false,
                    "LeftSidebarWidth" : 0,
                    "Orientation" : "vertical",
                    "PctColumn1" : 50,
                    "PctColumn2" : 50,
                    "PctColumn3" : 1,
                    "PctColumn4" : 1,
                    "PctColumn5" : 1,
                    "PctColumn6" : 1,
                    "PctColumn7" : 1,
                    "PctColumn8" : 1,
                    "PctRow1" : 100,
                    "PctRow2" : 0,
                    "PctRow3" : 0,
                    "PctRow4" : 0,
                    "PctRow5" : 0,
                    "PctRow6" : 0,
                    "PctRow7" : 0,
                    "PctRow8" : 0,
                    "PrintMarginLeftRight" : 0.5,
                    "PrintMarginTopBottom" : 0.5,
                    "PrintWidth" : 650,
                    "ResponsiveLayout" : true,
                    "RightSidebar" : false,
                    "RightSidebarWidth" : 0,
                    "Rows" : 1,
                    "ShowDataLoading" : true,
                    "Spacing" : 0,
                    "Top" : 60,
                    "Type" : "layout",
                    "Visible" : true,
                    "Z-index" : 10,
                    "__TypeDisplayName" : "Layout",
                    "flex-grow" : "",
                    "flex-shrink" : ""
                  },
                  "Widgets" : [ {
                    "Properties" : {
                      "AnimateExpandCollapse" : true,
                      "Area" : "UI",
                      "BGImageRepeat" : "no-repeat",
                      "BGImageSize" : "auto",
                      "DisplayName" : "Header",
                      "ExpandCollapseTabLocation" : "outside",
                      "Expanded" : true,
                      "Id" : "container-17",
                      "MinHeight" : 0,
                      "MinWidth" : 0,
                      "Overlay" : false,
                      "OverlayIsTransparent" : false,
                      "ResponsiveLayout" : true,
                      "ShowDataLoading" : true,
                      "ShowExpandCollapseTab" : false,
                      "Style" : "DefaultContainerStyle",
                      "TabCollapseStyle" : "DefaultTabCollapseStyle",
                      "TabExpandStyle" : "DefaultTabExpandStyle",
                      "TabHeight" : 36,
                      "TabLocation" : "center",
                      "TabOffset" : 0,
                      "TabWidth" : 36,
                      "Type" : "container",
                      "Visible" : true,
                      "Z-index" : 10,
                      "__TypeDisplayName" : "Container",
                      "userCannotRemove" : true
                    },
                    "Widgets" : [ {
                      "Properties" : {
                        "Area" : "UI",
                        "DisplayName" : "panel-20",
                        "Height" : 200,
                        "HideScrollbars" : false,
                        "HorizontalAnchor" : "left",
                        "Id" : "panel-20",
                        "Left" : 110,
                        "ResponsiveLayout" : true,
                        "ShowDataLoading" : true,
                        "Style" : "DefaultPanelStyle",
                        "Top" : 45,
                        "Type" : "panel",
                        "VerticalAnchor" : "top",
                        "Visible" : true,
                        "Width" : 300,
                        "Z-index" : 10,
                        "__TypeDisplayName" : "Panel"
                      },
                      "Widgets" : [ {
                        "Properties" : {
                          "Area" : "UI",
                          "ButtonType" : "tertiary",
                          "ContextID" : "",
                          "CustomClass" : "button-css",
                          "Description" : "",
                          "Disabled" : false,
                          "DisplayName" : "ptcs-button-23",
                          "Height" : 34,
                          "Id" : "ptcsbutton-23",
                          "Label" : "Complete",
                          "LabelAlignment" : "center",
                          "Left" : 1550,
                          "ResponsiveLayout" : false,
                          "ShowDataLoading" : true,
                          "TabSequence" : 0,
                          "ToolTipField" : "",
                          "ToolTipStyle" : "DefaultTooltipStyle",
                          "Top" : 5,
                          "Type" : "ptcsbutton",
                          "UseTheme" : true,
                          "Visible" : true,
                          "Width" : 110,
                          "Z-index" : 10,
                          "__TypeDisplayName" : "Button",
                          "__supportsTooltip" : true
                        },
                        "Widgets" : [ ]
                      } ]
                    } ]
                  }, {
                    "Properties" : {
                      "AnimateExpandCollapse" : true,
                      "Area" : "UI",
                      "BGImageRepeat" : "no-repeat",
                      "BGImageSize" : "auto",
                      "DisplayName" : "Row 1",
                      "ExpandCollapseTabLocation" : "outside",
                      "Expanded" : true,
                      "Id" : "container-18",
                      "MinHeight" : 0,
                      "MinWidth" : 0,
                      "Overlay" : false,
                      "OverlayIsTransparent" : false,
                      "ResponsiveLayout" : true,
                      "ShowDataLoading" : true,
                      "ShowExpandCollapseTab" : false,
                      "Style" : "DefaultContainerStyle",
                      "TabCollapseStyle" : "DefaultTabCollapseStyle",
                      "TabExpandStyle" : "DefaultTabExpandStyle",
                      "TabHeight" : 36,
                      "TabLocation" : "center",
                      "TabOffset" : 0,
                      "TabWidth" : 36,
                      "Type" : "container",
                      "Visible" : true,
                      "Z-index" : 10,
                      "__TypeDisplayName" : "Container",
                      "userCannotRemove" : true
                    },
                    "Widgets" : [ {
                      "Properties" : {
                        "AllowSelection" : true,
                        "AlwaysUseCustomScrollerOniOS" : true,
                        "Area" : "UI",
                        "AutoSelectFirstRow" : false,
                        "BottomPadding" : 48,
                        "CellActiveStyle" : "DefaultCollectionCellActiveStyle",
                        "CellBorderRadius" : 0,
                        "CellBoxShadow" : "",
                        "CellHoverStyle" : "DefaultCollectionCellHoverStyle",
                        "CellMashupSelectedField" : "",
                        "CellMenuStatesIconGravity" : "Left",
                        "CellMenuStatesIconSize" : 16,
                        "CellMenuStatesOrientation" : "Horizontal",
                        "CellMenuStatesUseBuiltin" : false,
                        "CellMultipleSelectionType" : "Disabled",
                        "CellPointer" : "pointer",
                        "CellSelectedStyle" : "DefaultCollectionCellSelectedStyle",
                        "CellStyle" : "DefaultCollectionCellStyle",
                        "CustomClass" : "step-collection",
                        "DisableWrapping" : true,
                        "DisplayName" : "collection-19",
                        "FlowLayoutAlignment" : "Top",
                        "FlowLayoutContentGravity" : "Top",
                        "FlowLayoutGravity" : "Center",
                        "FooterHeight" : 24,
                        "FooterSectionParam" : "",
                        "HandleSelectionUpdates" : true,
                        "HasSelectedCells" : false,
                        "HeaderHeight" : 44,
                        "HeaderSectionParam" : "",
                        "Height" : 300,
                        "Id" : "collection-19",
                        "ItemLoadBehavior" : "loadUnload",
                        "Left" : 105,
                        "LeftAlignFinalRow" : false,
                        "Mashup" : "PTC.SCA.SCO.WorkDefinitionStep",
                        "MashupGlobalPropertyBinding" : {},
                        "MashupHeight" : 165,
                        "MashupPropertyBinding" : {"SequenceNumber":"WorkDefinitionStep","IllustrationURL":"WorkDefinitionThumbnail","IsCompleted":"IsWorkDefinitionCompleted"},
                        "MashupWidth" : 117,
                        "MinimumSpacing" : 30,
                        "MultiSelect" : false,
                        "OffScreenBufferFactor" : 0.1,
                        "PinFootersToBottom" : false,
                        "PinHeadersToTop" : false,
                        "PlaysIntroAnimation" : true,
                        "ResponsiveLayout" : true,
                        "RippleEffectStyle" : "DefaultCollectionRippleStyle",
                        "RowSpacing" : 34,
                        "ScrollbarType" : "hover",
                        "ScrollsToSelectedCell" : false,
                        "SectionInsetBottom" : 0,
                        "SectionInsetLeft" : 0,
                        "SectionInsetRight" : 0,
                        "SectionInsetTop" : 0,
                        "SelectedCellsCount" : 0,
                        "ShowDataLoading" : true,
                        "ShowFooters" : false,
                        "ShowHeaders" : false,
                        "SortAscending" : false,
                        "Top" : 15,
                        "TopPadding" : 60,
                        "Type" : "collection",
                        "UIDField" : "UID",
                        "UseCustomScrollerOnWindowsDesktops" : true,
                        "UseMashupDimensions" : false,
                        "UseRippleEffect" : false,
                        "View" : "flow",
                        "Visible" : true,
                        "Width" : 400,
                        "Z-index" : 10,
                        "_CanDoubleClick" : false,
                        "_EventDataShape" : {"IllustrationName":{"name":"IllustrationName","aspects":{},"description":"Illustration Name from GetWorkDefinitionThumbnail service","baseType":"STRING","ordinal":3},"IllustrationUID":{"name":"IllustrationUID","aspects":{},"description":"UID from GetWorkDefinitionThumbnail service","baseType":"LONG","ordinal":2},"IllustrationURL":{"name":"IllustrationURL","aspects":{},"description":"Illustration URL from GetWorkDefinitionThumbnail service","baseType":"STRING","ordinal":4},"IsCompleted":{"name":"IsCompleted","aspects":{"isPrimaryKey":false},"description":"Execution status for a work definition step","baseType":"BOOLEAN","ordinal":7},"SequenceNumber":{"name":"SequenceNumber","aspects":{"isPrimaryKey":false},"description":"Sequence Number from Work Definition Table","baseType":"INTEGER","ordinal":6},"Type":{"name":"Type","aspects":{},"description":"Type from GetWorkDefinitionThumbnail service","baseType":"STRING","ordinal":5},"UID":{"name":"UID","aspects":{"isPrimaryKey":true},"description":"UID from WOrk Definition Table","baseType":"LONG","ordinal":1}},
                        "_GlobalDataShape" : {},
                        "_MenuDefinition" : "[]",
                        "__TypeDisplayName" : "Collection"
                      },
                      "Widgets" : [ ]
                    } ]
                  } ]
                } ]
              },
              "mashupType" : "mashup"
            }
            ]]>
            </mashupContent>
            <preview></preview>
        </Mashup>
    </Mashups>
</Entities>
