<?xml version="1.0" encoding="UTF-8"?>
<Entities
 build="b6813"
 majorVersion="0"
 minorVersion="0"
 modelPersistenceProviderPackage="PostgresPersistenceProviderPackage"
 revision="0"
 schemaVersion="1050"
 universal="password">
    <Mashups>
        <Mashup
         aspect.isEditableExtensionObject="false"
         aspect.isExtension="true"
         aspect.isFlex="true"
         aspect.isResponsive="true"
         aspect.mashupType="mashup"
         columns="0.0"
         description="Sequential Navigation with collection widget on the Left Side Bar"
         documentationContent=""
         homeMashup=""
         lastModifiedDate="2019-05-16T13:42:47.235-04:00"
         name="PTC.SCA.SCO.WorkDefinitionVerticalSequentialNavigation"
         projectName=""
         rows="0.0"
         tags="PTC:OA">
            <avatar></avatar>
            <DesignTimePermissions>
                <Create></Create>
                <Read></Read>
                <Update></Update>
                <Delete></Delete>
                <Metadata></Metadata>
            </DesignTimePermissions>
            <RunTimePermissions></RunTimePermissions>
            <VisibilityPermissions>
                <Visibility></Visibility>
            </VisibilityPermissions>
            <ConfigurationTableDefinitions></ConfigurationTableDefinitions>
            <ConfigurationTables></ConfigurationTables>
            <ParameterDefinitions></ParameterDefinitions>
            <Things>
                <Thing>PTC.SCA.SCO.ProductionOrderUtils</Thing>
            </Things>
            <ThingShapes></ThingShapes>
            <ThingTemplates></ThingTemplates>
            <mashupContent>
            <![CDATA[
            {
              "CustomMashupCss" : ".step-collection .iScrollVerticalScrollbar.iScrollLoneScrollbar{\n    width: 0px !important;\n}\n.step-collection .BMCollectionViewCellWrapper.BMCollectionViewCellSelected{\n    box-sizing: border-box;\n    border: 3px solid #0094c8;\n    box-shadow: 0 1px 4px 0 rgba(35,43,45,0.3);\n}\n.step-collection .BMCollectionViewCellWrapper:not(.BMCollectionViewCellSelected) {  \n    box-sizing: border-box;\n    border:  1px solid #d8dbde;\n  \n}\n.step-collection .BMCollectionViewCellWrapper.BMCollectionViewCellSelected:hover {\n    box-sizing: border-box;\n    border: 3px solid #d8dbde;\n    box-shadow: none;\n}\n.step-collection .BMCollectionViewCellWrapper:not(.BMCollectionViewCellSelected):hover {  \n    box-sizing: border-box;\n    border:  3px solid #d8dbde;\n}",
              "Data" : {
                "Session" : {
                  "DataName" : "Session",
                  "EntityName" : "",
                  "EntityType" : "Session",
                  "Id" : "session",
                  "Services" : [ {
                    "APIMethod" : "post",
                    "Characteristic" : "Services",
                    "Id" : "SessionInterface",
                    "Name" : "GetGlobalSessionValues",
                    "Parameters" : { },
                    "RefreshInterval" : 0,
                    "Target" : "GetGlobalSessionValues"
                  } ]
                },
                "Things_PTC.SCA.SCO.ProductionOrderUtils" : {
                  "DataName" : "Things_PTC.SCA.SCO.ProductionOrderUtils",
                  "EntityName" : "PTC.SCA.SCO.ProductionOrderUtils",
                  "EntityType" : "Things",
                  "Id" : "77028fe8-b458-4686-88d8-c3e226ac8380",
                  "Services" : [ {
                    "APIMethod" : "post",
                    "Characteristic" : "Services",
                    "Id" : "b81e27b4-3b14-41ee-8033-bb2e5c71f1b8",
                    "Name" : "GetChildrenWorkDefinitionsWithThumbnails",
                    "Parameters" : { },
                    "RefreshInterval" : 0,
                    "Target" : "GetChildrenWorkDefinitionsWithThumbnails"
                  } ]
                },
                "UserExtensions" : {
                  "DataName" : "UserExtensions",
                  "EntityName" : "",
                  "EntityType" : "UserExtensions",
                  "Id" : "UserExtensions",
                  "Services" : [ {
                    "APIMethod" : "post",
                    "Characteristic" : "Services",
                    "Id" : "UserExtensionInterface",
                    "Name" : "GetCurrentUserExtensionProperties",
                    "Parameters" : { },
                    "RefreshInterval" : 0,
                    "Target" : "GetCurrentUserExtensionProperties"
                  } ]
                }
              },
              "DataBindings" : [ {
                "Id" : "de1cf19d-fe17-4729-add9-0e82acb8d428",
                "PropertyMaps" : [ {
                  "SourceProperty" : "Text",
                  "SourcePropertyBaseType" : "STRING",
                  "TargetProperty" : "WorkDefinitionUID",
                  "TargetPropertyBaseType" : "STRING",
                  "TargetPropertyType" : "Parameter"
                } ],
                "SourceArea" : "UI",
                "SourceId" : "textbox-6",
                "SourceSection" : "",
                "TargetArea" : "Data",
                "TargetId" : "GetChildrenWorkDefinitionsWithThumbnails",
                "TargetSection" : "Things_PTC.SCA.SCO.ProductionOrderUtils"
              }, {
                "Id" : "cf181d5b-f477-41d6-b917-61724a9f3966",
                "PropertyMaps" : [ {
                  "SourceProperty" : "",
                  "SourcePropertyBaseType" : "INFOTABLE",
                  "SourcePropertyType" : "InfoTable",
                  "TargetProperty" : "Data",
                  "TargetPropertyBaseType" : "INFOTABLE",
                  "TargetPropertyType" : "property"
                } ],
                "SourceArea" : "Data",
                "SourceDetails" : "AllData",
                "SourceId" : "GetChildrenWorkDefinitionsWithThumbnails",
                "SourceSection" : "Things_PTC.SCA.SCO.ProductionOrderUtils",
                "TargetArea" : "UI",
                "TargetId" : "collection-5",
                "TargetSection" : ""
              } ],
              "DesignTimePermissions" : {
                "Create" : [ ],
                "Delete" : [ ],
                "Metadata" : [ ],
                "Read" : [ ],
                "Update" : [ ]
              },
              "Events" : [ {
                "EventHandlerArea" : "Data",
                "EventHandlerId" : "Things_PTC.SCA.SCO.ProductionOrderUtils",
                "EventHandlerService" : "GetChildrenWorkDefinitionsWithThumbnails",
                "EventTriggerArea" : "UI",
                "EventTriggerEvent" : "Changed",
                "EventTriggerId" : "textbox-6",
                "EventTriggerSection" : "",
                "Id" : "fc11c186-ad7b-4a48-bb3c-1da2dbbcc646"
              }, {
                "EventHandlerArea" : "Data",
                "EventHandlerId" : "Things_PTC.SCA.SCO.ProductionOrderUtils",
                "EventHandlerService" : "GetChildrenWorkDefinitionsWithThumbnails",
                "EventTriggerArea" : "UI",
                "EventTriggerEvent" : "EnterKeyPressed",
                "EventTriggerId" : "textbox-6",
                "EventTriggerSection" : "",
                "Id" : "e7527673-57fe-4e0f-80ee-62c50dd35a03"
              } ],
              "RunTimePermissions" : {
                "permissions" : [ ]
              },
              "UI" : {
                "Properties" : {
                  "AddToDashboardButton" : "SimplePlus",
                  "AddToDashboardButtonStyle" : "DefaultAddToDashboardButtonStyle",
                  "Area" : "Mashup",
                  "BGImage" : "",
                  "BGImageRepeat" : "no-repeat",
                  "BGImageSize" : "auto",
                  "Columns" : 0,
                  "ConfigureGadgetButton" : "SimpleGear",
                  "ConfigureGadgetButtonStyle" : "DefaultConfigureGadgetButtonStyle",
                  "DisplayName" : "Mashup",
                  "EnableParameterEditing" : false,
                  "Height" : 618,
                  "Id" : "mashup-root",
                  "IgnoreWarningsInViewMashup" : false,
                  "IsPrintLayout" : false,
                  "Left" : 0,
                  "MashupToEditGadget" : "DefaultMashupToEditGadget",
                  "MigratedOn" : "2019-05-16T17:41:54.394Z",
                  "MinHeight" : 0,
                  "MinWidth" : 0,
                  "ResponsiveLayout" : true,
                  "Rows" : 0,
                  "ShowDataLoading" : true,
                  "Style" : "DefaultMashupStyle",
                  "StyleTheme" : "Base Theme",
                  "Title" : "",
                  "TitleBar" : false,
                  "TitleBarStyle" : "DefaultTitleBarStyle",
                  "TitleBarText" : "Gadget Title Here",
                  "Top" : 0,
                  "Type" : "mashup",
                  "UseTheme" : false,
                  "UseThemeForHybrids" : false,
                  "Visible" : true,
                  "Width" : 1024,
                  "Z-index" : 10,
                  "__TypeDisplayName" : "MashupTemplate",
                  "flex-grow" : 0,
                  "flex-shrink" : 0,
                  "id_index" : 7,
                  "supportsAutoResize" : true
                },
                "Widgets" : [ {
                  "Properties" : {
                    "Area" : "UI",
                    "DisplayName" : "flexcontainer-2",
                    "Id" : "flexcontainer-2",
                    "ResponsiveLayout" : true,
                    "ShowDataLoading" : true,
                    "Style" : "DefaultContainerStyle",
                    "Type" : "flexcontainer",
                    "UseTheme" : false,
                    "Visible" : true,
                    "Z-index" : 10,
                    "__TypeDisplayName" : "Flex Container",
                    "align-content" : "flex-start",
                    "align-items" : "flex-start",
                    "flex-basis" : "auto",
                    "flex-direction" : "row",
                    "flex-grow" : 1,
                    "flex-height" : 0,
                    "flex-max-height" : "",
                    "flex-max-width" : "",
                    "flex-min-height" : "",
                    "flex-min-width" : "",
                    "flex-shrink" : 0,
                    "flex-size" : "default",
                    "flex-width" : 0,
                    "flex-wrap" : "nowrap",
                    "iconClass" : "widgets-flexcontainer",
                    "justify-content" : "flex-start",
                    "userCannotRemove" : true
                  },
                  "Widgets" : [ {
                    "Properties" : {
                      "Area" : "UI",
                      "DisplayName" : "Left Sidebar",
                      "Id" : "flexcontainer-4",
                      "ResponsiveLayout" : true,
                      "ShowDataLoading" : true,
                      "Style" : "DefaultContainerStyle",
                      "Type" : "flexcontainer",
                      "UseTheme" : false,
                      "Visible" : true,
                      "Z-index" : 10,
                      "__TypeDisplayName" : "Flex Container",
                      "align-content" : "flex-start",
                      "align-items" : "flex-start",
                      "flex-basis" : "auto",
                      "flex-direction" : "row",
                      "flex-grow" : "1",
                      "flex-height" : 0,
                      "flex-max-height" : "",
                      "flex-max-width" : "150px",
                      "flex-min-height" : "",
                      "flex-min-width" : "150px",
                      "flex-shrink" : "0",
                      "flex-size" : "fixed",
                      "flex-width" : 0,
                      "flex-wrap" : "nowrap",
                      "iconClass" : "widgets-flexcontainer-fixed",
                      "isLocked" : false,
                      "justify-content" : "flex-start",
                      "userCannotRemove" : false
                    },
                    "Widgets" : [ {
                      "Properties" : {
                        "AllowSelection" : true,
                        "AlwaysUseCustomScrollerOniOS" : true,
                        "Area" : "UI",
                        "AutoSelectFirstRow" : true,
                        "BottomPadding" : 22,
                        "CellBorderRadius" : "4px",
                        "CellBoxShadow" : "",
                        "CellMashupSelectedField" : "",
                        "CellMenuStatesIconGravity" : "Left",
                        "CellMenuStatesIconSize" : 16,
                        "CellMenuStatesOrientation" : "Horizontal",
                        "CellMenuStatesUseBuiltin" : false,
                        "CellMultipleSelectionType" : "Disabled",
                        "CellPointer" : "pointer",
                        "CellStyle" : "DefaultCollectionCellStyle",
                        "CustomClass" : "step-collection",
                        "DisplayName" : "collection-5",
                        "FlowLayoutAlignment" : "Top",
                        "FlowLayoutContentGravity" : "Top",
                        "FlowLayoutGravity" : "Center",
                        "FooterHeight" : 44,
                        "FooterSectionParam" : "",
                        "HandleSelectionUpdates" : true,
                        "HasSelectedCells" : false,
                        "HeaderHeight" : 44,
                        "HeaderSectionParam" : "",
                        "Height" : 300,
                        "Id" : "collection-5",
                        "ItemLoadBehavior" : "loadUnload",
                        "Left" : 35,
                        "LeftAlignFinalRow" : false,
                        "Mashup" : "PTC.SCA.SCO.WorkDefinitionStep",
                        "MashupGlobalPropertyBinding" : {},
                        "MashupHeight" : 165,
                        "MashupPropertyBinding" : {"SequenceNumber":"WorkDefinitionStep","IllustrationURL":"WorkDefinitionThumbnail","IsCompleted":"IsWorkDefinitionCompleted"},
                        "MashupWidth" : 117,
                        "MinimumSpacing" : 24,
                        "MultiSelect" : false,
                        "OffScreenBufferFactor" : 0.1,
                        "PinFootersToBottom" : false,
                        "PinHeadersToTop" : false,
                        "PlaysIntroAnimation" : true,
                        "ResponsiveLayout" : true,
                        "RippleEffectStyle" : "DefaultCollectionRippleStyle",
                        "RowSpacing" : 44,
                        "ScrollbarType" : "hover",
                        "ScrollsToSelectedCell" : true,
                        "SectionInsetBottom" : 0,
                        "SectionInsetLeft" : 0,
                        "SectionInsetRight" : 0,
                        "SectionInsetTop" : 0,
                        "SelectedCellsCount" : 0,
                        "ShowDataLoading" : true,
                        "ShowFooters" : false,
                        "ShowHeaders" : false,
                        "SortAscending" : false,
                        "Top" : 50,
                        "TopPadding" : 22,
                        "Type" : "collection",
                        "UIDField" : "UID",
                        "UseCustomScrollerOnWindowsDesktops" : true,
                        "UseMashupDimensions" : false,
                        "UseRippleEffect" : false,
                        "View" : "flow",
                        "Visible" : true,
                        "Width" : 400,
                        "Z-index" : 10,
                        "_CanDoubleClick" : false,
                        "_EventDataShape" : {"IllustrationName":{"name":"IllustrationName","aspects":{},"description":"Illustration Name from GetWorkDefinitionThumbnail service","baseType":"STRING","ordinal":3},"IllustrationUID":{"name":"IllustrationUID","aspects":{},"description":"UID from GetWorkDefinitionThumbnail service","baseType":"LONG","ordinal":2},"IllustrationURL":{"name":"IllustrationURL","aspects":{},"description":"Illustration URL from GetWorkDefinitionThumbnail service","baseType":"STRING","ordinal":4},"SequenceNumber":{"name":"SequenceNumber","aspects":{"isPrimaryKey":false},"description":"Sequence Number fro Work Definition Table","baseType":"INTEGER","ordinal":6},"Type":{"name":"Type","aspects":{},"description":"Type from GetWorkDefinitionThumbnail service","baseType":"STRING","ordinal":5},"UID":{"name":"UID","aspects":{"isPrimaryKey":true},"description":"UID from WOrk Definition Table","baseType":"LONG","ordinal":1}},
                        "_GlobalDataShape" : {},
                        "_MenuDefinition" : "[]",
                        "__TypeDisplayName" : "Collection"
                      },
                      "Widgets" : [ ]
                    } ]
                  }, {
                    "Properties" : {
                      "Area" : "UI",
                      "DisplayName" : "Body",
                      "Id" : "flexcontainer-3",
                      "ResponsiveLayout" : true,
                      "ShowDataLoading" : true,
                      "Style" : "DefaultContainerStyle",
                      "Type" : "flexcontainer",
                      "UseTheme" : false,
                      "Visible" : true,
                      "Z-index" : 10,
                      "__TypeDisplayName" : "Flex Container",
                      "align-content" : "flex-start",
                      "align-items" : "flex-start",
                      "flex-basis" : "auto",
                      "flex-direction" : "row",
                      "flex-grow" : "1",
                      "flex-height" : 0,
                      "flex-max-height" : "",
                      "flex-max-width" : "",
                      "flex-min-height" : "",
                      "flex-min-width" : "",
                      "flex-shrink" : "0",
                      "flex-size" : "default",
                      "flex-width" : 0,
                      "flex-wrap" : "nowrap",
                      "iconClass" : "widgets-flexcontainer",
                      "isLocked" : true,
                      "justify-content" : "flex-start",
                      "userCannotRemove" : false
                    },
                    "Widgets" : [ {
                      "Properties" : {
                        "Area" : "UI",
                        "DisplayName" : "panel-7",
                        "Height" : 200,
                        "HideScrollbars" : false,
                        "HorizontalAnchor" : "left",
                        "Id" : "panel-7",
                        "Left" : 75,
                        "ResponsiveLayout" : true,
                        "ShowDataLoading" : true,
                        "Style" : "DefaultPanelStyle",
                        "Top" : 95,
                        "Type" : "panel",
                        "VerticalAnchor" : "top",
                        "Visible" : true,
                        "Width" : 300,
                        "Z-index" : 10,
                        "__TypeDisplayName" : "Panel"
                      },
                      "Widgets" : [ {
                        "Properties" : {
                          "Area" : "UI",
                          "Counter" : false,
                          "Disabled" : false,
                          "DisplayName" : "textbox-6",
                          "HasText" : false,
                          "Height" : 60,
                          "HintText" : "",
                          "Id" : "textbox-6",
                          "Label" : "WorkDefinitionUID",
                          "LabelAlignment" : "left",
                          "Left" : 63,
                          "Margin" : "5",
                          "MaxNumberOfCharacters" : 100,
                          "Password" : false,
                          "ReadOnly" : false,
                          "ResponsiveLayout" : false,
                          "ShowClearText" : true,
                          "ShowDataLoading" : true,
                          "TabSequence" : 0,
                          "Text" : "",
                          "TextAlignment" : "left",
                          "Top" : 27.999996185302734,
                          "Type" : "ptcstextfield",
                          "UseTheme" : true,
                          "Visible" : true,
                          "Width" : 200,
                          "Z-index" : 10,
                          "__TypeDisplayName" : "TextBox",
                          "__supportsLabel" : true,
                          "__supportsTooltip" : true,
                          "convertedToWC" : true
                        },
                        "Widgets" : [ ]
                      } ]
                    } ]
                  } ]
                } ]
              },
              "mashupType" : "mashupTemplate"
            }
            ]]>
            </mashupContent>
            <preview></preview>
        </Mashup>
    </Mashups>
</Entities>
