<?xml version="1.0" encoding="UTF-8"?>
<Entities
 build="b7281"
 majorVersion="0"
 minorVersion="0"
 modelPersistenceProviderPackage="PostgresPersistenceProviderPackage"
 revision="0"
 schemaVersion="1050"
 universal="password">
    <Mashups>
        <Mashup
         aspect.isEditableExtensionObject="false"
         aspect.isExtension="true"
         aspect.isResponsive="true"
         aspect.mashupType="mashup"
         columns="0.0"
         description="Mashup that provides the layout for tiles on the HorizontalSequentialNavigation mashup {PTC.SCA.SCO.WorkDefinitionStep}"
         documentationContent=""
         homeMashup=""
         lastModifiedDate="2019-07-22T09:53:48.027-04:00"
         name="PTC.SCA.SCO.WorkDefinitionStep"
         projectName=""
         rows="0.0"
         tags="PTC:OA">
            <avatar></avatar>
            <DesignTimePermissions>
                <Create></Create>
                <Read></Read>
                <Update></Update>
                <Delete></Delete>
                <Metadata></Metadata>
            </DesignTimePermissions>
            <RunTimePermissions></RunTimePermissions>
            <VisibilityPermissions>
                <Visibility></Visibility>
            </VisibilityPermissions>
            <ConfigurationTableDefinitions></ConfigurationTableDefinitions>
            <ConfigurationTables></ConfigurationTables>
            <ParameterDefinitions>
                <FieldDefinition
                 aspect.bindingDirection="IN"
                 aspect.isMandatory="false"
                 aspect.ordinal="2"
                 baseType="BOOLEAN"
                 description=""
                 name="IsWorkDefinitionCompleted"
                 ordinal="0"></FieldDefinition>
                <FieldDefinition
                 aspect.bindingDirection="IN"
                 aspect.isMandatory="false"
                 aspect.ordinal="0"
                 baseType="STRING"
                 description=""
                 name="WorkDefinitionStep"
                 ordinal="0"></FieldDefinition>
                <FieldDefinition
                 aspect.bindingDirection="IN"
                 aspect.isMandatory="false"
                 aspect.ordinal="1"
                 baseType="IMAGELINK"
                 description=""
                 name="WorkDefinitionThumbnail"
                 ordinal="0"></FieldDefinition>
            </ParameterDefinitions>
            <Things>
                <Thing>PTC.SCA.SCO.ProductionOrderUtils</Thing>
            </Things>
            <ThingShapes></ThingShapes>
            <ThingTemplates></ThingTemplates>
            <mashupContent>
            <![CDATA[
            {
              "CustomMashupCss" : ".label-center{\n      width: 100%;\n      height: 100%;\n      top:auto !important;\n      left:auto !important;\n}\n.label-center > .widget-label {\n    display: flex;\n    align-items: center;\n    justify-content: center;\n}\n.object-fit-image > .widget-image > img {\n    object-fit: contain;\n    height: 88px;\n    width: 115px;\n    border: solid 1px #d8dbde;\n    background-color: #f7f7f7;\n}\n#root_collection-9-bounding-box .layout-vert-fixed-bottom {\nheight: 74px !important;\n}\n#root_collection-9-bounding-box .layout-vert-fluid-center {\n bottom: 74px !important;\n}\n.textsize-normal {\n    font-size: 20px;\n}\n\n.label-text {\n    width: 32px;\n    height: 16px;\n    text-align: center;\n    margin: -35px 0px 0px 0px;\n    \n}\n",
              "Data" : {
                "Session" : {
                  "DataName" : "Session",
                  "EntityName" : "",
                  "EntityType" : "Session",
                  "Id" : "session",
                  "Services" : [ {
                    "APIMethod" : "post",
                    "Characteristic" : "Services",
                    "Id" : "SessionInterface",
                    "Name" : "GetGlobalSessionValues",
                    "Parameters" : { },
                    "RefreshInterval" : 0,
                    "Target" : "GetGlobalSessionValues"
                  } ]
                },
                "UserExtensions" : {
                  "DataName" : "UserExtensions",
                  "EntityName" : "",
                  "EntityType" : "UserExtensions",
                  "Id" : "UserExtensions",
                  "Services" : [ {
                    "APIMethod" : "post",
                    "Characteristic" : "Services",
                    "Id" : "UserExtensionInterface",
                    "Name" : "GetCurrentUserExtensionProperties",
                    "Parameters" : { },
                    "RefreshInterval" : 0,
                    "Target" : "GetCurrentUserExtensionProperties"
                  } ]
                }
              },
              "DataBindings" : [ {
                "Id" : "46c7e132-1b59-4ed6-916f-f8ffa47b53b5",
                "PropertyMaps" : [ {
                  "SourceProperty" : "WorkDefinitionStep",
                  "SourcePropertyBaseType" : "STRING",
                  "SourcePropertyType" : "Property",
                  "TargetProperty" : "Text",
                  "TargetPropertyBaseType" : "STRING",
                  "TargetPropertyType" : "property"
                } ],
                "SourceArea" : "Mashup",
                "SourceId" : "mashup-root",
                "SourceSection" : "",
                "TargetArea" : "UI",
                "TargetId" : "label-6",
                "TargetSection" : ""
              }, {
                "Id" : "3b4ce7ac-eac6-47b3-b624-1dc746ace85b",
                "PropertyMaps" : [ {
                  "SourceProperty" : "WorkDefinitionThumbnail",
                  "SourcePropertyBaseType" : "IMAGELINK",
                  "SourcePropertyType" : "Property",
                  "TargetProperty" : "SourceURL",
                  "TargetPropertyBaseType" : "IMAGELINK",
                  "TargetPropertyType" : "property"
                } ],
                "SourceArea" : "Mashup",
                "SourceId" : "mashup-root",
                "SourceSection" : "",
                "TargetArea" : "UI",
                "TargetId" : "image-7",
                "TargetSection" : ""
              }, {
                "Id" : "d8ce4443-f07e-47ad-8da4-8415e239a79e",
                "PropertyMaps" : [ {
                  "SourceProperty" : "IsWorkDefinitionCompleted",
                  "SourcePropertyBaseType" : "BOOLEAN",
                  "SourcePropertyType" : "Property",
                  "TargetProperty" : "Visible",
                  "TargetPropertyBaseType" : "BOOLEAN",
                  "TargetPropertyType" : "property"
                } ],
                "SourceArea" : "Mashup",
                "SourceId" : "mashup-root",
                "SourceSection" : "",
                "TargetArea" : "UI",
                "TargetId" : "image-9",
                "TargetSection" : ""
              } ],
              "DesignTimePermissions" : {
                "Create" : [ ],
                "Delete" : [ ],
                "Metadata" : [ ],
                "Read" : [ ],
                "Update" : [ ]
              },
              "Events" : [ ],
              "RunTimePermissions" : {
                "permissions" : [ ]
              },
              "UI" : {
                "Properties" : {
                  "AddToDashboardButton" : "SimplePlus",
                  "AddToDashboardButtonStyle" : "DefaultAddToDashboardButtonStyle",
                  "Area" : "Mashup",
                  "BGImage" : "",
                  "BGImageRepeat" : "no-repeat",
                  "BGImageSize" : "auto",
                  "Columns" : 0,
                  "ConfigureGadgetButton" : "SimpleGear",
                  "ConfigureGadgetButtonStyle" : "DefaultConfigureGadgetButtonStyle",
                  "DisplayName" : "Mashup",
                  "EnableParameterEditing" : false,
                  "Height" : 618,
                  "Id" : "mashup-root",
                  "IgnoreWarningsInViewMashup" : false,
                  "IsPrintLayout" : false,
                  "Left" : 0,
                  "MashupToEditGadget" : "DefaultMashupToEditGadget",
                  "MinHeight" : 0,
                  "MinWidth" : 0,
                  "ResponsiveLayout" : true,
                  "Rows" : 0,
                  "ShowDataLoading" : true,
                  "Style" : "PTC.SCA.SCO.WorkDefinitionTileContainerStyle",
                  "StyleTheme" : "PTC Convergence Theme",
                  "Title" : "",
                  "TitleBar" : false,
                  "TitleBarStyle" : "DefaultTitleBarStyle",
                  "TitleBarText" : "Gadget Title Here",
                  "Top" : 0,
                  "Type" : "mashup",
                  "UseMasterTheme" : false,
                  "UseTheme" : false,
                  "UseThemeForHybrids" : false,
                  "Visible" : true,
                  "Width" : 1024,
                  "WorkDefinitionStep" : "",
                  "Z-index" : 10,
                  "__TypeDisplayName" : "Mashup",
                  "_currentParameterDefs" : [ {
                    "Aspects" : {
                      "bindingDirection" : "IN",
                      "isMandatory" : false
                    },
                    "BaseType" : "STRING",
                    "DefaultValue" : "",
                    "Description" : "",
                    "ParameterName" : "WorkDefinitionStep"
                  }, {
                    "Aspects" : {
                      "bindingDirection" : "IN",
                      "isMandatory" : false
                    },
                    "BaseType" : "IMAGELINK",
                    "Description" : "",
                    "ParameterName" : "WorkDefinitionThumbnail"
                  }, {
                    "Aspects" : {
                      "bindingDirection" : "IN",
                      "isMandatory" : false
                    },
                    "BaseType" : "BOOLEAN",
                    "Description" : "",
                    "ParameterName" : "IsWorkDefinitionCompleted"
                  } ],
                  "id_index" : 9,
                  "supportsAutoResize" : true
                },
                "Widgets" : [ {
                  "Properties" : {
                    "Area" : "UI",
                    "Columns" : 0,
                    "DisplayName" : "layout-2",
                    "Footer" : true,
                    "FooterHeight" : 75,
                    "Header" : false,
                    "HeaderHeight" : 0,
                    "Id" : "layout-2",
                    "IncludeSpacingInFixedAreas" : false,
                    "IsPrintLayout" : false,
                    "Left" : 130,
                    "LeftSidebar" : false,
                    "LeftSidebarWidth" : 0,
                    "Orientation" : "vertical",
                    "PctColumn1" : 50,
                    "PctColumn2" : 50,
                    "PctColumn3" : 1,
                    "PctColumn4" : 1,
                    "PctColumn5" : 1,
                    "PctColumn6" : 1,
                    "PctColumn7" : 1,
                    "PctColumn8" : 1,
                    "PctRow1" : 100,
                    "PctRow2" : 0,
                    "PctRow3" : 0,
                    "PctRow4" : 0,
                    "PctRow5" : 0,
                    "PctRow6" : 0,
                    "PctRow7" : 0,
                    "PctRow8" : 0,
                    "PrintMarginLeftRight" : 0.5,
                    "PrintMarginTopBottom" : 0.5,
                    "PrintWidth" : 650,
                    "ResponsiveLayout" : true,
                    "RightSidebar" : false,
                    "RightSidebarWidth" : 0,
                    "Rows" : 1,
                    "ShowDataLoading" : true,
                    "Spacing" : 0,
                    "Top" : 65,
                    "Type" : "layout",
                    "Visible" : true,
                    "Z-index" : 10,
                    "__TypeDisplayName" : "Layout"
                  },
                  "Widgets" : [ {
                    "Properties" : {
                      "AnimateExpandCollapse" : true,
                      "Area" : "UI",
                      "BGImageRepeat" : "no-repeat",
                      "BGImageSize" : "auto",
                      "DisplayName" : "Row 1",
                      "ExpandCollapseTabLocation" : "outside",
                      "Expanded" : true,
                      "Id" : "container-3",
                      "MinHeight" : 0,
                      "MinWidth" : 0,
                      "Overlay" : false,
                      "OverlayIsTransparent" : false,
                      "ResponsiveLayout" : true,
                      "ShowDataLoading" : true,
                      "ShowExpandCollapseTab" : false,
                      "Style" : "DefaultContainerStyle",
                      "TabCollapseStyle" : "DefaultTabCollapseStyle",
                      "TabExpandStyle" : "DefaultTabExpandStyle",
                      "TabHeight" : 36,
                      "TabLocation" : "center",
                      "TabOffset" : 0,
                      "TabWidth" : 36,
                      "Type" : "container",
                      "Visible" : true,
                      "Z-index" : 10,
                      "__TypeDisplayName" : "Container",
                      "userCannotRemove" : true
                    },
                    "Widgets" : [ {
                      "Properties" : {
                        "AlternateText" : "",
                        "Area" : "UI",
                        "BorderStyle" : "DefaultImageBorderStyle",
                        "CustomClass" : "object-fit-image",
                        "DisplayName" : "image-7",
                        "Height" : 100,
                        "Id" : "image-7",
                        "Left" : 400,
                        "PreventCaching" : false,
                        "ResponsiveLayout" : true,
                        "Scaling" : "width",
                        "ShowDataLoading" : true,
                        "SourceURL" : "",
                        "ToolTipField" : "",
                        "ToolTipStyle" : "DefaultTooltipStyle",
                        "Top" : 115,
                        "Type" : "image",
                        "Visible" : true,
                        "Width" : 100,
                        "Z-index" : 10,
                        "__TypeDisplayName" : "Image",
                        "__supportsTooltip" : true
                      },
                      "Widgets" : [ ]
                    } ]
                  }, {
                    "Properties" : {
                      "AnimateExpandCollapse" : true,
                      "Area" : "UI",
                      "BGImageRepeat" : "no-repeat",
                      "BGImageSize" : "auto",
                      "DisplayName" : "Footer",
                      "ExpandCollapseTabLocation" : "outside",
                      "Expanded" : true,
                      "Id" : "container-4",
                      "MinHeight" : 0,
                      "MinWidth" : 0,
                      "Overlay" : false,
                      "OverlayIsTransparent" : false,
                      "ResponsiveLayout" : true,
                      "ShowDataLoading" : true,
                      "ShowExpandCollapseTab" : false,
                      "Style" : "DefaultContainerStyle",
                      "TabCollapseStyle" : "DefaultTabCollapseStyle",
                      "TabExpandStyle" : "DefaultTabExpandStyle",
                      "TabHeight" : 36,
                      "TabLocation" : "center",
                      "TabOffset" : 0,
                      "TabWidth" : 36,
                      "Type" : "container",
                      "Visible" : true,
                      "Z-index" : 10,
                      "__TypeDisplayName" : "Container",
                      "userCannotRemove" : true
                    },
                    "Widgets" : [ {
                      "Properties" : {
                        "Area" : "UI",
                        "DisplayName" : "panel-5",
                        "Height" : 200,
                        "HideScrollbars" : false,
                        "HorizontalAnchor" : "left",
                        "Id" : "panel-5",
                        "Left" : 385,
                        "ResponsiveLayout" : true,
                        "ShowDataLoading" : true,
                        "Style" : "DefaultContainerStyle",
                        "Top" : 10,
                        "Type" : "panel",
                        "VerticalAnchor" : "top",
                        "Visible" : true,
                        "Width" : 300,
                        "Z-index" : 10,
                        "__TypeDisplayName" : "Panel"
                      },
                      "Widgets" : [ {
                        "Properties" : {
                          "Alignment" : "left",
                          "AllowEllipsis" : true,
                          "Area" : "UI",
                          "CustomClass" : "label-center",
                          "DisplayName" : "label-6",
                          "Height" : 22,
                          "Id" : "label-6",
                          "Left" : 385,
                          "ResponsiveLayout" : false,
                          "ShowDataLoading" : true,
                          "Style" : "DefaultLabelStyle",
                          "ToolTipField" : "",
                          "ToolTipStyle" : "DefaultTooltipStyle",
                          "Top" : 10,
                          "Type" : "label",
                          "Visible" : true,
                          "Width" : 75,
                          "Z-index" : 10,
                          "__TypeDisplayName" : "Label",
                          "__supportsTooltip" : true
                        },
                        "Widgets" : [ ]
                      }, {
                        "Properties" : {
                          "AlternateText" : "",
                          "Area" : "UI",
                          "BorderStyle" : "DefaultImageBorderStyle",
                          "DisplayName" : "image-9",
                          "Height" : 18,
                          "Id" : "image-9",
                          "Left" : 8,
                          "PreventCaching" : false,
                          "ResponsiveLayout" : false,
                          "Scaling" : "width",
                          "ShowDataLoading" : true,
                          "SourceURL" : "PTC.SCA.SCO.StepCompletedIcon",
                          "ToolTipField" : "",
                          "ToolTipStyle" : "DefaultTooltipStyle",
                          "Top" : 46,
                          "Type" : "image",
                          "Visible" : false,
                          "Width" : 18,
                          "Z-index" : 10,
                          "__TypeDisplayName" : "Image",
                          "__supportsTooltip" : true
                        },
                        "Widgets" : [ ]
                      } ]
                    } ]
                  } ]
                } ]
              },
              "mashupType" : "mashup"
            }
            ]]>
            </mashupContent>
            <preview></preview>
        </Mashup>
    </Mashups>
</Entities>
