<?xml version="1.0" encoding="UTF-8"?>
<Entities
 build="b261"
 majorVersion="8"
 minorVersion="3"
 modelPersistenceProviderPackage="PostgresPersistenceProviderPackage"
 revision="0"
 schemaVersion="1030"
 universal="">
    <Mashups>
        <Mashup
         aspect.isEditableExtensionObject="false"
         aspect.isExtension="true"
         aspect.isResponsive="true"
         aspect.mashupType="mashup"
         columns="0.0"
         description="Mashup used to display a list of job orders that can be filtered and sorted {PTC.SCA.SCO.JobOrder.ListContainerMashup}"
         documentationContent=""
         homeMashup=""
         lastModifiedDate="2018-05-14T11:12:06.069-04:00"
         name="PTC.SCA.SCO.JobOrder.ListContainerMashup"
         projectName=""
         rows="0.0"
         tags="PTC:OA">
            <avatar></avatar>
            <DesignTimePermissions>
                <Create></Create>
                <Read></Read>
                <Update></Update>
                <Delete></Delete>
                <Metadata></Metadata>
            </DesignTimePermissions>
            <RunTimePermissions></RunTimePermissions>
            <VisibilityPermissions></VisibilityPermissions>
            <ConfigurationTables></ConfigurationTables>
            <ParameterDefinitions>
                <FieldDefinition
                 aspect.ordinal="1"
                 baseType="INTEGER"
                 description=""
                 name="currentPage"
                 ordinal="0"></FieldDefinition>
                <FieldDefinition
                 aspect.ordinal="0"
                 baseType="QUERY"
                 description=""
                 name="filter"
                 ordinal="0"></FieldDefinition>
            </ParameterDefinitions>
            <Things>
                <Thing>PTC.SCA.SCO.ProductionOrderUtils</Thing>
            </Things>
            <ThingShapes></ThingShapes>
            <ThingTemplates></ThingTemplates>
            <mashupContent>
            <![CDATA[
            {
              "CustomMashupCss" : ".headerClass #root_container-8 {\n    background: #1a2022;\n}\n",
              "Data" : {
                "Session" : {
                  "DataName" : "Session",
                  "EntityName" : "",
                  "EntityType" : "Session",
                  "Id" : "session",
                  "Services" : [ {
                    "APIMethod" : "post",
                    "Characteristic" : "Services",
                    "Id" : "SessionInterface",
                    "Name" : "GetGlobalSessionValues",
                    "Parameters" : { },
                    "RefreshInterval" : 0,
                    "Target" : "GetGlobalSessionValues"
                  } ]
                },
                "Things_PTC.SCA.SCO.ProductionOrderUtils" : {
                  "DataName" : "Things_PTC.SCA.SCO.ProductionOrderUtils",
                  "EntityName" : "PTC.SCA.SCO.ProductionOrderUtils",
                  "EntityType" : "Things",
                  "Id" : "98f0a63a-a5c6-44a4-8e53-9d6da4375a39",
                  "Services" : [ {
                    "APIMethod" : "post",
                    "Characteristic" : "Services",
                    "Id" : "673a7e93-13a0-4960-a053-666d36c05f66",
                    "Name" : "GetJobOrderSummaries",
                    "Parameters" : { },
                    "RefreshInterval" : 0,
                    "Target" : "GetJobOrderSummaries"
                  }, {
                    "APIMethod" : "post",
                    "Characteristic" : "Services",
                    "Id" : "d990b451-e92b-4919-818f-9fc78eeea689",
                    "Name" : "GetFilteredByString",
                    "Parameters" : { },
                    "RefreshInterval" : 0,
                    "Target" : "GetFilteredByString"
                  }, {
                    "APIMethod" : "post",
                    "Characteristic" : "Services",
                    "Id" : "54043cdf-3260-48eb-848d-d7d845372c13",
                    "Name" : "GetSortedByString",
                    "Parameters" : { },
                    "RefreshInterval" : 0,
                    "Target" : "GetSortedByString"
                  }, {
                    "APIMethod" : "post",
                    "Characteristic" : "Services",
                    "Id" : "2732f755-41ef-4227-971a-e36a43b8f7c3",
                    "Name" : "GetRowCount",
                    "Parameters" : { },
                    "RefreshInterval" : 0,
                    "Target" : "GetRowCount"
                  }, {
                    "APIMethod" : "post",
                    "Characteristic" : "Services",
                    "Id" : "e5f8b765-3b1f-49dc-bfe9-c441ec26cfc5",
                    "Name" : "GetJobOrderSummaries1",
                    "Parameters" : { },
                    "RefreshInterval" : 0,
                    "Target" : "GetJobOrderSummaries"
                  }, {
                    "APIMethod" : "post",
                    "Characteristic" : "Services",
                    "Id" : "337238e8-957d-47d7-b20a-5a39c22ec113",
                    "Name" : "GetPagingOffset",
                    "Parameters" : { },
                    "RefreshInterval" : 0,
                    "Target" : "GetPagingOffset"
                  } ]
                },
                "UserExtensions" : {
                  "DataName" : "UserExtensions",
                  "EntityName" : "",
                  "EntityType" : "UserExtensions",
                  "Id" : "UserExtensions",
                  "Services" : [ {
                    "APIMethod" : "post",
                    "Characteristic" : "Services",
                    "Id" : "UserExtensionInterface",
                    "Name" : "GetCurrentUserExtensionProperties",
                    "Parameters" : { },
                    "RefreshInterval" : 0,
                    "Target" : "GetCurrentUserExtensionProperties"
                  } ]
                }
              },
              "DataBindings" : [ {
                "Id" : "61319d8b-f03c-4f39-ac09-c28e2d255f04",
                "PropertyMaps" : [ {
                  "SourceProperty" : "",
                  "SourcePropertyBaseType" : "INFOTABLE",
                  "SourcePropertyType" : "InfoTable",
                  "TargetProperty" : "Data",
                  "TargetPropertyBaseType" : "INFOTABLE",
                  "TargetPropertyType" : "property"
                } ],
                "SourceArea" : "Data",
                "SourceDetails" : "AllData",
                "SourceId" : "GetJobOrderSummaries",
                "SourceSection" : "Things_PTC.SCA.SCO.ProductionOrderUtils",
                "TargetArea" : "UI",
                "TargetId" : "collection-6",
                "TargetSection" : ""
              }, {
                "Id" : "4cf346c1-1ae9-45d6-9f1a-d09579945c86",
                "PropertyMaps" : [ {
                  "SourceProperty" : "filter",
                  "SourcePropertyBaseType" : "QUERY",
                  "TargetProperty" : "filter",
                  "TargetPropertyBaseType" : "QUERY",
                  "TargetPropertyType" : "Parameter"
                } ],
                "SourceArea" : "Mashup",
                "SourceId" : "mashup-root",
                "SourceSection" : "",
                "TargetArea" : "Data",
                "TargetId" : "GetJobOrderSummaries",
                "TargetSection" : "Things_PTC.SCA.SCO.ProductionOrderUtils"
              }, {
                "Id" : "80ef9f9d-cbe4-4b7c-abef-168e97faf05b",
                "PropertyMaps" : [ {
                  "SourceProperty" : "filter",
                  "SourcePropertyBaseType" : "QUERY",
                  "TargetProperty" : "jsonValue",
                  "TargetPropertyBaseType" : "QUERY",
                  "TargetPropertyType" : "Parameter"
                } ],
                "SourceArea" : "Mashup",
                "SourceId" : "mashup-root",
                "SourceSection" : "",
                "TargetArea" : "Data",
                "TargetId" : "GetFilteredByString",
                "TargetSection" : "Things_PTC.SCA.SCO.ProductionOrderUtils"
              }, {
                "Id" : "56194999-a65a-4d3c-b69d-7a5d7f5865d5",
                "PropertyMaps" : [ {
                  "SourceProperty" : "filter",
                  "SourcePropertyBaseType" : "QUERY",
                  "TargetProperty" : "jsonValue",
                  "TargetPropertyBaseType" : "QUERY",
                  "TargetPropertyType" : "Parameter"
                } ],
                "SourceArea" : "Mashup",
                "SourceId" : "mashup-root",
                "SourceSection" : "",
                "TargetArea" : "Data",
                "TargetId" : "GetSortedByString",
                "TargetSection" : "Things_PTC.SCA.SCO.ProductionOrderUtils"
              }, {
                "Id" : "ea2ef1e2-93e9-4178-ab67-374991f95ae2",
                "PropertyMaps" : [ {
                  "SourceProperty" : "result",
                  "SourcePropertyBaseType" : "STRING",
                  "SourcePropertyType" : "Field",
                  "TargetProperty" : "Data",
                  "TargetPropertyBaseType" : "ANYSCALAR",
                  "TargetPropertyType" : "property"
                } ],
                "SourceArea" : "Data",
                "SourceDetails" : "AllData",
                "SourceId" : "GetFilteredByString",
                "SourceSection" : "Things_PTC.SCA.SCO.ProductionOrderUtils",
                "TargetArea" : "UI",
                "TargetId" : "valuedisplay-18",
                "TargetSection" : ""
              }, {
                "Id" : "f5f7bd42-a304-4a60-8286-0415c7a7dbb0",
                "PropertyMaps" : [ {
                  "SourceProperty" : "result",
                  "SourcePropertyBaseType" : "STRING",
                  "SourcePropertyType" : "Field",
                  "TargetProperty" : "Data",
                  "TargetPropertyBaseType" : "ANYSCALAR",
                  "TargetPropertyType" : "property"
                } ],
                "SourceArea" : "Data",
                "SourceDetails" : "AllData",
                "SourceId" : "GetSortedByString",
                "SourceSection" : "Things_PTC.SCA.SCO.ProductionOrderUtils",
                "TargetArea" : "UI",
                "TargetId" : "valuedisplay-19",
                "TargetSection" : ""
              }, {
                "Id" : "fd75e954-6449-4c30-bdb4-c49707a9eb95",
                "PropertyMaps" : [ {
                  "SourceProperty" : "filter",
                  "SourcePropertyBaseType" : "QUERY",
                  "TargetProperty" : "filter",
                  "TargetPropertyBaseType" : "QUERY",
                  "TargetPropertyType" : "Parameter"
                } ],
                "SourceArea" : "Mashup",
                "SourceId" : "mashup-root",
                "SourceSection" : "",
                "TargetArea" : "Data",
                "TargetId" : "GetJobOrderSummaries1",
                "TargetSection" : "Things_PTC.SCA.SCO.ProductionOrderUtils"
              }, {
                "Id" : "b11e7e0f-734b-417b-82bc-db082f31ebd4",
                "PropertyMaps" : [ {
                  "SourceProperty" : "",
                  "SourcePropertyBaseType" : "INFOTABLE",
                  "TargetProperty" : "data",
                  "TargetPropertyBaseType" : "INFOTABLE",
                  "TargetPropertyType" : "Parameter"
                } ],
                "SourceArea" : "Data",
                "SourceDetails" : "AllData",
                "SourceId" : "GetJobOrderSummaries1",
                "SourceSection" : "Things_PTC.SCA.SCO.ProductionOrderUtils",
                "TargetArea" : "Data",
                "TargetId" : "GetRowCount",
                "TargetSection" : "Things_PTC.SCA.SCO.ProductionOrderUtils"
              }, {
                "Id" : "8b095111-ea21-46f7-bb59-d7f8eac8ac62",
                "PropertyMaps" : [ {
                  "SourceProperty" : "result",
                  "SourcePropertyBaseType" : "INTEGER",
                  "SourcePropertyType" : "Field",
                  "TargetProperty" : "TotalItems",
                  "TargetPropertyBaseType" : "INTEGER",
                  "TargetPropertyType" : "property"
                } ],
                "SourceArea" : "Data",
                "SourceDetails" : "AllData",
                "SourceId" : "GetRowCount",
                "SourceSection" : "Things_PTC.SCA.SCO.ProductionOrderUtils",
                "TargetArea" : "UI",
                "TargetId" : "paging-20",
                "TargetSection" : ""
              }, {
                "Id" : "2f0c772c-d5b9-433e-b69a-523a7b559d00",
                "PropertyMaps" : [ {
                  "SourceProperty" : "currentPage",
                  "SourcePropertyBaseType" : "INTEGER",
                  "SourcePropertyType" : "Property",
                  "TargetProperty" : "Input1",
                  "TargetPropertyBaseType" : "INTEGER",
                  "TargetPropertyType" : "property"
                } ],
                "SourceArea" : "Mashup",
                "SourceId" : "mashup-root",
                "SourceSection" : "",
                "TargetArea" : "UI",
                "TargetId" : "eventsrouter-23",
                "TargetSection" : ""
              }, {
                "Id" : "c965f61b-ec93-4daa-92c5-6524b5ddddb2",
                "PropertyMaps" : [ {
                  "SourceProperty" : "PageNumber",
                  "SourcePropertyBaseType" : "INTEGER",
                  "SourcePropertyType" : "Property",
                  "TargetProperty" : "Input2",
                  "TargetPropertyBaseType" : "INTEGER",
                  "TargetPropertyType" : "property"
                } ],
                "SourceArea" : "UI",
                "SourceId" : "paging-20",
                "SourceSection" : "",
                "TargetArea" : "UI",
                "TargetId" : "eventsrouter-23",
                "TargetSection" : ""
              }, {
                "Id" : "20914a07-9236-46ab-b918-b212ee26e4bc",
                "PropertyMaps" : [ {
                  "SourceProperty" : "Output",
                  "SourcePropertyBaseType" : "INTEGER",
                  "SourcePropertyType" : "Property",
                  "TargetProperty" : "CurrentPage",
                  "TargetPropertyBaseType" : "INTEGER",
                  "TargetPropertyType" : "property"
                } ],
                "SourceArea" : "UI",
                "SourceId" : "eventsrouter-23",
                "SourceSection" : "",
                "TargetArea" : "UI",
                "TargetId" : "paging-20",
                "TargetSection" : ""
              }, {
                "Id" : "cf3ec446-5ef5-4d5a-93f0-8ce4cbe18339",
                "PropertyMaps" : [ {
                  "SourceProperty" : "result",
                  "SourcePropertyBaseType" : "INTEGER",
                  "TargetProperty" : "offset",
                  "TargetPropertyBaseType" : "INTEGER",
                  "TargetPropertyType" : "Parameter"
                } ],
                "SourceArea" : "Data",
                "SourceDetails" : "AllData",
                "SourceId" : "GetPagingOffset",
                "SourceSection" : "Things_PTC.SCA.SCO.ProductionOrderUtils",
                "TargetArea" : "Data",
                "TargetId" : "GetJobOrderSummaries",
                "TargetSection" : "Things_PTC.SCA.SCO.ProductionOrderUtils"
              }, {
                "Id" : "fba8ed63-e04e-43ae-adb2-9fbdc08b2871",
                "PropertyMaps" : [ {
                  "SourceProperty" : "PageSize",
                  "SourcePropertyBaseType" : "INTEGER",
                  "TargetProperty" : "limit",
                  "TargetPropertyBaseType" : "INTEGER",
                  "TargetPropertyType" : "Parameter"
                } ],
                "SourceArea" : "UI",
                "SourceId" : "paging-20",
                "SourceSection" : "",
                "TargetArea" : "Data",
                "TargetId" : "GetJobOrderSummaries",
                "TargetSection" : "Things_PTC.SCA.SCO.ProductionOrderUtils"
              }, {
                "Id" : "ebc7f064-754d-4047-b995-df3caa69c263",
                "PropertyMaps" : [ {
                  "SourceProperty" : "PageSize",
                  "SourcePropertyBaseType" : "INTEGER",
                  "TargetProperty" : "pageSize",
                  "TargetPropertyBaseType" : "INTEGER",
                  "TargetPropertyType" : "Parameter"
                } ],
                "SourceArea" : "UI",
                "SourceId" : "paging-20",
                "SourceSection" : "",
                "TargetArea" : "Data",
                "TargetId" : "GetPagingOffset",
                "TargetSection" : "Things_PTC.SCA.SCO.ProductionOrderUtils"
              }, {
                "Id" : "c600731f-9223-412d-b69f-a71cdedad1e9",
                "PropertyMaps" : [ {
                  "SourceProperty" : "Output",
                  "SourcePropertyBaseType" : "INTEGER",
                  "TargetProperty" : "pageNumber",
                  "TargetPropertyBaseType" : "INTEGER",
                  "TargetPropertyType" : "Parameter"
                } ],
                "SourceArea" : "UI",
                "SourceId" : "eventsrouter-23",
                "SourceSection" : "",
                "TargetArea" : "Data",
                "TargetId" : "GetPagingOffset",
                "TargetSection" : "Things_PTC.SCA.SCO.ProductionOrderUtils"
              } ],
              "DesignTimePermissions" : {
                "Create" : [ ],
                "Delete" : [ ],
                "Metadata" : [ ],
                "Read" : [ ],
                "Update" : [ ]
              },
              "Events" : [ {
                "EventHandlerArea" : "Data",
                "EventHandlerId" : "Things_PTC.SCA.SCO.ProductionOrderUtils",
                "EventHandlerService" : "GetFilteredByString",
                "EventTriggerArea" : "Mashup",
                "EventTriggerEvent" : "filterChanged",
                "EventTriggerId" : "mashup-root",
                "EventTriggerSection" : "",
                "Id" : "c5a5b8b9-0809-4067-ac90-ea4c303baac7"
              }, {
                "EventHandlerArea" : "Data",
                "EventHandlerId" : "Things_PTC.SCA.SCO.ProductionOrderUtils",
                "EventHandlerService" : "GetSortedByString",
                "EventTriggerArea" : "Mashup",
                "EventTriggerEvent" : "filterChanged",
                "EventTriggerId" : "mashup-root",
                "EventTriggerSection" : "",
                "Id" : "0c2ceccb-8655-4584-ab1c-5e5a2c6e9e37"
              }, {
                "EventHandlerArea" : "Data",
                "EventHandlerId" : "Things_PTC.SCA.SCO.ProductionOrderUtils",
                "EventHandlerService" : "GetJobOrderSummaries1",
                "EventTriggerArea" : "Mashup",
                "EventTriggerEvent" : "filterChanged",
                "EventTriggerId" : "mashup-root",
                "EventTriggerSection" : "",
                "Id" : "defe56b1-136b-4d70-b2b5-003c549a792a"
              }, {
                "EventHandlerArea" : "Data",
                "EventHandlerId" : "Things_PTC.SCA.SCO.ProductionOrderUtils",
                "EventHandlerService" : "GetJobOrderSummaries1",
                "EventTriggerArea" : "Mashup",
                "EventTriggerEvent" : "Loaded",
                "EventTriggerId" : "mashup-root",
                "EventTriggerSection" : "",
                "Id" : "8d96938e-ebf7-4ba3-892c-5b02865fc5c4"
              }, {
                "EventHandlerArea" : "Data",
                "EventHandlerId" : "Things_PTC.SCA.SCO.ProductionOrderUtils",
                "EventHandlerService" : "GetRowCount",
                "EventTriggerArea" : "Data",
                "EventTriggerEvent" : "ServiceInvokeCompleted",
                "EventTriggerId" : "GetJobOrderSummaries1",
                "EventTriggerSection" : "Things_PTC.SCA.SCO.ProductionOrderUtils",
                "Id" : "c93e4ca2-84e4-4f21-9dd5-19418617a4bc"
              }, {
                "EventHandlerArea" : "Data",
                "EventHandlerId" : "Things_PTC.SCA.SCO.ProductionOrderUtils",
                "EventHandlerService" : "GetPagingOffset",
                "EventTriggerArea" : "Mashup",
                "EventTriggerEvent" : "Loaded",
                "EventTriggerId" : "mashup-root",
                "EventTriggerSection" : "",
                "Id" : "c90b61ee-fb29-486c-811e-994dab6855eb"
              }, {
                "EventHandlerArea" : "Data",
                "EventHandlerId" : "Things_PTC.SCA.SCO.ProductionOrderUtils",
                "EventHandlerService" : "GetPagingOffset",
                "EventTriggerArea" : "UI",
                "EventTriggerEvent" : "GetData",
                "EventTriggerId" : "paging-20",
                "EventTriggerSection" : "",
                "Id" : "a799d4ec-37eb-4497-94e1-60953d99d979"
              }, {
                "EventHandlerArea" : "Data",
                "EventHandlerId" : "Things_PTC.SCA.SCO.ProductionOrderUtils",
                "EventHandlerService" : "GetJobOrderSummaries",
                "EventTriggerArea" : "Data",
                "EventTriggerEvent" : "ServiceInvokeCompleted",
                "EventTriggerId" : "GetPagingOffset",
                "EventTriggerSection" : "Things_PTC.SCA.SCO.ProductionOrderUtils",
                "Id" : "5f30cce0-11dd-4e5e-9849-e9d35e5817f7"
              }, {
                "EventHandlerArea" : "Data",
                "EventHandlerId" : "Things_PTC.SCA.SCO.ProductionOrderUtils",
                "EventHandlerService" : "GetPagingOffset",
                "EventTriggerArea" : "Mashup",
                "EventTriggerEvent" : "filterChanged",
                "EventTriggerId" : "mashup-root",
                "EventTriggerSection" : "",
                "Id" : "22061ad4-bf29-468f-ae06-8be42adc3f0c"
              } ],
              "RunTimePermissions" : {
                "permissions" : [ ]
              },
              "UI" : {
                "Properties" : {
                  "AddToDashboardButtonStyle" : "DefaultAddToDashboardButtonStyle",
                  "Area" : "Mashup",
                  "BGImageRepeat" : "no-repeat",
                  "BGImageSize" : "auto",
                  "Columns" : 0,
                  "ConfigureGadgetButtonStyle" : "DefaultConfigureGadgetButtonStyle",
                  "DisplayName" : "JobOrderCollectionContainedMashup",
                  "EnableParameterEditing" : false,
                  "Height" : 618,
                  "Id" : "mashup-root",
                  "IgnoreWarningsInViewMashup" : false,
                  "IsPrintLayout" : false,
                  "Left" : 0,
                  "MashupToEditGadget" : "DefaultMashupToEditGadget",
                  "MinHeight" : 0,
                  "MinWidth" : 0,
                  "ResponsiveLayout" : true,
                  "Rows" : 0,
                  "ShowDataLoading" : true,
                  "Style" : "DefaultMashupStyle",
                  "Title" : "",
                  "TitleBar" : false,
                  "TitleBarStyle" : "DefaultTitleBarStyle",
                  "TitleBarText" : "Gadget Title Here",
                  "Top" : 0,
                  "Type" : "mashup",
                  "Visible" : true,
                  "Width" : 1024,
                  "Z-index" : 10,
                  "__TypeDisplayName" : "Mashup",
                  "_currentParameterDefs" : [ {
                    "BaseType" : "QUERY",
                    "Description" : "",
                    "ParameterName" : "filter"
                  }, {
                    "BaseType" : "INTEGER",
                    "DefaultValue" : 0,
                    "Description" : "",
                    "ParameterName" : "currentPage"
                  } ],
                  "currentPage" : 0,
                  "id_index" : 32,
                  "supportsAutoResize" : true
                },
                "Widgets" : [ {
                  "Properties" : {
                    "Area" : "UI",
                    "Columns" : 0,
                    "CustomClass" : "",
                    "Description" : "",
                    "DisplayName" : "layout-7",
                    "Footer" : false,
                    "FooterHeight" : 0,
                    "Header" : true,
                    "HeaderHeight" : 48,
                    "Id" : "layout-7",
                    "IncludeSpacingInFixedAreas" : false,
                    "IsPrintLayout" : false,
                    "Left" : 135,
                    "LeftSidebar" : false,
                    "LeftSidebarWidth" : 0,
                    "Orientation" : "vertical",
                    "PctColumn1" : 50,
                    "PctColumn2" : 50,
                    "PctColumn3" : 1,
                    "PctColumn4" : 1,
                    "PctColumn5" : 1,
                    "PctColumn6" : 1,
                    "PctColumn7" : 1,
                    "PctColumn8" : 1,
                    "PctRow1" : 100,
                    "PctRow2" : 0,
                    "PctRow3" : 0,
                    "PctRow4" : 0,
                    "PctRow5" : 0,
                    "PctRow6" : 0,
                    "PctRow7" : 0,
                    "PctRow8" : 0,
                    "PrintMarginLeftRight" : 0.5,
                    "PrintMarginTopBottom" : 0.5,
                    "PrintWidth" : 650,
                    "ResponsiveLayout" : true,
                    "RightSidebar" : false,
                    "RightSidebarWidth" : 0,
                    "Rows" : 1,
                    "ShowDataLoading" : true,
                    "Spacing" : 0,
                    "Top" : 80,
                    "Type" : "layout",
                    "Visible" : true,
                    "Z-index" : 10,
                    "__TypeDisplayName" : "Layout"
                  },
                  "Widgets" : [ {
                    "Properties" : {
                      "AnimateExpandCollapse" : true,
                      "Area" : "UI",
                      "BGImageRepeat" : "no-repeat",
                      "BGImageSize" : "auto",
                      "CustomClass" : "",
                      "Description" : "",
                      "DisplayName" : "Header",
                      "ExpandCollapseTabLocation" : "outside",
                      "Expanded" : true,
                      "Id" : "container-8",
                      "MinHeight" : 0,
                      "MinWidth" : 0,
                      "Overlay" : false,
                      "OverlayIsTransparent" : false,
                      "ResponsiveLayout" : true,
                      "ShowDataLoading" : true,
                      "ShowExpandCollapseTab" : false,
                      "Style" : "PTC.SCA.SCO.JobOrder.BlackHeaderStyleDefinition",
                      "TabCollapseStyle" : "DefaultTabCollapseStyle",
                      "TabExpandStyle" : "DefaultTabExpandStyle",
                      "TabHeight" : 36,
                      "TabLocation" : "center",
                      "TabOffset" : 0,
                      "TabWidth" : 36,
                      "Type" : "container",
                      "Visible" : true,
                      "Z-index" : 10,
                      "__TypeDisplayName" : "Container"
                    },
                    "Widgets" : [ ]
                  }, {
                    "Properties" : {
                      "AnimateExpandCollapse" : true,
                      "Area" : "UI",
                      "BGImageRepeat" : "no-repeat",
                      "BGImageSize" : "auto",
                      "DisplayName" : "Row 1",
                      "ExpandCollapseTabLocation" : "outside",
                      "Expanded" : true,
                      "Id" : "container-9",
                      "MinHeight" : 0,
                      "MinWidth" : 0,
                      "Overlay" : false,
                      "OverlayIsTransparent" : false,
                      "ResponsiveLayout" : true,
                      "ShowDataLoading" : true,
                      "ShowExpandCollapseTab" : false,
                      "Style" : "DefaultContainerStyle",
                      "TabCollapseStyle" : "DefaultTabCollapseStyle",
                      "TabExpandStyle" : "DefaultTabExpandStyle",
                      "TabHeight" : 36,
                      "TabLocation" : "center",
                      "TabOffset" : 0,
                      "TabWidth" : 36,
                      "Type" : "container",
                      "Visible" : true,
                      "Z-index" : 10,
                      "__TypeDisplayName" : "Container"
                    },
                    "Widgets" : [ {
                      "Properties" : {
                        "Area" : "UI",
                        "Columns" : 1,
                        "DisplayName" : "layout-15",
                        "Footer" : false,
                        "FooterHeight" : 0,
                        "Header" : false,
                        "HeaderHeight" : 0,
                        "Id" : "layout-15",
                        "IncludeSpacingInFixedAreas" : false,
                        "IsPrintLayout" : false,
                        "Left" : 120,
                        "LeftSidebar" : true,
                        "LeftSidebarWidth" : 20,
                        "Orientation" : "horizontal",
                        "PctColumn1" : 100,
                        "PctColumn2" : 0,
                        "PctColumn3" : 1,
                        "PctColumn4" : 1,
                        "PctColumn5" : 1,
                        "PctColumn6" : 1,
                        "PctColumn7" : 1,
                        "PctColumn8" : 1,
                        "PctRow1" : 50,
                        "PctRow2" : 50,
                        "PctRow3" : 0,
                        "PctRow4" : 0,
                        "PctRow5" : 0,
                        "PctRow6" : 0,
                        "PctRow7" : 0,
                        "PctRow8" : 0,
                        "PrintMarginLeftRight" : 0.5,
                        "PrintMarginTopBottom" : 0.5,
                        "PrintWidth" : 650,
                        "ResponsiveLayout" : true,
                        "RightSidebar" : false,
                        "RightSidebarWidth" : 0,
                        "Rows" : 0,
                        "ShowDataLoading" : true,
                        "Spacing" : 0,
                        "Top" : 100,
                        "Type" : "layout",
                        "Visible" : true,
                        "Z-index" : 10,
                        "__TypeDisplayName" : "Layout"
                      },
                      "Widgets" : [ {
                        "Properties" : {
                          "AnimateExpandCollapse" : true,
                          "Area" : "UI",
                          "BGImageRepeat" : "no-repeat",
                          "BGImageSize" : "auto",
                          "DisplayName" : "Left Sidebar",
                          "ExpandCollapseTabLocation" : "outside",
                          "Expanded" : true,
                          "Id" : "container-16",
                          "MinHeight" : 0,
                          "MinWidth" : 0,
                          "Overlay" : false,
                          "OverlayIsTransparent" : false,
                          "ResponsiveLayout" : true,
                          "ShowDataLoading" : true,
                          "ShowExpandCollapseTab" : false,
                          "Style" : "PTC.SCA.SCO.JobOrder.GreyBarStyleDefinition",
                          "TabCollapseStyle" : "DefaultTabCollapseStyle",
                          "TabExpandStyle" : "DefaultTabExpandStyle",
                          "TabHeight" : 36,
                          "TabLocation" : "center",
                          "TabOffset" : 0,
                          "TabWidth" : 36,
                          "Type" : "container",
                          "Visible" : true,
                          "Z-index" : 10,
                          "__TypeDisplayName" : "Container"
                        },
                        "Widgets" : [ ]
                      }, {
                        "Properties" : {
                          "AnimateExpandCollapse" : true,
                          "Area" : "UI",
                          "BGImageRepeat" : "no-repeat",
                          "BGImageSize" : "auto",
                          "DisplayName" : "Column 1",
                          "ExpandCollapseTabLocation" : "outside",
                          "Expanded" : true,
                          "Id" : "container-17",
                          "MinHeight" : 0,
                          "MinWidth" : 0,
                          "Overlay" : false,
                          "OverlayIsTransparent" : false,
                          "ResponsiveLayout" : true,
                          "ShowDataLoading" : true,
                          "ShowExpandCollapseTab" : false,
                          "Style" : "DefaultContainerStyle",
                          "TabCollapseStyle" : "DefaultTabCollapseStyle",
                          "TabExpandStyle" : "DefaultTabExpandStyle",
                          "TabHeight" : 36,
                          "TabLocation" : "center",
                          "TabOffset" : 0,
                          "TabWidth" : 36,
                          "Type" : "container",
                          "Visible" : true,
                          "Z-index" : 10,
                          "__TypeDisplayName" : "Container"
                        },
                        "Widgets" : [ {
                          "Properties" : {
                            "Area" : "UI",
                            "Columns" : 1,
                            "DisplayName" : "layout-24",
                            "Footer" : false,
                            "FooterHeight" : 0,
                            "Header" : false,
                            "HeaderHeight" : 0,
                            "Id" : "layout-24",
                            "IncludeSpacingInFixedAreas" : false,
                            "IsPrintLayout" : false,
                            "Left" : 75,
                            "LeftSidebar" : true,
                            "LeftSidebarWidth" : 20,
                            "Orientation" : "horizontal",
                            "PctColumn1" : 100,
                            "PctColumn2" : 0,
                            "PctColumn3" : 1,
                            "PctColumn4" : 1,
                            "PctColumn5" : 1,
                            "PctColumn6" : 1,
                            "PctColumn7" : 1,
                            "PctColumn8" : 1,
                            "PctRow1" : 50,
                            "PctRow2" : 50,
                            "PctRow3" : 0,
                            "PctRow4" : 0,
                            "PctRow5" : 0,
                            "PctRow6" : 0,
                            "PctRow7" : 0,
                            "PctRow8" : 0,
                            "PrintMarginLeftRight" : 0.5,
                            "PrintMarginTopBottom" : 0.5,
                            "PrintWidth" : 650,
                            "ResponsiveLayout" : true,
                            "RightSidebar" : true,
                            "RightSidebarWidth" : 20,
                            "Rows" : 0,
                            "ShowDataLoading" : true,
                            "Spacing" : 0,
                            "Top" : 45,
                            "Type" : "layout",
                            "Visible" : true,
                            "Z-index" : 10,
                            "__TypeDisplayName" : "Layout"
                          },
                          "Widgets" : [ {
                            "Properties" : {
                              "AnimateExpandCollapse" : true,
                              "Area" : "UI",
                              "BGImageRepeat" : "no-repeat",
                              "BGImageSize" : "auto",
                              "DisplayName" : "Left Sidebar",
                              "ExpandCollapseTabLocation" : "outside",
                              "Expanded" : true,
                              "Id" : "container-25",
                              "MinHeight" : 0,
                              "MinWidth" : 0,
                              "Overlay" : false,
                              "OverlayIsTransparent" : false,
                              "ResponsiveLayout" : true,
                              "ShowDataLoading" : true,
                              "ShowExpandCollapseTab" : false,
                              "Style" : "DefaultContainerStyle",
                              "TabCollapseStyle" : "DefaultTabCollapseStyle",
                              "TabExpandStyle" : "DefaultTabExpandStyle",
                              "TabHeight" : 36,
                              "TabLocation" : "center",
                              "TabOffset" : 0,
                              "TabWidth" : 36,
                              "Type" : "container",
                              "Visible" : true,
                              "Z-index" : 10,
                              "__TypeDisplayName" : "Container"
                            },
                            "Widgets" : [ ]
                          }, {
                            "Properties" : {
                              "AnimateExpandCollapse" : true,
                              "Area" : "UI",
                              "BGImageRepeat" : "no-repeat",
                              "BGImageSize" : "auto",
                              "DisplayName" : "Column 1",
                              "ExpandCollapseTabLocation" : "outside",
                              "Expanded" : true,
                              "Id" : "container-26",
                              "MinHeight" : 0,
                              "MinWidth" : 0,
                              "Overlay" : false,
                              "OverlayIsTransparent" : false,
                              "ResponsiveLayout" : true,
                              "ShowDataLoading" : true,
                              "ShowExpandCollapseTab" : false,
                              "Style" : "DefaultContainerStyle",
                              "TabCollapseStyle" : "DefaultTabCollapseStyle",
                              "TabExpandStyle" : "DefaultTabExpandStyle",
                              "TabHeight" : 36,
                              "TabLocation" : "center",
                              "TabOffset" : 0,
                              "TabWidth" : 36,
                              "Type" : "container",
                              "Visible" : true,
                              "Z-index" : 10,
                              "__TypeDisplayName" : "Container"
                            },
                            "Widgets" : [ {
                              "Properties" : {
                                "Area" : "UI",
                                "Columns" : 0,
                                "DisplayName" : "layout-28",
                                "Footer" : true,
                                "FooterHeight" : 20,
                                "Header" : true,
                                "HeaderHeight" : 20,
                                "Id" : "layout-28",
                                "IncludeSpacingInFixedAreas" : false,
                                "IsPrintLayout" : false,
                                "Left" : 195,
                                "LeftSidebar" : false,
                                "LeftSidebarWidth" : 0,
                                "Orientation" : "vertical",
                                "PctColumn1" : 50,
                                "PctColumn2" : 50,
                                "PctColumn3" : 1,
                                "PctColumn4" : 1,
                                "PctColumn5" : 1,
                                "PctColumn6" : 1,
                                "PctColumn7" : 1,
                                "PctColumn8" : 1,
                                "PctRow1" : 100,
                                "PctRow2" : 0,
                                "PctRow3" : 0,
                                "PctRow4" : 0,
                                "PctRow5" : 0,
                                "PctRow6" : 0,
                                "PctRow7" : 0,
                                "PctRow8" : 0,
                                "PrintMarginLeftRight" : 0.5,
                                "PrintMarginTopBottom" : 0.5,
                                "PrintWidth" : 650,
                                "ResponsiveLayout" : true,
                                "RightSidebar" : false,
                                "RightSidebarWidth" : 0,
                                "Rows" : 1,
                                "ShowDataLoading" : true,
                                "Spacing" : 0,
                                "Top" : 55,
                                "Type" : "layout",
                                "Visible" : true,
                                "Z-index" : 10,
                                "__TypeDisplayName" : "Layout"
                              },
                              "Widgets" : [ {
                                "Properties" : {
                                  "AnimateExpandCollapse" : true,
                                  "Area" : "UI",
                                  "BGImageRepeat" : "no-repeat",
                                  "BGImageSize" : "auto",
                                  "DisplayName" : "Header",
                                  "ExpandCollapseTabLocation" : "outside",
                                  "Expanded" : true,
                                  "Id" : "container-29",
                                  "MinHeight" : 0,
                                  "MinWidth" : 0,
                                  "Overlay" : false,
                                  "OverlayIsTransparent" : false,
                                  "ResponsiveLayout" : true,
                                  "ShowDataLoading" : true,
                                  "ShowExpandCollapseTab" : false,
                                  "Style" : "DefaultContainerStyle",
                                  "TabCollapseStyle" : "DefaultTabCollapseStyle",
                                  "TabExpandStyle" : "DefaultTabExpandStyle",
                                  "TabHeight" : 36,
                                  "TabLocation" : "center",
                                  "TabOffset" : 0,
                                  "TabWidth" : 36,
                                  "Type" : "container",
                                  "Visible" : true,
                                  "Z-index" : 10,
                                  "__TypeDisplayName" : "Container"
                                },
                                "Widgets" : [ ]
                              }, {
                                "Properties" : {
                                  "AnimateExpandCollapse" : true,
                                  "Area" : "UI",
                                  "BGImageRepeat" : "no-repeat",
                                  "BGImageSize" : "auto",
                                  "DisplayName" : "Row 1",
                                  "ExpandCollapseTabLocation" : "outside",
                                  "Expanded" : true,
                                  "Id" : "container-30",
                                  "MinHeight" : 0,
                                  "MinWidth" : 0,
                                  "Overlay" : false,
                                  "OverlayIsTransparent" : false,
                                  "ResponsiveLayout" : true,
                                  "ShowDataLoading" : true,
                                  "ShowExpandCollapseTab" : false,
                                  "Style" : "PTC.SCA.SCO.JobOrder.GreyBarWithGreyLineStyleDefinition",
                                  "TabCollapseStyle" : "DefaultTabCollapseStyle",
                                  "TabExpandStyle" : "DefaultTabExpandStyle",
                                  "TabHeight" : 36,
                                  "TabLocation" : "center",
                                  "TabOffset" : 0,
                                  "TabWidth" : 36,
                                  "Type" : "container",
                                  "Visible" : true,
                                  "Z-index" : 10,
                                  "__TypeDisplayName" : "Container"
                                },
                                "Widgets" : [ {
                                  "Properties" : {
                                    "Area" : "UI",
                                    "Columns" : 0,
                                    "Description" : "",
                                    "DisplayName" : "JobOrderCollectionLayout",
                                    "Footer" : false,
                                    "FooterHeight" : 0,
                                    "Header" : true,
                                    "HeaderHeight" : 125,
                                    "Id" : "layout-3",
                                    "IncludeSpacingInFixedAreas" : false,
                                    "IsPrintLayout" : false,
                                    "Left" : 100,
                                    "LeftSidebar" : false,
                                    "LeftSidebarWidth" : 0,
                                    "Orientation" : "vertical",
                                    "PctColumn1" : 50,
                                    "PctColumn2" : 50,
                                    "PctColumn3" : 1,
                                    "PctColumn4" : 1,
                                    "PctColumn5" : 1,
                                    "PctColumn6" : 1,
                                    "PctColumn7" : 1,
                                    "PctColumn8" : 1,
                                    "PctRow1" : 100,
                                    "PctRow2" : 0,
                                    "PctRow3" : 0,
                                    "PctRow4" : 0,
                                    "PctRow5" : 0,
                                    "PctRow6" : 0,
                                    "PctRow7" : 0,
                                    "PctRow8" : 0,
                                    "PrintMarginLeftRight" : 0.5,
                                    "PrintMarginTopBottom" : 0.5,
                                    "PrintWidth" : 650,
                                    "ResponsiveLayout" : true,
                                    "RightSidebar" : false,
                                    "RightSidebarWidth" : 0,
                                    "Rows" : 1,
                                    "ShowDataLoading" : true,
                                    "Spacing" : 0,
                                    "Top" : 165,
                                    "Type" : "layout",
                                    "Visible" : true,
                                    "Z-index" : 10,
                                    "__TypeDisplayName" : "Layout"
                                  },
                                  "Widgets" : [ {
                                    "Properties" : {
                                      "AnimateExpandCollapse" : true,
                                      "Area" : "UI",
                                      "BGImageRepeat" : "no-repeat",
                                      "BGImageSize" : "auto",
                                      "Description" : "",
                                      "DisplayName" : "Header",
                                      "ExpandCollapseTabLocation" : "outside",
                                      "Expanded" : true,
                                      "Id" : "container-4",
                                      "MinHeight" : 0,
                                      "MinWidth" : 0,
                                      "Overlay" : false,
                                      "OverlayIsTransparent" : false,
                                      "ResponsiveLayout" : true,
                                      "ShowDataLoading" : true,
                                      "ShowExpandCollapseTab" : false,
                                      "Style" : "DefaultContainerStyle",
                                      "TabCollapseStyle" : "DefaultTabCollapseStyle",
                                      "TabExpandStyle" : "DefaultTabExpandStyle",
                                      "TabHeight" : 36,
                                      "TabLocation" : "center",
                                      "TabOffset" : 0,
                                      "TabWidth" : 36,
                                      "Type" : "container",
                                      "Visible" : true,
                                      "Z-index" : 10,
                                      "__TypeDisplayName" : "Container"
                                    },
                                    "Widgets" : [ {
                                      "Properties" : {
                                        "Area" : "UI",
                                        "DisplayName" : "panel-12",
                                        "Height" : 200,
                                        "HideScrollbars" : false,
                                        "HorizontalAnchor" : "left",
                                        "Id" : "panel-12",
                                        "Left" : 60,
                                        "ResponsiveLayout" : true,
                                        "ShowDataLoading" : true,
                                        "Style" : "PTC.NoStyle",
                                        "Top" : 25,
                                        "Type" : "panel",
                                        "VerticalAnchor" : "top",
                                        "Visible" : true,
                                        "Width" : 300,
                                        "Z-index" : 10,
                                        "__TypeDisplayName" : "Panel"
                                      },
                                      "Widgets" : [ {
                                        "Properties" : {
                                          "Alignment" : "left",
                                          "AllowEllipsis" : false,
                                          "Area" : "UI",
                                          "CustomClass" : "",
                                          "DisplayName" : "label-13",
                                          "Height" : 19,
                                          "Id" : "label-13",
                                          "Left" : 21,
                                          "ResponsiveLayout" : false,
                                          "ShowDataLoading" : true,
                                          "Style" : "PTC.SCA.SCO.JobOrder.12pxBoldLabelTextStyleDefinition",
                                          "Text" : "[[PTC.SCA.SCO.FilteredBy]]",
                                          "ToolTipField" : "",
                                          "ToolTipStyle" : "DefaultTooltipStyle",
                                          "Top" : 40,
                                          "Type" : "label",
                                          "Visible" : true,
                                          "Width" : 90,
                                          "Z-index" : 10,
                                          "__TypeDisplayName" : "Label",
                                          "__supportsTooltip" : true
                                        },
                                        "Widgets" : [ ]
                                      }, {
                                        "Properties" : {
                                          "Alignment" : "left",
                                          "AllowEllipsis" : false,
                                          "Area" : "UI",
                                          "CustomClass" : "",
                                          "DisplayName" : "label-14",
                                          "Height" : 19,
                                          "Id" : "label-14",
                                          "Left" : 21,
                                          "ResponsiveLayout" : false,
                                          "ShowDataLoading" : true,
                                          "Style" : "PTC.SCA.SCO.JobOrder.12pxBoldLabelTextStyleDefinition",
                                          "Text" : "[[PTC.SCA.SCO.SortedBy]]",
                                          "ToolTipField" : "",
                                          "ToolTipStyle" : "DefaultTooltipStyle",
                                          "Top" : 60,
                                          "Type" : "label",
                                          "Visible" : true,
                                          "Width" : 90,
                                          "Z-index" : 10,
                                          "__TypeDisplayName" : "Label",
                                          "__supportsTooltip" : true
                                        },
                                        "Widgets" : [ ]
                                      }, {
                                        "Properties" : {
                                          "Alignment" : "left",
                                          "Area" : "UI",
                                          "BackgroundFill" : "content",
                                          "Description" : "",
                                          "DisplayName" : "FilteredByValuedisplay",
                                          "Height" : 22,
                                          "Id" : "valuedisplay-18",
                                          "ImageScaling" : "Width",
                                          "Label" : "",
                                          "LabelAlignment" : "left",
                                          "Left" : 121,
                                          "Overflow" : "hidden",
                                          "ResponsiveLayout" : false,
                                          "ShowDataLoading" : true,
                                          "TextIfNoValue" : "",
                                          "TextIfNoValueOffset" : 0,
                                          "TextIfNoValueStyle" : "PTC.SCA.SCO.JobOrder.12pxBoldLabelTextStyleDefinition",
                                          "TextWrap" : true,
                                          "ToolTipField" : "",
                                          "ToolTipStyle" : "DefaultTooltipStyle",
                                          "Top" : 40,
                                          "Type" : "valuedisplay",
                                          "ValueDisplayLabelStyle" : "PTC.SCA.SCO.JobOrder.12pxBoldLabelTextStyleDefinition",
                                          "ValueDisplayStyle" : "PTC.SCA.SCO.JobOrder.12pxBoldLabelTextStyleDefinition",
                                          "ValueFormat" : {
                                            "FormatString" : "full",
                                            "renderer" : "STRING"
                                          },
                                          "ValueFormat_StateParameters" : [ ],
                                          "VerticalAlignment" : "middle",
                                          "Visible" : true,
                                          "Width" : 760,
                                          "Z-index" : 10,
                                          "__TypeDisplayName" : "Value Display",
                                          "__supportsLabel" : true,
                                          "__supportsTooltip" : true
                                        },
                                        "Widgets" : [ ]
                                      }, {
                                        "Properties" : {
                                          "Alignment" : "left",
                                          "Area" : "UI",
                                          "BackgroundFill" : "content",
                                          "Description" : "",
                                          "DisplayName" : "SortedByValuedisplay",
                                          "Height" : 22,
                                          "Id" : "valuedisplay-19",
                                          "ImageScaling" : "Width",
                                          "Label" : "",
                                          "LabelAlignment" : "left",
                                          "Left" : 121,
                                          "Overflow" : "hidden",
                                          "ResponsiveLayout" : false,
                                          "ShowDataLoading" : true,
                                          "TextIfNoValue" : "",
                                          "TextIfNoValueOffset" : 0,
                                          "TextIfNoValueStyle" : "PTC.SCA.SCO.JobOrder.12pxBoldLabelTextStyleDefinition",
                                          "TextWrap" : true,
                                          "ToolTipField" : "",
                                          "ToolTipStyle" : "DefaultTooltipStyle",
                                          "Top" : 60,
                                          "Type" : "valuedisplay",
                                          "ValueDisplayLabelStyle" : "PTC.SCA.SCO.JobOrder.12pxBoldLabelTextStyleDefinition",
                                          "ValueDisplayStyle" : "PTC.SCA.SCO.JobOrder.12pxBoldLabelTextStyleDefinition",
                                          "ValueFormat" : {
                                            "FormatString" : "full",
                                            "renderer" : "STRING"
                                          },
                                          "ValueFormat_StateParameters" : [ ],
                                          "VerticalAlignment" : "middle",
                                          "Visible" : true,
                                          "Width" : 760,
                                          "Z-index" : 10,
                                          "__TypeDisplayName" : "Value Display",
                                          "__supportsLabel" : true,
                                          "__supportsTooltip" : true
                                        },
                                        "Widgets" : [ ]
                                      }, {
                                        "Properties" : {
                                          "Area" : "UI",
                                          "CurrentPage" : 0,
                                          "CurrentPageStyle" : "DefaultMashupStyle",
                                          "DisplayName" : "paging-20",
                                          "HoverStyle" : "DefaultLinkHoverStyle",
                                          "Id" : "paging-20",
                                          "ItemsLabel" : "[[PTC.SCA.SCO.PagingWidget.Pages]]",
                                          "LabelStyle" : "DefaultMashupStyle",
                                          "Left" : 20,
                                          "LinkStyle" : "DefaultLinkStyle",
                                          "PageNumber" : 0,
                                          "PageSize" : 10,
                                          "ResponsiveLayout" : false,
                                          "ShowDataLoading" : true,
                                          "Top" : 100,
                                          "TotalItems" : 0,
                                          "Type" : "paging",
                                          "VerticalAlignment" : "middle",
                                          "Visible" : true,
                                          "Z-index" : 10,
                                          "__TypeDisplayName" : "Paging"
                                        },
                                        "Widgets" : [ ]
                                      }, {
                                        "Properties" : {
                                          "Area" : "UI",
                                          "DataType" : "INTEGER",
                                          "DisplayName" : "eventsrouter-23",
                                          "Id" : "eventsrouter-23",
                                          "Left" : 180,
                                          "NumberOfInputs" : 5,
                                          "ResponsiveLayout" : false,
                                          "ShowDataLoading" : true,
                                          "Top" : 5,
                                          "Type" : "eventsrouter",
                                          "Visible" : true,
                                          "Z-index" : 10,
                                          "__TypeDisplayName" : "Events Router"
                                        },
                                        "Widgets" : [ ]
                                      }, {
                                        "Properties" : {
                                          "Alignment" : "left",
                                          "AllowEllipsis" : false,
                                          "Area" : "UI",
                                          "CustomClass" : "",
                                          "DisplayName" : "ListOfJobOrders",
                                          "Height" : 19,
                                          "Id" : "label-32",
                                          "Left" : 20,
                                          "ResponsiveLayout" : false,
                                          "ShowDataLoading" : true,
                                          "Style" : "PTC.SCA.SCO.JobOrder.14pxBoldLabelTextStyleDefinition",
                                          "Text" : "[[PTC.SCA.SCO.ListOfJobOrders]]",
                                          "ToolTipField" : "",
                                          "ToolTipStyle" : "DefaultTooltipStyle",
                                          "Top" : 20.994308471679688,
                                          "Type" : "label",
                                          "Visible" : true,
                                          "Width" : 320,
                                          "Z-index" : 10,
                                          "__TypeDisplayName" : "Label",
                                          "__supportsTooltip" : true
                                        },
                                        "Widgets" : [ ]
                                      } ]
                                    } ]
                                  }, {
                                    "Properties" : {
                                      "AnimateExpandCollapse" : true,
                                      "Area" : "UI",
                                      "BGImageRepeat" : "no-repeat",
                                      "BGImageSize" : "auto",
                                      "DisplayName" : "Row",
                                      "ExpandCollapseTabLocation" : "outside",
                                      "Expanded" : true,
                                      "Id" : "container-5",
                                      "MinHeight" : 0,
                                      "MinWidth" : 0,
                                      "Overlay" : false,
                                      "OverlayIsTransparent" : false,
                                      "ResponsiveLayout" : true,
                                      "ShowDataLoading" : true,
                                      "ShowExpandCollapseTab" : false,
                                      "Style" : "PTC.SCA.SCO.JobOrder.GreyBarStyleDefinition",
                                      "TabCollapseStyle" : "DefaultTabCollapseStyle",
                                      "TabExpandStyle" : "DefaultTabExpandStyle",
                                      "TabHeight" : 36,
                                      "TabLocation" : "center",
                                      "TabOffset" : 0,
                                      "TabWidth" : 36,
                                      "Type" : "container",
                                      "Visible" : true,
                                      "Z-index" : 10,
                                      "__TypeDisplayName" : "Container"
                                    },
                                    "Widgets" : [ {
                                      "Properties" : {
                                        "AllowSelection" : false,
                                        "AlwaysUseCustomScrollerOniOS" : true,
                                        "Area" : "UI",
                                        "AutoSelectFirstRow" : false,
                                        "BottomPadding" : 22,
                                        "CellActiveStyle" : "PTC.NoStyle",
                                        "CellBorderRadius" : 0,
                                        "CellBoxShadow" : "",
                                        "CellHoverStyle" : "PTC.NoStyle",
                                        "CellMashupSelectedField" : "",
                                        "CellMenuStates" : "DefaultMenuStates",
                                        "CellMenuStatesIconGravity" : "Left",
                                        "CellMenuStatesIconSize" : 16,
                                        "CellMenuStatesOrientation" : "Horizontal",
                                        "CellMenuStatesUseBuiltin" : false,
                                        "CellMultipleSelectionType" : "Disabled",
                                        "CellPointer" : "Auto",
                                        "CellSelectedStyle" : "PTC.NoStyle",
                                        "CellStyle" : "PTC.SCA.SCO.JobOrder.GreyBarStyleDefinition",
                                        "Description" : "",
                                        "DisplayName" : "JobOrderCollection",
                                        "FlowLayoutAlignment" : "Center",
                                        "FlowLayoutContentGravity" : "Center",
                                        "FlowLayoutGravity" : "Spaced",
                                        "FooterHeight" : 44,
                                        "FooterSectionParam" : "",
                                        "HandleSelectionUpdates" : false,
                                        "HasSelectedCells" : false,
                                        "HeaderHeight" : 44,
                                        "HeaderSectionParam" : "",
                                        "Height" : 300,
                                        "Id" : "collection-6",
                                        "Left" : 0,
                                        "LeftAlignFinalRow" : false,
                                        "Mashup" : "PTC.SCA.SCO.JobOrder.SummaryContainerCollectionMashup",
                                        "MashupGlobalPropertyBinding" : {},
                                        "MashupHeight" : 220,
                                        "MashupNameField" : "",
                                        "MashupPropertyBinding" : {"UID":"UID","dispatchStatus":"dispatchStatus","priorityDisplayString":"priorityDisplayString","typeDisplayString":"typeDisplayString","location":"location","jobOrderID":"jobOrderID","workTypeDisplayString":"workTypeDisplayString","dispatchStatus":"dispatchStatus","dispatchStatusDisplayString":"dispatchStatusDisplayString","productionOrderNumber":"productionOrderNumber"},
                                        "MashupWidth" : 400,
                                        "MasonryLayoutBottomPadding" : 22,
                                        "MasonryLayoutCellSpacing" : 22,
                                        "MasonryLayoutColumnSpacing" : 22,
                                        "MasonryLayoutColumnSpeeds" : "1, 2, 0.5, 1, 2, 0.5",
                                        "MasonryLayoutColumnWidth" : 0,
                                        "MasonryLayoutNumberOfColumns" : 5,
                                        "MasonryLayoutTopPadding" : 22,
                                        "MinimumSpacing" : 0,
                                        "MultiSelect" : false,
                                        "OffScreenBufferFactor" : 0.1,
                                        "PinFootersToBottom" : false,
                                        "PinHeadersToTop" : false,
                                        "PlaysIntroAnimation" : false,
                                        "ResponsiveLayout" : true,
                                        "RippleEffectStyle" : "PTC.NoStyle",
                                        "RowSpacing" : 44,
                                        "ScrollsToSelectedCell" : false,
                                        "SectionInsetBottom" : 0,
                                        "SectionInsetLeft" : 20,
                                        "SectionInsetRight" : 0,
                                        "SectionInsetTop" : 0,
                                        "SelectedCellsCount" : 0,
                                        "ShowDataLoading" : true,
                                        "ShowFooters" : false,
                                        "ShowHeaders" : false,
                                        "SortAscending" : false,
                                        "Top" : 0,
                                        "TopPadding" : 22,
                                        "Type" : "collection",
                                        "UIDField" : "UID",
                                        "UseCustomScrollerOnWindowsDesktops" : true,
                                        "UseMashupDimensions" : false,
                                        "UseRippleEffect" : false,
                                        "View" : "table",
                                        "Visible" : true,
                                        "Width" : 400,
                                        "Z-index" : 10,
                                        "[Experimental] Fast widget append" : false,
                                        "_CanDoubleClick" : false,
                                        "_EventDataShape" : {"jobOrderID":{"name":"jobOrderID","aspects":{"isPrimaryKey":true},"description":"","baseType":"STRING","ordinal":3},"priorityDisplayString":{"name":"priorityDisplayString","aspects":{},"description":"","baseType":"STRING","ordinal":7},"dispatchStatusDisplayString":{"name":"dispatchStatusDisplayString","aspects":{},"description":"","baseType":"STRING","ordinal":1},"productionOrderNumber":{"name":"productionOrderNumber","aspects":{},"description":"","baseType":"STRING","ordinal":4},"typeDisplayString":{"name":"typeDisplayString","aspects":{},"description":"","baseType":"STRING","ordinal":5},"locationString":{"name":"locationString","aspects":{},"description":"","baseType":"STRING","ordinal":2},"workTypeDisplayString":{"name":"workTypeDisplayString","aspects":{},"description":"","baseType":"STRING","ordinal":8},"dispatchStatus":{"name":"dispatchStatus","aspects":{},"description":"","baseType":"INTEGER","ordinal":6}},
                                        "_GlobalDataShape" : {},
                                        "_MenuDefinition" : "[]",
                                        "__TypeDisplayName" : "Collection"
                                      },
                                      "Widgets" : [ ]
                                    } ]
                                  } ]
                                } ]
                              }, {
                                "Properties" : {
                                  "AnimateExpandCollapse" : true,
                                  "Area" : "UI",
                                  "BGImageRepeat" : "no-repeat",
                                  "BGImageSize" : "auto",
                                  "DisplayName" : "Footer",
                                  "ExpandCollapseTabLocation" : "outside",
                                  "Expanded" : true,
                                  "Id" : "container-31",
                                  "MinHeight" : 0,
                                  "MinWidth" : 0,
                                  "Overlay" : false,
                                  "OverlayIsTransparent" : false,
                                  "ResponsiveLayout" : true,
                                  "ShowDataLoading" : true,
                                  "ShowExpandCollapseTab" : false,
                                  "Style" : "DefaultContainerStyle",
                                  "TabCollapseStyle" : "DefaultTabCollapseStyle",
                                  "TabExpandStyle" : "DefaultTabExpandStyle",
                                  "TabHeight" : 36,
                                  "TabLocation" : "center",
                                  "TabOffset" : 0,
                                  "TabWidth" : 36,
                                  "Type" : "container",
                                  "Visible" : true,
                                  "Z-index" : 10,
                                  "__TypeDisplayName" : "Container"
                                },
                                "Widgets" : [ ]
                              } ]
                            } ]
                          }, {
                            "Properties" : {
                              "AnimateExpandCollapse" : true,
                              "Area" : "UI",
                              "BGImageRepeat" : "no-repeat",
                              "BGImageSize" : "auto",
                              "DisplayName" : "Right Sidebar",
                              "ExpandCollapseTabLocation" : "outside",
                              "Expanded" : true,
                              "Id" : "container-27",
                              "MinHeight" : 0,
                              "MinWidth" : 0,
                              "Overlay" : false,
                              "OverlayIsTransparent" : false,
                              "ResponsiveLayout" : true,
                              "ShowDataLoading" : true,
                              "ShowExpandCollapseTab" : false,
                              "Style" : "DefaultContainerStyle",
                              "TabCollapseStyle" : "DefaultTabCollapseStyle",
                              "TabExpandStyle" : "DefaultTabExpandStyle",
                              "TabHeight" : 36,
                              "TabLocation" : "center",
                              "TabOffset" : 0,
                              "TabWidth" : 36,
                              "Type" : "container",
                              "Visible" : true,
                              "Z-index" : 10,
                              "__TypeDisplayName" : "Container"
                            },
                            "Widgets" : [ ]
                          } ]
                        } ]
                      } ]
                    } ]
                  } ]
                } ]
              },
              "mashupType" : "mashup"
            }
            ]]>
            </mashupContent>
        </Mashup>
    </Mashups>
</Entities>
