<?xml version="1.0" encoding="UTF-8"?>
<Entities
 build="b7281"
 majorVersion="0"
 minorVersion="0"
 modelPersistenceProviderPackage="PostgresPersistenceProviderPackage"
 revision="0"
 schemaVersion="1050"
 universal="password">
    <Mashups>
        <Mashup
         aspect.isEditableExtensionObject="false"
         aspect.isExtension="true"
         aspect.isResponsive="true"
         aspect.mashupType="mashup"
         columns="0.0"
         description="Mashup used to display Image, Video, and CAD data for the given Work Definition UID {PTC.SCA.SCO.WorkDefinition.InfoTabContainedMashup}"
         documentationContent=""
         homeMashup=""
         lastModifiedDate="2019-07-22T09:53:48.012-04:00"
         name="PTC.SCA.SCO.WorkDefinition.InfoTabContainedMashup"
         projectName=""
         rows="0.0"
         tags="PTC:OA">
            <avatar></avatar>
            <DesignTimePermissions>
                <Create></Create>
                <Read></Read>
                <Update></Update>
                <Delete></Delete>
                <Metadata></Metadata>
            </DesignTimePermissions>
            <RunTimePermissions></RunTimePermissions>
            <VisibilityPermissions>
                <Visibility></Visibility>
            </VisibilityPermissions>
            <ConfigurationTableDefinitions></ConfigurationTableDefinitions>
            <ConfigurationTables></ConfigurationTables>
            <ParameterDefinitions>
                <FieldDefinition
                 aspect.bindingDirection="IN"
                 aspect.isMandatory="false"
                 aspect.ordinal="0"
                 baseType="STRING"
                 description="Work Definition UID"
                 name="WorkDefinitionUID"
                 ordinal="0"></FieldDefinition>
            </ParameterDefinitions>
            <Things></Things>
            <ThingShapes></ThingShapes>
            <ThingTemplates></ThingTemplates>
            <mashupContent>
            <![CDATA[
            {
              "CustomMashupCss" : "",
              "Data" : {
                "Session" : {
                  "DataName" : "Session",
                  "EntityName" : "",
                  "EntityType" : "Session",
                  "Id" : "session",
                  "Services" : [ {
                    "APIMethod" : "post",
                    "Characteristic" : "Services",
                    "Id" : "SessionInterface",
                    "Name" : "GetGlobalSessionValues",
                    "Parameters" : { },
                    "RefreshInterval" : 0,
                    "Target" : "GetGlobalSessionValues"
                  } ]
                },
                "UserExtensions" : {
                  "DataName" : "UserExtensions",
                  "EntityName" : "",
                  "EntityType" : "UserExtensions",
                  "Id" : "UserExtensions",
                  "Services" : [ {
                    "APIMethod" : "post",
                    "Characteristic" : "Services",
                    "Id" : "UserExtensionInterface",
                    "Name" : "GetCurrentUserExtensionProperties",
                    "Parameters" : { },
                    "RefreshInterval" : 0,
                    "Target" : "GetCurrentUserExtensionProperties"
                  } ]
                }
              },
              "DataBindings" : [ {
                "Id" : "660baf61-d484-4d99-9730-c27c3595974d",
                "PropertyMaps" : [ {
                  "SourceProperty" : "WorkDefinitionUID",
                  "SourcePropertyBaseType" : "STRING",
                  "SourcePropertyType" : "Property",
                  "TargetProperty" : "WorkDefinitionUID",
                  "TargetPropertyBaseType" : "STRING",
                  "TargetPropertyType" : "property"
                } ],
                "SourceArea" : "Mashup",
                "SourceId" : "mashup-root",
                "SourceSection" : "",
                "TargetArea" : "UI",
                "TargetId" : "mashupcontainer-15",
                "TargetSection" : ""
              }, {
                "Id" : "87f86e16-1483-411a-9e43-e512c853d979",
                "PropertyMaps" : [ {
                  "SourceProperty" : "WorkDefinitionUID",
                  "SourcePropertyBaseType" : "STRING",
                  "SourcePropertyType" : "Property",
                  "TargetProperty" : "WorkDefinitionUID",
                  "TargetPropertyBaseType" : "STRING",
                  "TargetPropertyType" : "property"
                } ],
                "SourceArea" : "Mashup",
                "SourceId" : "mashup-root",
                "SourceSection" : "",
                "TargetArea" : "UI",
                "TargetId" : "mashupcontainer-14",
                "TargetSection" : ""
              }, {
                "Id" : "ae1483ff-dac4-4e15-9b63-eb04d8705376",
                "PropertyMaps" : [ {
                  "SourceProperty" : "WorkDefinitionUID",
                  "SourcePropertyBaseType" : "STRING",
                  "SourcePropertyType" : "Property",
                  "TargetProperty" : "WorkDefinitionUID",
                  "TargetPropertyBaseType" : "STRING",
                  "TargetPropertyType" : "property"
                } ],
                "SourceArea" : "Mashup",
                "SourceId" : "mashup-root",
                "SourceSection" : "",
                "TargetArea" : "UI",
                "TargetId" : "mashupcontainer-13",
                "TargetSection" : ""
              } ],
              "DesignTimePermissions" : {
                "Create" : [ ],
                "Delete" : [ ],
                "Metadata" : [ ],
                "Read" : [ ],
                "Update" : [ ]
              },
              "Events" : [ ],
              "RunTimePermissions" : {
                "permissions" : [ ]
              },
              "UI" : {
                "Properties" : {
                  "AddToDashboardButton" : "SimplePlus",
                  "AddToDashboardButtonStyle" : "DefaultAddToDashboardButtonStyle",
                  "Area" : "Mashup",
                  "BGImage" : "",
                  "BGImageRepeat" : "no-repeat",
                  "BGImageSize" : "auto",
                  "Columns" : 0,
                  "ConfigureGadgetButton" : "SimpleGear",
                  "ConfigureGadgetButtonStyle" : "DefaultConfigureGadgetButtonStyle",
                  "DisplayName" : "Mashup",
                  "EnableParameterEditing" : false,
                  "Height" : 618,
                  "Id" : "mashup-root",
                  "IgnoreWarningsInViewMashup" : false,
                  "IsPrintLayout" : false,
                  "Left" : 0,
                  "MashupToEditGadget" : "DefaultMashupToEditGadget",
                  "MinHeight" : 0,
                  "MinWidth" : 0,
                  "ResponsiveLayout" : true,
                  "Rows" : 0,
                  "ShowDataLoading" : true,
                  "Style" : "DefaultMashupStyle",
                  "StyleTheme" : "PTC Convergence Theme",
                  "Title" : "",
                  "TitleBar" : false,
                  "TitleBarStyle" : "DefaultTitleBarStyle",
                  "TitleBarText" : "Gadget Title Here",
                  "Top" : 0,
                  "Type" : "mashup",
                  "UseMasterTheme" : false,
                  "UseTheme" : false,
                  "UseThemeForHybrids" : false,
                  "Visible" : true,
                  "Width" : 1024,
                  "Z-index" : 10,
                  "__TypeDisplayName" : "Mashup",
                  "_currentParameterDefs" : [ {
                    "Aspects" : {
                      "bindingDirection" : "IN",
                      "isMandatory" : false
                    },
                    "BaseType" : "STRING",
                    "Description" : "Work Definition UID",
                    "ParameterName" : "WorkDefinitionUID"
                  } ],
                  "id_index" : 15,
                  "supportsAutoResize" : true
                },
                "Widgets" : [ {
                  "Properties" : {
                    "Area" : "UI",
                    "DefaultTabNumber" : 1,
                    "Disabled" : false,
                    "DisplayName" : "ptcs-tabset-9",
                    "Height" : 170,
                    "Id" : "ptcstabset-9",
                    "Items" : [ {
                      "disabled" : false,
                      "name" : "Image",
                      "value" : "TabValue1",
                      "visible" : true
                    }, {
                      "disabled" : false,
                      "name" : "Video",
                      "value" : "TabValue2",
                      "visible" : true
                    }, {
                      "disabled" : false,
                      "name" : "CAD",
                      "value" : "TabValue3",
                      "visible" : true
                    } ],
                    "Left" : 150,
                    "NumberOfTabs" : 3,
                    "ResponsiveLayout" : true,
                    "Selected" : 2,
                    "ShowDataLoading" : true,
                    "Tab10Disabled" : false,
                    "Tab10Name" : "Tab Name 10",
                    "Tab10Value" : "TabValue10",
                    "Tab10Visible" : true,
                    "Tab11Disabled" : false,
                    "Tab11Name" : "Tab Name 11",
                    "Tab11Value" : "TabValue11",
                    "Tab11Visible" : true,
                    "Tab12Disabled" : false,
                    "Tab12Name" : "Tab Name 12",
                    "Tab12Value" : "TabValue12",
                    "Tab12Visible" : true,
                    "Tab13Disabled" : false,
                    "Tab13Name" : "Tab Name 13",
                    "Tab13Value" : "TabValue13",
                    "Tab13Visible" : true,
                    "Tab14Disabled" : false,
                    "Tab14Name" : "Tab Name 14",
                    "Tab14Value" : "TabValue14",
                    "Tab14Visible" : true,
                    "Tab15Disabled" : false,
                    "Tab15Name" : "Tab Name 15",
                    "Tab15Value" : "TabValue15",
                    "Tab15Visible" : true,
                    "Tab16Disabled" : false,
                    "Tab16Name" : "Tab Name 16",
                    "Tab16Value" : "TabValue16",
                    "Tab16Visible" : true,
                    "Tab1Disabled" : false,
                    "Tab1Name" : "[[PTC.SCA.SCO.WD.Info.Tab.Name.1]]",
                    "Tab1Value" : "TabValue1",
                    "Tab1Visible" : true,
                    "Tab2Disabled" : false,
                    "Tab2Name" : "[[PTC.SCA.SCO.WD.Info.Tab.Name.2]]",
                    "Tab2Value" : "TabValue2",
                    "Tab2Visible" : true,
                    "Tab3Disabled" : false,
                    "Tab3Name" : "[[PTC.SCA.SCO.WD.Info.Tab.Name.3]]",
                    "Tab3Value" : "TabValue3",
                    "Tab3Visible" : true,
                    "Tab4Disabled" : false,
                    "Tab4Name" : "Tab Name 4",
                    "Tab4Value" : "TabValue4",
                    "Tab4Visible" : true,
                    "Tab5Disabled" : false,
                    "Tab5Name" : "Tab Name 5",
                    "Tab5Value" : "TabValue5",
                    "Tab5Visible" : true,
                    "Tab6Disabled" : false,
                    "Tab6Name" : "Tab Name 6",
                    "Tab6Value" : "TabValue6",
                    "Tab6Visible" : true,
                    "Tab7Disabled" : false,
                    "Tab7Name" : "Tab Name 7",
                    "Tab7Value" : "TabValue7",
                    "Tab7Visible" : true,
                    "Tab8Disabled" : false,
                    "Tab8Name" : "Tab Name 8",
                    "Tab8Value" : "TabValue8",
                    "Tab8Visible" : true,
                    "Tab9Disabled" : false,
                    "Tab9Name" : "Tab Name 9",
                    "Tab9Value" : "TabValue9",
                    "Tab9Visible" : true,
                    "TabSequence" : 0,
                    "Top" : 85,
                    "Type" : "ptcstabset",
                    "UseTheme" : true,
                    "Visible" : true,
                    "Width" : 400,
                    "Z-index" : 10,
                    "__TypeDisplayName" : "Tabs"
                  },
                  "Widgets" : [ {
                    "Properties" : {
                      "AnimateExpandCollapse" : true,
                      "Area" : "UI",
                      "BGImageRepeat" : "no-repeat",
                      "BGImageSize" : "auto",
                      "DisplayName" : "ptcs-tabset-9 #1",
                      "ExpandCollapseTabLocation" : "outside",
                      "Expanded" : true,
                      "Id" : "container-10",
                      "MinHeight" : 0,
                      "MinWidth" : 0,
                      "Overlay" : false,
                      "OverlayIsTransparent" : false,
                      "ResponsiveLayout" : true,
                      "ShowDataLoading" : true,
                      "ShowExpandCollapseTab" : false,
                      "Style" : "DefaultContainerStyle",
                      "TabCollapseStyle" : "DefaultTabCollapseStyle",
                      "TabExpandStyle" : "DefaultTabExpandStyle",
                      "TabHeight" : 36,
                      "TabLocation" : "center",
                      "TabOffset" : 0,
                      "TabWidth" : 36,
                      "Type" : "container",
                      "Visible" : true,
                      "Z-index" : 10,
                      "__TypeDisplayName" : "Container",
                      "userCannotRemove" : true
                    },
                    "Widgets" : [ {
                      "Properties" : {
                        "Area" : "UI",
                        "DisplayName" : "mashupcontainer-13",
                        "Height" : 300,
                        "Id" : "mashupcontainer-13",
                        "Left" : 0,
                        "MashupParameters" : [ {
                          "BaseType" : "STRING",
                          "Description" : "Work Definition UID",
                          "ParameterName" : "WorkDefinitionUID",
                          "ParmDef" : {
                            "aspects" : {
                              "bindingDirection" : "IN",
                              "isMandatory" : "false",
                              "ordinal" : "0"
                            },
                            "baseType" : "STRING",
                            "description" : "Work Definition UID",
                            "name" : "WorkDefinitionUID",
                            "ordinal" : 0
                          }
                        } ],
                        "Name" : "PTC.SCA.SCO.WorkDefinition.ImageContainedMashup",
                        "ResponsiveLayout" : true,
                        "ShowDataLoading" : true,
                        "TabSequenceGroup" : 0,
                        "Top" : 0,
                        "Type" : "mashupcontainer",
                        "Visible" : true,
                        "Width" : 400,
                        "Z-index" : 10,
                        "__TypeDisplayName" : "Contained Mashup"
                      },
                      "Widgets" : [ ]
                    } ]
                  }, {
                    "Properties" : {
                      "AnimateExpandCollapse" : true,
                      "Area" : "UI",
                      "BGImageRepeat" : "no-repeat",
                      "BGImageSize" : "auto",
                      "DisplayName" : "ptcs-tabset-9 #2",
                      "ExpandCollapseTabLocation" : "outside",
                      "Expanded" : true,
                      "Id" : "container-11",
                      "MinHeight" : 0,
                      "MinWidth" : 0,
                      "Overlay" : false,
                      "OverlayIsTransparent" : false,
                      "ResponsiveLayout" : true,
                      "ShowDataLoading" : true,
                      "ShowExpandCollapseTab" : false,
                      "Style" : "DefaultContainerStyle",
                      "TabCollapseStyle" : "DefaultTabCollapseStyle",
                      "TabExpandStyle" : "DefaultTabExpandStyle",
                      "TabHeight" : 36,
                      "TabLocation" : "center",
                      "TabOffset" : 0,
                      "TabWidth" : 36,
                      "Type" : "container",
                      "Visible" : true,
                      "Z-index" : 10,
                      "__TypeDisplayName" : "Container",
                      "userCannotRemove" : true
                    },
                    "Widgets" : [ {
                      "Properties" : {
                        "Area" : "UI",
                        "DisplayName" : "mashupcontainer-14",
                        "Height" : 300,
                        "Id" : "mashupcontainer-14",
                        "Left" : 0,
                        "MashupParameters" : [ {
                          "BaseType" : "STRING",
                          "Description" : "Work Definition UID",
                          "ParameterName" : "WorkDefinitionUID",
                          "ParmDef" : {
                            "aspects" : {
                              "bindingDirection" : "IN",
                              "isMandatory" : "false",
                              "ordinal" : "0"
                            },
                            "baseType" : "STRING",
                            "description" : "Work Definition UID",
                            "name" : "WorkDefinitionUID",
                            "ordinal" : 0
                          }
                        } ],
                        "Name" : "PTC.SCA.SCO.WorkDefinition.VideoContainedMashup",
                        "ResponsiveLayout" : true,
                        "ShowDataLoading" : true,
                        "TabSequenceGroup" : 0,
                        "Top" : 0,
                        "Type" : "mashupcontainer",
                        "Visible" : true,
                        "Width" : 400,
                        "Z-index" : 10,
                        "__TypeDisplayName" : "Contained Mashup"
                      },
                      "Widgets" : [ ]
                    } ]
                  }, {
                    "Properties" : {
                      "AnimateExpandCollapse" : true,
                      "Area" : "UI",
                      "BGImageRepeat" : "no-repeat",
                      "BGImageSize" : "auto",
                      "DisplayName" : "ptcs-tabset-9 #3",
                      "ExpandCollapseTabLocation" : "outside",
                      "Expanded" : true,
                      "Id" : "container-12",
                      "MinHeight" : 0,
                      "MinWidth" : 0,
                      "Overlay" : false,
                      "OverlayIsTransparent" : false,
                      "ResponsiveLayout" : true,
                      "ShowDataLoading" : true,
                      "ShowExpandCollapseTab" : false,
                      "Style" : "DefaultContainerStyle",
                      "TabCollapseStyle" : "DefaultTabCollapseStyle",
                      "TabExpandStyle" : "DefaultTabExpandStyle",
                      "TabHeight" : 36,
                      "TabLocation" : "center",
                      "TabOffset" : 0,
                      "TabWidth" : 36,
                      "Type" : "container",
                      "Visible" : true,
                      "Z-index" : 10,
                      "__TypeDisplayName" : "Container",
                      "userCannotRemove" : true
                    },
                    "Widgets" : [ {
                      "Properties" : {
                        "Area" : "UI",
                        "CustomClass" : "",
                        "DisplayName" : "mashupcontainer-15",
                        "Height" : 300,
                        "Id" : "mashupcontainer-15",
                        "Left" : 0,
                        "MashupParameters" : [ {
                          "BaseType" : "STRING",
                          "Description" : "Work Definition UID",
                          "ParameterName" : "WorkDefinitionUID",
                          "ParmDef" : {
                            "aspects" : {
                              "bindingDirection" : "IN",
                              "isMandatory" : "false",
                              "ordinal" : "0"
                            },
                            "baseType" : "STRING",
                            "description" : "Work Definition UID",
                            "name" : "WorkDefinitionUID",
                            "ordinal" : 0
                          }
                        } ],
                        "Name" : "PTC.SCA.SCO.WorkDefinition.CADContainedMashup",
                        "ResponsiveLayout" : true,
                        "ShowDataLoading" : true,
                        "TabSequenceGroup" : 0,
                        "Top" : 0,
                        "Type" : "mashupcontainer",
                        "Visible" : true,
                        "Width" : 400,
                        "Z-index" : 10,
                        "__TypeDisplayName" : "Contained Mashup"
                      },
                      "Widgets" : [ ]
                    } ]
                  } ]
                } ]
              },
              "mashupType" : "mashup"
            }
            ]]>
            </mashupContent>
            <preview></preview>
        </Mashup>
    </Mashups>
</Entities>
