<?xml version="1.0" encoding="UTF-8"?>
<Entities>
    <LocalizationTables>
        <LocalizationTable
         description="it localization table"
         homeMashup=""
         name="it"
         tags="PTC:factory-mv">
            <avatar></avatar>
            <DesignTimePermissions>
                <Create></Create>
                <Read></Read>
                <Update></Update>
                <Delete></Delete>
                <Metadata></Metadata>
            </DesignTimePermissions>
            <RunTimePermissions></RunTimePermissions>
            <VisibilityPermissions>
                <Visibility>
                    <Principal
                     isPermitted="true"
                     name="PTC.Factory.MachineVisibility"
                     type="Organization"></Principal>
                </Visibility>
            </VisibilityPermissions>
            <ConfigurationTables>
                <ConfigurationTable
                 description="Localization Tokens"
                 isMultiRow="true"
                 name="LocalizationTokens"
                 ordinal="0">
                    <DataShape>
                        <FieldDefinitions>
                            <FieldDefinition
                             aspect.friendlyName="Translation context"
                             baseType="STRING"
                             description="Translation context"
                             name="context"
                             ordinal="3"></FieldDefinition>
                            <FieldDefinition
                             aspect.friendlyName="Token name"
                             baseType="STRING"
                             description="Token name"
                             name="name"
                             ordinal="0"></FieldDefinition>
                            <FieldDefinition
                             aspect.friendlyName="Token usage"
                             baseType="STRING"
                             description="Token usage"
                             name="usage"
                             ordinal="2"></FieldDefinition>
                            <FieldDefinition
                             aspect.friendlyName="Localized value"
                             baseType="STRING"
                             description="Localized value"
                             name="value"
                             ordinal="1"></FieldDefinition>
                        </FieldDefinitions>
                    </DataShape>
                    <Rows>
                        <Row>
                            <name>
                            <![CDATA[
                            PTC.Factory.AdministrationTileLabel
                            ]]>
                            </name>
                            <value>
                            <![CDATA[
                            Amministrazione e configurazione
                            ]]>
                            </value>
                        </Row>
                        <Row>
                            <name>
                            <![CDATA[
                            PTC.Factory.ConfigurationAndSetupTileLabel
                            ]]>
                            </name>
                            <value>
                            <![CDATA[
                            Configurazione e impostazione
                            ]]>
                            </value>
                        </Row>
                        <Row>
                            <name>
                            <![CDATA[
                            PTC.Factory.KEPServerExMonitorTileLabel
                            ]]>
                            </name>
                            <value>
                            <![CDATA[
                            Controls Advisor
                            ]]>
                            </value>
                        </Row>
                        <Row>
                            <name>
                            <![CDATA[
                            PTC.Factory.TrendTroubleshootingTileLabel
                            ]]>
                            </name>
                            <value>
                            <![CDATA[
                            Trending e risoluzione dei problemi
                            ]]>
                            </value>
                        </Row>
                        <Row>
                            <name>
                            <![CDATA[
                            PTC.Factory.HelpCenter
                            ]]>
                            </name>
                            <value>
                            <![CDATA[
                            Help Center
                            ]]>
                            </value>
                        </Row>
                        <Row>
                            <name>
                            <![CDATA[
                            PTC.Factory.ConsoleTileLabel
                            ]]>
                            </name>
                            <value>
                            <![CDATA[
                            Console
                            ]]>
                            </value>
                        </Row>
                        <Row>
                            <name>
                            <![CDATA[
                            PTC.Factory.Administration.ManagePhysicalAssetsLabel
                            ]]>
                            </name>
                            <value>
                            <![CDATA[
                            Gestisci risorse
                            ]]>
                            </value>
                        </Row>
                        <Row>
                            <name>
                            <![CDATA[
                            PTC.Factory.ProductionReportingTileLabel
                            ]]>
                            </name>
                            <value>
                            <![CDATA[
                            Report produzione
                            ]]>
                            </value>
                        </Row>
                        <Row>
                            <name>
                            <![CDATA[
                            PTC.Factory.PlantViewerTileLabel
                            ]]>
                            </name>
                            <value>
                            <![CDATA[
                            KPI di produzione
                            ]]>
                            </value>
                        </Row>
                        <Row>
                            <name>
                            <![CDATA[
                            PTC.Factory.AlertsManagerTileLabel
                            ]]>
                            </name>
                            <value>
                            <![CDATA[
                            Alert Management
                            ]]>
                            </value>
                        </Row>
                        <Row>
                            <name>
                            <![CDATA[
                            PTC.Factory.AlertsEditorTileLabel
                            ]]>
                            </name>
                            <value>
                            <![CDATA[
                            Modifica avvisi
                            ]]>
                            </value>
                        </Row>
                        <Row>
                            <name>
                            <![CDATA[
                            PTC.Factory.AlertsMonitorTileLabel
                            ]]>
                            </name>
                            <value>
                            <![CDATA[
                            Monitoraggio avvisi
                            ]]>
                            </value>
                        </Row>
                        <Row>
                            <name>
                            <![CDATA[
                            PTC.SCA.SCO.WorkflowBuilderTileLabel
                            ]]>
                            </name>
                            <value>
                            <![CDATA[
                            Workflow Builder
                            ]]>
                            </value>
                        </Row>
                        <Row>
                            <name>
                            <![CDATA[
                            PTC.SCA.SCO.WorkflowBuilderLabel
                            ]]>
                            </name>
                            <value>
                            <![CDATA[
                            workflow builder
                            ]]>
                            </value>
                        </Row>
                        <Row>
                            <name>
                            <![CDATA[
                            PTC.SCA.SCO.WorkflowManagementTitleLabel
                            ]]>
                            </name>
                            <value>
                            <![CDATA[
                            Workflow Management
                            ]]>
                            </value>
                        </Row>
                        <Row>
                            <name>
                            <![CDATA[
                            PTC.SCA.SCO.WorkflowManagementLabel
                            ]]>
                            </name>
                            <value>
                            <![CDATA[
                            workflow management
                            ]]>
                            </value>
                        </Row>
                        <Row>
                            <name>
                            <![CDATA[
                            PTC.SCA.SCO.SoftwareContentManagementTileLabel
                            ]]>
                            </name>
                            <value>
                            <![CDATA[
                            Software Content Management
                            ]]>
                            </value>
                        </Row>
                        <Row>
                            <name>
                            <![CDATA[
                            PTC.SCA.SCO.SoftwareContentManagementLabel
                            ]]>
                            </name>
                            <value>
                            <![CDATA[
                            software content management
                            ]]>
                            </value>
                        </Row>
                        <Row>
                            <name>
                            <![CDATA[
                            PTC.SCA.SCO.WorkflowBuilderTileDescription
                            ]]>
                            </name>
                            <value>
                            <![CDATA[
                            Crea e modifica i workflow.
                            ]]>
                            </value>
                        </Row>
                        <Row>
                            <name>
                            <![CDATA[
                            PTC.SCA.SCO.WorkflowManagementTileDescription
                            ]]>
                            </name>
                            <value>
                            <![CDATA[
                            Visualizza e gestisce i workflow.
                            ]]>
                            </value>
                        </Row>
                        <Row>
                            <name>
                            <![CDATA[
                            PTC.SCA.SCO.SoftwareContentManagementTileDescription
                            ]]>
                            </name>
                            <value>
                            <![CDATA[
                            Crea, gestisce, verifica e distribuisce i package negli asset connessi.
                            ]]>
                            </value>
                        </Row>
                        <Row>
                            <name>
                            <![CDATA[
                            PTC.Factory.Administration.UserAccessControlLabel
                            ]]>
                            </name>
                            <value>
                            <![CDATA[
                            Utenti e controllo accesso
                            ]]>
                            </value>
                        </Row>
                        <Row>
                            <name>
                            <![CDATA[
                            PTC.Factory.RenewLicense
                            ]]>
                            </name>
                            <value>
                            <![CDATA[
                            Aggiorna licenza
                            ]]>
                            </value>
                        </Row>
                        <Row>
                            <name>
                            <![CDATA[
                            PTC.Factory.RenewLicense_UPCASE
                            ]]>
                            </name>
                            <value>
                            <![CDATA[
                            AGGIORNA LICENZA
                            ]]>
                            </value>
                        </Row>
                        <Row>
                            <name>
                            <![CDATA[
                            PTC.Factory.GenerateUsageReport
                            ]]>
                            </name>
                            <value>
                            <![CDATA[
                            Report utilizzo
                            ]]>
                            </value>
                        </Row>
                        <Row>
                            <name>
                            <![CDATA[
                            PTC.Factory.AssetPerformanceTileLabel
                            ]]>
                            </name>
                            <value>
                            <![CDATA[
                            Asset Advisor
                            ]]>
                            </value>
                        </Row>
                        <Row>
                            <name>
                            <![CDATA[
                            PTC.SCA.Common.AlertNotification.EmailAndTextConfigurationTileLabel
                            ]]>
                            </name>
                            <value>
                            <![CDATA[
                            Configura consegna e-mail e SMS
                            ]]>
                            </value>
                        </Row>
                        <Row>
                            <name>
                            <![CDATA[
                            PTC.SCA.Common.WindowTitle
                            ]]>
                            </name>
                            <value>
                            <![CDATA[
                            ThingWorx Apps
                            ]]>
                            </value>
                        </Row>
                        <Row>
                            <name>
                            <![CDATA[
                            PTC.Factory.AdministrationPageTitleLabel
                            ]]>
                            </name>
                            <value>
                            <![CDATA[
                            amministrazione e configurazione
                            ]]>
                            </value>
                        </Row>
                        <Row>
                            <name>
                            <![CDATA[
                            PTC.Factory.PlantViewerPageTitleLabel
                            ]]>
                            </name>
                            <value>
                            <![CDATA[
                            KPI di produzione
                            ]]>
                            </value>
                        </Row>
                        <Row>
                            <name>
                            <![CDATA[
                            PTC.Factory.KEPServerExMonitorPageTitleLabel
                            ]]>
                            </name>
                            <value>
                            <![CDATA[
                            controls advisor
                            ]]>
                            </value>
                        </Row>
                        <Row>
                            <name>
                            <![CDATA[
                            PTC.Factory.TrendTroubleshootingPageTitleLabel
                            ]]>
                            </name>
                            <value>
                            <![CDATA[
                            trending e risoluzione dei problemi
                            ]]>
                            </value>
                        </Row>
                        <Row>
                            <name>
                            <![CDATA[
                            PTC.Factory.AlertsMonitorPageTitleLabel
                            ]]>
                            </name>
                            <value>
                            <![CDATA[
                            monitoraggio avvisi
                            ]]>
                            </value>
                        </Row>
                        <Row>
                            <name>
                            <![CDATA[
                            PTC.Factory.ConfigurationAndSetupPageTitleLabel
                            ]]>
                            </name>
                            <value>
                            <![CDATA[
                            configurazione e impostazione
                            ]]>
                            </value>
                        </Row>
                        <Row>
                            <name>
                            <![CDATA[
                            PTC.Factory.ConfigurationAndSetup.EquipmentTabName
                            ]]>
                            </name>
                            <value>
                            <![CDATA[
                            Impianto
                            ]]>
                            </value>
                        </Row>
                        <Row>
                            <name>
                            <![CDATA[
                            PTC.Factory.ConfigurationAndSetup.AlertsTabName
                            ]]>
                            </name>
                            <value>
                            <![CDATA[
                            Avvisi
                            ]]>
                            </value>
                        </Row>
                        <Row>
                            <name>
                            <![CDATA[
                            PTC.Factory.ConfigurationAndSetup.NotificationsTabName
                            ]]>
                            </name>
                            <value>
                            <![CDATA[
                            Consegna notifiche
                            ]]>
                            </value>
                        </Row>
                        <Row>
                            <name>
                            <![CDATA[
                            PTC.Factory.ConfigurationAndSetup.UsersTabName
                            ]]>
                            </name>
                            <value>
                            <![CDATA[
                            Utenti
                            ]]>
                            </value>
                        </Row>
                        <Row>
                            <name>
                            <![CDATA[
                            PTC.SCA.SCO.AssetPerformanceTileDescription
                            ]]>
                            </name>
                            <value>
                            <![CDATA[
                            Monitora lo stato degli asset.
                            ]]>
                            </value>
                        </Row>
                        <Row>
                            <name>
                            <![CDATA[
                            PTC.SCA.SCO.KEPServerExMonitorTileDescription
                            ]]>
                            </name>
                            <value>
                            <![CDATA[
                            Crea è monitora le connessioni al server e ai dispositivi.
                            ]]>
                            </value>
                        </Row>
                        <Row>
                            <name>
                            <![CDATA[
                            PTC.SCA.SCO.PlantViewerTileDescription
                            ]]>
                            </name>
                            <value>
                            <![CDATA[
                            Monitora l'utilizzo e le prestazioni delle linee di produzione.
                            ]]>
                            </value>
                        </Row>
                        <Row>
                            <name>
                            <![CDATA[
                            PTC.SCA.SCO.AlertsMonitorTileDescription
                            ]]>
                            </name>
                            <value>
                            <![CDATA[
                            Monitora gli avvisi attivi e la cronologia degli avvisi nel sistema.
                            ]]>
                            </value>
                        </Row>
                        <Row>
                            <name>
                            <![CDATA[
                            PTC.SCA.SCO.TrendTroubleshootingTileDescription
                            ]]>
                            </name>
                            <value>
                            <![CDATA[
                            Crea trend per visualizzare i dati per una risoluzione rapida dei problemi.
                            ]]>
                            </value>
                        </Row>
                        <Row>
                            <name>
                            <![CDATA[
                            PTC.SCA.SCO.ConfigurationAndSetupTileDescription
                            ]]>
                            </name>
                            <value>
                            <![CDATA[
                            Imposta impianti, avvisi, notifiche e utenti.
                            ]]>
                            </value>
                        </Row>
                        <Row>
                            <name>
                            <![CDATA[
                            PTC.SCA.SCO.TwxComposerTileLabel
                            ]]>
                            </name>
                            <value>
                            <![CDATA[
                            ThingWorx Composer
                            ]]>
                            </value>
                        </Row>
                        <Row>
                            <name>
                            <![CDATA[
                            PTC.SCA.SCO.TwxComposerTileDescription
                            ]]>
                            </name>
                            <value>
                            <![CDATA[
                            Consente di modellare, sviluppare e personalizzare applicazioni.
                            ]]>
                            </value>
                        </Row>
                    </Rows>
                </ConfigurationTable>
            </ConfigurationTables>
        </LocalizationTable>
    </LocalizationTables>
</Entities>
