<?xml version="1.0" encoding="UTF-8"?>
<Entities>
    <LocalizationTables>
        <LocalizationTable
         description="es localization table"
         homeMashup=""
         name="es"
         tags="PTC:factory-mv">
            <avatar></avatar>
            <DesignTimePermissions>
                <Create></Create>
                <Read></Read>
                <Update></Update>
                <Delete></Delete>
                <Metadata></Metadata>
            </DesignTimePermissions>
            <RunTimePermissions></RunTimePermissions>
            <VisibilityPermissions>
                <Visibility>
                    <Principal
                     isPermitted="true"
                     name="PTC.Factory.MachineVisibility"
                     type="Organization"></Principal>
                </Visibility>
            </VisibilityPermissions>
            <ConfigurationTables>
                <ConfigurationTable
                 description="Localization Tokens"
                 isMultiRow="true"
                 name="LocalizationTokens"
                 ordinal="0">
                    <DataShape>
                        <FieldDefinitions>
                            <FieldDefinition
                             aspect.friendlyName="Translation context"
                             baseType="STRING"
                             description="Translation context"
                             name="context"
                             ordinal="3"></FieldDefinition>
                            <FieldDefinition
                             aspect.friendlyName="Token name"
                             baseType="STRING"
                             description="Token name"
                             name="name"
                             ordinal="0"></FieldDefinition>
                            <FieldDefinition
                             aspect.friendlyName="Token usage"
                             baseType="STRING"
                             description="Token usage"
                             name="usage"
                             ordinal="2"></FieldDefinition>
                            <FieldDefinition
                             aspect.friendlyName="Localized value"
                             baseType="STRING"
                             description="Localized value"
                             name="value"
                             ordinal="1"></FieldDefinition>
                        </FieldDefinitions>
                    </DataShape>
                    <Rows>
                        <Row>
                            <name>
                            <![CDATA[
                            PTC.Factory.AdministrationTileLabel
                            ]]>
                            </name>
                            <value>
                            <![CDATA[
                            Administración y configuración
                            ]]>
                            </value>
                        </Row>
                        <Row>
                            <name>
                            <![CDATA[
                            PTC.Factory.ConfigurationAndSetupTileLabel
                            ]]>
                            </name>
                            <value>
                            <![CDATA[
                            Instalación y configuración
                            ]]>
                            </value>
                        </Row>
                        <Row>
                            <name>
                            <![CDATA[
                            PTC.Factory.KEPServerExMonitorTileLabel
                            ]]>
                            </name>
                            <value>
                            <![CDATA[
                            Controls Advisor
                            ]]>
                            </value>
                        </Row>
                        <Row>
                            <name>
                            <![CDATA[
                            PTC.Factory.TrendTroubleshootingTileLabel
                            ]]>
                            </name>
                            <value>
                            <![CDATA[
                            Tendencia y solución de problemas
                            ]]>
                            </value>
                        </Row>
                        <Row>
                            <name>
                            <![CDATA[
                            PTC.Factory.HelpCenter
                            ]]>
                            </name>
                            <value>
                            <![CDATA[
                            Centro de ayuda
                            ]]>
                            </value>
                        </Row>
                        <Row>
                            <name>
                            <![CDATA[
                            PTC.Factory.ConsoleTileLabel
                            ]]>
                            </name>
                            <value>
                            <![CDATA[
                            Consola
                            ]]>
                            </value>
                        </Row>
                        <Row>
                            <name>
                            <![CDATA[
                            PTC.Factory.Administration.ManagePhysicalAssetsLabel
                            ]]>
                            </name>
                            <value>
                            <![CDATA[
                            Gestionar recursos
                            ]]>
                            </value>
                        </Row>
                        <Row>
                            <name>
                            <![CDATA[
                            PTC.Factory.ProductionReportingTileLabel
                            ]]>
                            </name>
                            <value>
                            <![CDATA[
                            Informes de producción
                            ]]>
                            </value>
                        </Row>
                        <Row>
                            <name>
                            <![CDATA[
                            PTC.Factory.PlantViewerTileLabel
                            ]]>
                            </name>
                            <value>
                            <![CDATA[
                            KPI de producción
                            ]]>
                            </value>
                        </Row>
                        <Row>
                            <name>
                            <![CDATA[
                            PTC.Factory.AlertsManagerTileLabel
                            ]]>
                            </name>
                            <value>
                            <![CDATA[
                            Gestión de alertas
                            ]]>
                            </value>
                        </Row>
                        <Row>
                            <name>
                            <![CDATA[
                            PTC.Factory.AlertsEditorTileLabel
                            ]]>
                            </name>
                            <value>
                            <![CDATA[
                            Edición de alertas
                            ]]>
                            </value>
                        </Row>
                        <Row>
                            <name>
                            <![CDATA[
                            PTC.Factory.AlertsMonitorTileLabel
                            ]]>
                            </name>
                            <value>
                            <![CDATA[
                            Supervisión de alertas
                            ]]>
                            </value>
                        </Row>
                        <Row>
                            <name>
                            <![CDATA[
                            PTC.SCA.SCO.WorkflowBuilderTileLabel
                            ]]>
                            </name>
                            <value>
                            <![CDATA[
                            Workflow Builder
                            ]]>
                            </value>
                        </Row>
                        <Row>
                            <name>
                            <![CDATA[
                            PTC.SCA.SCO.WorkflowBuilderLabel
                            ]]>
                            </name>
                            <value>
                            <![CDATA[
                            Workflow Builder
                            ]]>
                            </value>
                        </Row>
                        <Row>
                            <name>
                            <![CDATA[
                            PTC.SCA.SCO.WorkflowManagementTitleLabel
                            ]]>
                            </name>
                            <value>
                            <![CDATA[
                            Workflow Management
                            ]]>
                            </value>
                        </Row>
                        <Row>
                            <name>
                            <![CDATA[
                            PTC.SCA.SCO.WorkflowManagementLabel
                            ]]>
                            </name>
                            <value>
                            <![CDATA[
                            Workflow Management
                            ]]>
                            </value>
                        </Row>
                        <Row>
                            <name>
                            <![CDATA[
                            PTC.SCA.SCO.SoftwareContentManagementTileLabel
                            ]]>
                            </name>
                            <value>
                            <![CDATA[
                            Software Content Management
                            ]]>
                            </value>
                        </Row>
                        <Row>
                            <name>
                            <![CDATA[
                            PTC.SCA.SCO.SoftwareContentManagementLabel
                            ]]>
                            </name>
                            <value>
                            <![CDATA[
                            Software Content Management
                            ]]>
                            </value>
                        </Row>
                        <Row>
                            <name>
                            <![CDATA[
                            PTC.SCA.SCO.WorkflowBuilderTileDescription
                            ]]>
                            </name>
                            <value>
                            <![CDATA[
                            Cree y edite flujos de trabajo.
                            ]]>
                            </value>
                        </Row>
                        <Row>
                            <name>
                            <![CDATA[
                            PTC.SCA.SCO.WorkflowManagementTileDescription
                            ]]>
                            </name>
                            <value>
                            <![CDATA[
                            Vea y gestione flujos de trabajo.
                            ]]>
                            </value>
                        </Row>
                        <Row>
                            <name>
                            <![CDATA[
                            PTC.SCA.SCO.SoftwareContentManagementTileDescription
                            ]]>
                            </name>
                            <value>
                            <![CDATA[
                            Cree, gestione, pruebe e implemente paquetes en los activos conectados.
                            ]]>
                            </value>
                        </Row>
                        <Row>
                            <name>
                            <![CDATA[
                            PTC.Factory.Administration.UserAccessControlLabel
                            ]]>
                            </name>
                            <value>
                            <![CDATA[
                            Control de acceso y usuarios
                            ]]>
                            </value>
                        </Row>
                        <Row>
                            <name>
                            <![CDATA[
                            PTC.Factory.RenewLicense
                            ]]>
                            </name>
                            <value>
                            <![CDATA[
                            Actualizar licencia
                            ]]>
                            </value>
                        </Row>
                        <Row>
                            <name>
                            <![CDATA[
                            PTC.Factory.RenewLicense_UPCASE
                            ]]>
                            </name>
                            <value>
                            <![CDATA[
                            ACTUALIZAR LICENCIA
                            ]]>
                            </value>
                        </Row>
                        <Row>
                            <name>
                            <![CDATA[
                            PTC.Factory.GenerateUsageReport
                            ]]>
                            </name>
                            <value>
                            <![CDATA[
                            Informe de uso
                            ]]>
                            </value>
                        </Row>
                        <Row>
                            <name>
                            <![CDATA[
                            PTC.Factory.AssetPerformanceTileLabel
                            ]]>
                            </name>
                            <value>
                            <![CDATA[
                            Asset Advisor
                            ]]>
                            </value>
                        </Row>
                        <Row>
                            <name>
                            <![CDATA[
                            PTC.SCA.Common.AlertNotification.EmailAndTextConfigurationTileLabel
                            ]]>
                            </name>
                            <value>
                            <![CDATA[
                            Configurar entrega de texto y correo electrónico
                            ]]>
                            </value>
                        </Row>
                        <Row>
                            <name>
                            <![CDATA[
                            PTC.SCA.Common.WindowTitle
                            ]]>
                            </name>
                            <value>
                            <![CDATA[
                            ThingWorx Apps
                            ]]>
                            </value>
                        </Row>
                        <Row>
                            <name>
                            <![CDATA[
                            PTC.Factory.AdministrationPageTitleLabel
                            ]]>
                            </name>
                            <value>
                            <![CDATA[
                            administración y configuración
                            ]]>
                            </value>
                        </Row>
                        <Row>
                            <name>
                            <![CDATA[
                            PTC.Factory.PlantViewerPageTitleLabel
                            ]]>
                            </name>
                            <value>
                            <![CDATA[
                            KPI de producción
                            ]]>
                            </value>
                        </Row>
                        <Row>
                            <name>
                            <![CDATA[
                            PTC.Factory.KEPServerExMonitorPageTitleLabel
                            ]]>
                            </name>
                            <value>
                            <![CDATA[
                            Controls Advisor
                            ]]>
                            </value>
                        </Row>
                        <Row>
                            <name>
                            <![CDATA[
                            PTC.Factory.TrendTroubleshootingPageTitleLabel
                            ]]>
                            </name>
                            <value>
                            <![CDATA[
                            tendencia y solución de problemas
                            ]]>
                            </value>
                        </Row>
                        <Row>
                            <name>
                            <![CDATA[
                            PTC.Factory.AlertsMonitorPageTitleLabel
                            ]]>
                            </name>
                            <value>
                            <![CDATA[
                            supervisión de alertas
                            ]]>
                            </value>
                        </Row>
                        <Row>
                            <name>
                            <![CDATA[
                            PTC.Factory.ConfigurationAndSetupPageTitleLabel
                            ]]>
                            </name>
                            <value>
                            <![CDATA[
                            instalación y configuración
                            ]]>
                            </value>
                        </Row>
                        <Row>
                            <name>
                            <![CDATA[
                            PTC.Factory.ConfigurationAndSetup.EquipmentTabName
                            ]]>
                            </name>
                            <value>
                            <![CDATA[
                            Equipo
                            ]]>
                            </value>
                        </Row>
                        <Row>
                            <name>
                            <![CDATA[
                            PTC.Factory.ConfigurationAndSetup.AlertsTabName
                            ]]>
                            </name>
                            <value>
                            <![CDATA[
                            Alertas
                            ]]>
                            </value>
                        </Row>
                        <Row>
                            <name>
                            <![CDATA[
                            PTC.Factory.ConfigurationAndSetup.NotificationsTabName
                            ]]>
                            </name>
                            <value>
                            <![CDATA[
                            Entrega de notificaciones
                            ]]>
                            </value>
                        </Row>
                        <Row>
                            <name>
                            <![CDATA[
                            PTC.Factory.ConfigurationAndSetup.UsersTabName
                            ]]>
                            </name>
                            <value>
                            <![CDATA[
                            Usuarios
                            ]]>
                            </value>
                        </Row>
                        <Row>
                            <name>
                            <![CDATA[
                            PTC.SCA.SCO.AssetPerformanceTileDescription
                            ]]>
                            </name>
                            <value>
                            <![CDATA[
                            Supervise la salud y el estado de los activos.
                            ]]>
                            </value>
                        </Row>
                        <Row>
                            <name>
                            <![CDATA[
                            PTC.SCA.SCO.KEPServerExMonitorTileDescription
                            ]]>
                            </name>
                            <value>
                            <![CDATA[
                            Cree y supervise las conexiones de los servidores y dispositivos.
                            ]]>
                            </value>
                        </Row>
                        <Row>
                            <name>
                            <![CDATA[
                            PTC.SCA.SCO.PlantViewerTileDescription
                            ]]>
                            </name>
                            <value>
                            <![CDATA[
                            Supervise el uso y el rendimiento de la línea de producción.
                            ]]>
                            </value>
                        </Row>
                        <Row>
                            <name>
                            <![CDATA[
                            PTC.SCA.SCO.AlertsMonitorTileDescription
                            ]]>
                            </name>
                            <value>
                            <![CDATA[
                            Supervise las alertas activas y el historial de alertas en el sistema.
                            ]]>
                            </value>
                        </Row>
                        <Row>
                            <name>
                            <![CDATA[
                            PTC.SCA.SCO.TrendTroubleshootingTileDescription
                            ]]>
                            </name>
                            <value>
                            <![CDATA[
                            Cree tendencias para visualizar los datos para una solución de problemas rápida.
                            ]]>
                            </value>
                        </Row>
                        <Row>
                            <name>
                            <![CDATA[
                            PTC.SCA.SCO.ConfigurationAndSetupTileDescription
                            ]]>
                            </name>
                            <value>
                            <![CDATA[
                            Configure el equipo, las alertas, las notificaciones y los usuarios.
                            ]]>
                            </value>
                        </Row>
                        <Row>
                            <name>
                            <![CDATA[
                            PTC.SCA.SCO.TwxComposerTileLabel
                            ]]>
                            </name>
                            <value>
                            <![CDATA[
                            ThingWorx Composer
                            ]]>
                            </value>
                        </Row>
                        <Row>
                            <name>
                            <![CDATA[
                            PTC.SCA.SCO.TwxComposerTileDescription
                            ]]>
                            </name>
                            <value>
                            <![CDATA[
                            Modele, desarrolle y personalice aplicaciones.
                            ]]>
                            </value>
                        </Row>
                    </Rows>
                </ConfigurationTable>
            </ConfigurationTables>
        </LocalizationTable>
    </LocalizationTables>
</Entities>
