<?xml version="1.0" encoding="UTF-8"?>
<Entities>
    <LocalizationTables>
        <LocalizationTable
         description="ja localization table"
         homeMashup=""
         name="ja"
         tags="PTC:factory-mv">
            <avatar></avatar>
            <DesignTimePermissions>
                <Create></Create>
                <Read></Read>
                <Update></Update>
                <Delete></Delete>
                <Metadata></Metadata>
            </DesignTimePermissions>
            <RunTimePermissions></RunTimePermissions>
            <VisibilityPermissions>
                <Visibility>
                    <Principal
                     isPermitted="true"
                     name="PTC.Factory.MachineVisibility"
                     type="Organization"></Principal>
                </Visibility>
            </VisibilityPermissions>
            <ConfigurationTables>
                <ConfigurationTable
                 description="Localization Tokens"
                 isMultiRow="true"
                 name="LocalizationTokens"
                 ordinal="0">
                    <DataShape>
                        <FieldDefinitions>
                            <FieldDefinition
                             aspect.friendlyName="Translation context"
                             baseType="STRING"
                             description="Translation context"
                             name="context"
                             ordinal="3"></FieldDefinition>
                            <FieldDefinition
                             aspect.friendlyName="Token name"
                             baseType="STRING"
                             description="Token name"
                             name="name"
                             ordinal="0"></FieldDefinition>
                            <FieldDefinition
                             aspect.friendlyName="Token usage"
                             baseType="STRING"
                             description="Token usage"
                             name="usage"
                             ordinal="2"></FieldDefinition>
                            <FieldDefinition
                             aspect.friendlyName="Localized value"
                             baseType="STRING"
                             description="Localized value"
                             name="value"
                             ordinal="1"></FieldDefinition>
                        </FieldDefinitions>
                    </DataShape>
                    <Rows>
                        <Row>
                            <name>
                            <![CDATA[
                            PTC.Factory.AdministrationTileLabel
                            ]]>
                            </name>
                            <value>
                            <![CDATA[
                            管理と構成
                            ]]>
                            </value>
                        </Row>
                        <Row>
                            <name>
                            <![CDATA[
                            PTC.Factory.ConfigurationAndSetupTileLabel
                            ]]>
                            </name>
                            <value>
                            <![CDATA[
                            構成と設定
                            ]]>
                            </value>
                        </Row>
                        <Row>
                            <name>
                            <![CDATA[
                            PTC.Factory.KEPServerExMonitorTileLabel
                            ]]>
                            </name>
                            <value>
                            <![CDATA[
                            Controls Advisor
                            ]]>
                            </value>
                        </Row>
                        <Row>
                            <name>
                            <![CDATA[
                            PTC.Factory.TrendTroubleshootingTileLabel
                            ]]>
                            </name>
                            <value>
                            <![CDATA[
                            トレンドとトラブル<br />シューティング
                            ]]>
                            </value>
                        </Row>
                        <Row>
                            <name>
                            <![CDATA[
                            PTC.Factory.HelpCenter
                            ]]>
                            </name>
                            <value>
                            <![CDATA[
                            ヘルプセンター
                            ]]>
                            </value>
                        </Row>
                        <Row>
                            <name>
                            <![CDATA[
                            PTC.Factory.ConsoleTileLabel
                            ]]>
                            </name>
                            <value>
                            <![CDATA[
                            コンソール
                            ]]>
                            </value>
                        </Row>
                        <Row>
                            <name>
                            <![CDATA[
                            PTC.Factory.Administration.ManagePhysicalAssetsLabel
                            ]]>
                            </name>
                            <value>
                            <![CDATA[
                            リソースを管理
                            ]]>
                            </value>
                        </Row>
                        <Row>
                            <name>
                            <![CDATA[
                            PTC.Factory.ProductionReportingTileLabel
                            ]]>
                            </name>
                            <value>
                            <![CDATA[
                            生産レポート
                            ]]>
                            </value>
                        </Row>
                        <Row>
                            <name>
                            <![CDATA[
                            PTC.Factory.PlantViewerTileLabel
                            ]]>
                            </name>
                            <value>
                            <![CDATA[
                            生産 KPI
                            ]]>
                            </value>
                        </Row>
                        <Row>
                            <name>
                            <![CDATA[
                            PTC.Factory.AlertsManagerTileLabel
                            ]]>
                            </name>
                            <value>
                            <![CDATA[
                            Alert Management　
                            ]]>
                            </value>
                        </Row>
                        <Row>
                            <name>
                            <![CDATA[
                            PTC.Factory.AlertsEditorTileLabel
                            ]]>
                            </name>
                            <value>
                            <![CDATA[
                            アラート編集
                            ]]>
                            </value>
                        </Row>
                        <Row>
                            <name>
                            <![CDATA[
                            PTC.Factory.AlertsMonitorTileLabel
                            ]]>
                            </name>
                            <value>
                            <![CDATA[
                            アラート監視
                            ]]>
                            </value>
                        </Row>
                        <Row>
                            <name>
                            <![CDATA[
                            PTC.SCA.SCO.WorkflowBuilderTileLabel
                            ]]>
                            </name>
                            <value>
                            <![CDATA[
                            Workflow Builder
                            ]]>
                            </value>
                        </Row>
                        <Row>
                            <name>
                            <![CDATA[
                            PTC.SCA.SCO.WorkflowBuilderLabel
                            ]]>
                            </name>
                            <value>
                            <![CDATA[
                            workflow builder
                            ]]>
                            </value>
                        </Row>
                        <Row>
                            <name>
                            <![CDATA[
                            PTC.SCA.SCO.WorkflowManagementTitleLabel
                            ]]>
                            </name>
                            <value>
                            <![CDATA[
                            Workflow Management
                            ]]>
                            </value>
                        </Row>
                        <Row>
                            <name>
                            <![CDATA[
                            PTC.SCA.SCO.WorkflowManagementLabel
                            ]]>
                            </name>
                            <value>
                            <![CDATA[
                            workflow management
                            ]]>
                            </value>
                        </Row>
                        <Row>
                            <name>
                            <![CDATA[
                            PTC.SCA.SCO.SoftwareContentManagementTileLabel
                            ]]>
                            </name>
                            <value>
                            <![CDATA[
                            Software Content Management
                            ]]>
                            </value>
                        </Row>
                        <Row>
                            <name>
                            <![CDATA[
                            PTC.SCA.SCO.SoftwareContentManagementLabel
                            ]]>
                            </name>
                            <value>
                            <![CDATA[
                            software content management
                            ]]>
                            </value>
                        </Row>
                        <Row>
                            <name>
                            <![CDATA[
                            PTC.SCA.SCO.WorkflowBuilderTileDescription
                            ]]>
                            </name>
                            <value>
                            <![CDATA[
                            ワークフローを作成および編集します。
                            ]]>
                            </value>
                        </Row>
                        <Row>
                            <name>
                            <![CDATA[
                            PTC.SCA.SCO.WorkflowManagementTileDescription
                            ]]>
                            </name>
                            <value>
                            <![CDATA[
                            ワークフローを表示および管理します。
                            ]]>
                            </value>
                        </Row>
                        <Row>
                            <name>
                            <![CDATA[
                            PTC.SCA.SCO.SoftwareContentManagementTileDescription
                            ]]>
                            </name>
                            <value>
                            <![CDATA[
                            パッケージを作成、管理、テストし、接続されたアセットに展開します。
                            ]]>
                            </value>
                        </Row>
                        <Row>
                            <name>
                            <![CDATA[
                            PTC.Factory.Administration.UserAccessControlLabel
                            ]]>
                            </name>
                            <value>
                            <![CDATA[
                            ユーザーおよび<br />アクセス制御
                            ]]>
                            </value>
                        </Row>
                        <Row>
                            <name>
                            <![CDATA[
                            PTC.Factory.RenewLicense
                            ]]>
                            </name>
                            <value>
                            <![CDATA[
                            ライセンスをアップデート
                            ]]>
                            </value>
                        </Row>
                        <Row>
                            <name>
                            <![CDATA[
                            PTC.Factory.RenewLicense_UPCASE
                            ]]>
                            </name>
                            <value>
                            <![CDATA[
                            ライセンスをアップデート
                            ]]>
                            </value>
                        </Row>
                        <Row>
                            <name>
                            <![CDATA[
                            PTC.Factory.GenerateUsageReport
                            ]]>
                            </name>
                            <value>
                            <![CDATA[
                            使用状況レポート
                            ]]>
                            </value>
                        </Row>
                        <Row>
                            <name>
                            <![CDATA[
                            PTC.Factory.AssetPerformanceTileLabel
                            ]]>
                            </name>
                            <value>
                            <![CDATA[
                            Asset Advisor
                            ]]>
                            </value>
                        </Row>
                        <Row>
                            <name>
                            <![CDATA[
                            PTC.SCA.Common.AlertNotification.EmailAndTextConfigurationTileLabel
                            ]]>
                            </name>
                            <value>
                            <![CDATA[
                            電子メールおよび<br />テキストの送信を設定
                            ]]>
                            </value>
                        </Row>
                        <Row>
                            <name>
                            <![CDATA[
                            PTC.SCA.Common.WindowTitle
                            ]]>
                            </name>
                            <value>
                            <![CDATA[
                            ThingWorx Apps
                            ]]>
                            </value>
                        </Row>
                        <Row>
                            <name>
                            <![CDATA[
                            PTC.Factory.AdministrationPageTitleLabel
                            ]]>
                            </name>
                            <value>
                            <![CDATA[
                            管理と構成
                            ]]>
                            </value>
                        </Row>
                        <Row>
                            <name>
                            <![CDATA[
                            PTC.Factory.PlantViewerPageTitleLabel
                            ]]>
                            </name>
                            <value>
                            <![CDATA[
                            生産 KPI
                            ]]>
                            </value>
                        </Row>
                        <Row>
                            <name>
                            <![CDATA[
                            PTC.Factory.KEPServerExMonitorPageTitleLabel
                            ]]>
                            </name>
                            <value>
                            <![CDATA[
                            controls advisor
                            ]]>
                            </value>
                        </Row>
                        <Row>
                            <name>
                            <![CDATA[
                            PTC.Factory.TrendTroubleshootingPageTitleLabel
                            ]]>
                            </name>
                            <value>
                            <![CDATA[
                            トレンドとトラブルシューティング
                            ]]>
                            </value>
                        </Row>
                        <Row>
                            <name>
                            <![CDATA[
                            PTC.Factory.AlertsMonitorPageTitleLabel
                            ]]>
                            </name>
                            <value>
                            <![CDATA[
                            アラート監視
                            ]]>
                            </value>
                        </Row>
                        <Row>
                            <name>
                            <![CDATA[
                            PTC.Factory.ConfigurationAndSetupPageTitleLabel
                            ]]>
                            </name>
                            <value>
                            <![CDATA[
                            構成と設定
                            ]]>
                            </value>
                        </Row>
                        <Row>
                            <name>
                            <![CDATA[
                            PTC.Factory.ConfigurationAndSetup.EquipmentTabName
                            ]]>
                            </name>
                            <value>
                            <![CDATA[
                            設備
                            ]]>
                            </value>
                        </Row>
                        <Row>
                            <name>
                            <![CDATA[
                            PTC.Factory.ConfigurationAndSetup.AlertsTabName
                            ]]>
                            </name>
                            <value>
                            <![CDATA[
                            アラート
                            ]]>
                            </value>
                        </Row>
                        <Row>
                            <name>
                            <![CDATA[
                            PTC.Factory.ConfigurationAndSetup.NotificationsTabName
                            ]]>
                            </name>
                            <value>
                            <![CDATA[
                            通知の送信
                            ]]>
                            </value>
                        </Row>
                        <Row>
                            <name>
                            <![CDATA[
                            PTC.Factory.ConfigurationAndSetup.UsersTabName
                            ]]>
                            </name>
                            <value>
                            <![CDATA[
                            ユーザー
                            ]]>
                            </value>
                        </Row>
                        <Row>
                            <name>
                            <![CDATA[
                            PTC.SCA.SCO.AssetPerformanceTileDescription
                            ]]>
                            </name>
                            <value>
                            <![CDATA[
                            アセットの正常性およびステータスを監視します。
                            ]]>
                            </value>
                        </Row>
                        <Row>
                            <name>
                            <![CDATA[
                            PTC.SCA.SCO.KEPServerExMonitorTileDescription
                            ]]>
                            </name>
                            <value>
                            <![CDATA[
                            サーバーとデバイスの接続を作成および監視します。
                            ]]>
                            </value>
                        </Row>
                        <Row>
                            <name>
                            <![CDATA[
                            PTC.SCA.SCO.PlantViewerTileDescription
                            ]]>
                            </name>
                            <value>
                            <![CDATA[
                            生産ラインの利用率および性能を監視します。
                            ]]>
                            </value>
                        </Row>
                        <Row>
                            <name>
                            <![CDATA[
                            PTC.SCA.SCO.AlertsMonitorTileDescription
                            ]]>
                            </name>
                            <value>
                            <![CDATA[
                            システム全体のアクティブなアラートおよびアラート履歴を監視します。
                            ]]>
                            </value>
                        </Row>
                        <Row>
                            <name>
                            <![CDATA[
                            PTC.SCA.SCO.TrendTroubleshootingTileDescription
                            ]]>
                            </name>
                            <value>
                            <![CDATA[
                            トレンドを作成してデータを視覚化し、トラブルシューティングに迅速に対処します。
                            ]]>
                            </value>
                        </Row>
                        <Row>
                            <name>
                            <![CDATA[
                            PTC.SCA.SCO.ConfigurationAndSetupTileDescription
                            ]]>
                            </name>
                            <value>
                            <![CDATA[
                            設備、アラート、通知、およびユーザーを設定します。
                            ]]>
                            </value>
                        </Row>
                        <Row>
                            <name>
                            <![CDATA[
                            PTC.SCA.SCO.TwxComposerTileLabel
                            ]]>
                            </name>
                            <value>
                            <![CDATA[
                            ThingWorx Composer
                            ]]>
                            </value>
                        </Row>
                        <Row>
                            <name>
                            <![CDATA[
                            PTC.SCA.SCO.TwxComposerTileDescription
                            ]]>
                            </name>
                            <value>
                            <![CDATA[
                            アプリケーションをモデル作成、開発、およびカスタマイズします。
                            ]]>
                            </value>
                        </Row>
                    </Rows>
                </ConfigurationTable>
            </ConfigurationTables>
        </LocalizationTable>
    </LocalizationTables>
</Entities>
