<?xml version="1.0" encoding="UTF-8"?>
<Entities
 build="b482"
 majorVersion="7"
 minorVersion="0"
 modelPersistenceProviderPackage="NeoPersistenceProviderPackage"
 revision="1"
 schemaVersion="900">
    <DataShapes>
        <DataShape
         aspect.isEditableExtensionObject="false"
         aspect.isExtension="true"
         baseDataShape=""
         description="DataShape for the ThingWorx Utilities Console {PTC.FactoryConsole.DataShape}"
         documentationContent="&lt;p&gt;&lt;br&gt;&lt;/p&gt;"
         homeMashup=""
         lastModifiedDate="2016-03-31T17:20:17.125Z"
         name="PTC.FactoryConsole.DataShape"
         projectName="PTC.SCA.SCO.Application Home Page"
         tags="PTC:sca-sco-applicationhomepage;PTC:DataShape">
            <avatar></avatar>
            <DesignTimePermissions>
                <Create></Create>
                <Read></Read>
                <Update></Update>
                <Delete></Delete>
                <Metadata></Metadata>
            </DesignTimePermissions>
            <RunTimePermissions></RunTimePermissions>
            <VisibilityPermissions>
                <Visibility>
                    <Principal
                     isPermitted="true"
                     name="PTC.Factory.MachineVisibility"
                     type="Organization"></Principal>
                </Visibility>
            </VisibilityPermissions>
            <ConfigurationTables></ConfigurationTables>
            <FieldDefinitions>
                <FieldDefinition
                 aspect.tagType="ModelTags"
                 baseType="TAGS"
                 description="Tag Context"
                 name="Context"
                 ordinal="14"></FieldDefinition>
                <FieldDefinition
                 aspect.defaultValue="true"
                 baseType="BOOLEAN"
                 description=""
                 name="InAppSwitcher"
                 ordinal="3"></FieldDefinition>
                <FieldDefinition
                 aspect.defaultValue="true"
                 baseType="BOOLEAN"
                 description=""
                 name="InConvergeConsole"
                 ordinal="2"></FieldDefinition>
                <FieldDefinition
                 aspect.defaultValue="true"
                 baseType="BOOLEAN"
                 description=""
                 name="IsMashup"
                 ordinal="4"></FieldDefinition>
                <FieldDefinition
                 baseType="STRING"
                 description=""
                 name="key"
                 ordinal="0"></FieldDefinition>
                <FieldDefinition
                 baseType="TEXT"
                 description=""
                 name="LocalizedLabel"
                 ordinal="12"></FieldDefinition>
                <FieldDefinition
                 baseType="STRING"
                 description=""
                 name="TileMasterMashup"
                 ordinal="13"></FieldDefinition>
                <FieldDefinition
                 baseType="TEXT"
                 description=""
                 name="LocalizedTooltip"
                 ordinal="9"></FieldDefinition>
                <FieldDefinition
                 baseType="BOOLEAN"
                 description=""
                 name="OpenInNewWindow"
                 ordinal="6"></FieldDefinition>
                <FieldDefinition
                 baseType="STRING"
                 description=""
                 name="TileBackground"
                 ordinal="8"></FieldDefinition>
                <FieldDefinition
                 baseType="STRING"
                 description=""
                 name="TileIcon"
                 ordinal="7"></FieldDefinition>
                <FieldDefinition
                 baseType="TEXT"
                 description=""
                 name="TileLabel"
                 ordinal="10"></FieldDefinition>
                <FieldDefinition
                 baseType="STRING"
                 description=""
                 name="TileMashupOrURL"
                 ordinal="5"></FieldDefinition>
                <FieldDefinition
                 aspect.isPrimaryKey="true"
                 baseType="INTEGER"
                 description=""
                 name="TileOrder"
                 ordinal="1"></FieldDefinition>
                <FieldDefinition
                 baseType="TEXT"
                 description=""
                 name="TileTooltip"
                 ordinal="11"></FieldDefinition>
                <FieldDefinition
                 baseType="TEXT"
                 description=""
                 name="TileDescription"
                 ordinal="15"></FieldDefinition>
                <FieldDefinition
                 baseType="TEXT"
                 description=""
                 name="LocalizedDescription"
                 ordinal="16"></FieldDefinition>
            </FieldDefinitions>
        </DataShape>
    </DataShapes>
</Entities>
