<?xml version="1.0" encoding="UTF-8"?>
<Entities
 build="b3030"
 majorVersion="0"
 minorVersion="0"
 modelPersistenceProviderPackage="NeoPersistenceProviderPackage"
 revision="0"
 schemaVersion="940">
    <StateDefinitions>
        <StateDefinition
         aspect.isEditableExtensionObject="false"
         aspect.isExtension="true"
         description="State for displaying trends in different time intervals {PTC.Factory.TrendHistoryPeriodWeek}"
         documentationContent=""
         homeMashup=""
         lastModifiedDate="2017-04-28T14:17:45.333-04:00"
         name="PTC.Factory.TrendHistoryPeriodWeek"
         projectName="PTC.SCA.SCO.Troubleshooting Tool"
         tags="PTC:sca-sco-troubleshootingtool;PTC:sca-common;PTC:StateDefinition">
            <avatar></avatar>
            <DesignTimePermissions>
                <Create></Create>
                <Read></Read>
                <Update></Update>
                <Delete></Delete>
                <Metadata></Metadata>
            </DesignTimePermissions>
            <RunTimePermissions></RunTimePermissions>
            <VisibilityPermissions>
                <Visibility>
                    <Principal
                     isPermitted="true"
                     name="PTC.Factory.MachineVisibility"
                     type="Organization"></Principal>
                </Visibility>
            </VisibilityPermissions>
            <ConfigurationTables></ConfigurationTables>
            <content>
            <![CDATA[
            {"stateDefinitions":[{"displayString":"","defaultStyleDefinition":"","defaultValue":"week","name":"","description":""},{"displayString":"","defaultStyleDefinition":"","defaultValue":"day7","name":"","description":""},{"displayString":"","defaultStyleDefinition":"","defaultValue":"day6","name":"","description":""},{"displayString":"","defaultStyleDefinition":"","defaultValue":"day5","name":"","description":""},{"displayString":"","defaultStyleDefinition":"","defaultValue":"day4","name":"","description":""},{"displayString":"","defaultStyleDefinition":"","defaultValue":"day3","name":"","description":""},{"displayString":"","defaultStyleDefinition":"","defaultValue":"yesterday","name":"","description":""},{"displayString":"","defaultStyleDefinition":"","defaultValue":"today","name":"","description":""},{"displayString":"","defaultStyleDefinition":"","name":"","description":""}],"stateType":"string"}
            ]]>
            </content>
        </StateDefinition>
    </StateDefinitions>
</Entities>
