<?xml version="1.0" encoding="UTF-8"?>
<Entities
 build="b18"
 majorVersion="7"
 minorVersion="1"
 modelPersistenceProviderPackage="NeoPersistenceProviderPackage"
 revision="0"
 schemaVersion="910">
    <StateDefinitions>
        <StateDefinition
         aspect.isEditableExtensionObject="false"
         aspect.isExtension="true"
         description="State used to set period of time for trend detail {PTC.Factory.TrendDetailPeriod}"
         documentationContent=""
         homeMashup=""
         lastModifiedDate="2016-06-09T12:45:50.384Z"
         name="PTC.Factory.TrendDetailPeriod"
         projectName="PTC.SCA.SCO.Troubleshooting Tool"
         tags="PTC:sca-sco-troubleshootingtool;PTC:sca-common;PTC:StateDefinition;PTC:Asset">
            <avatar></avatar>
            <DesignTimePermissions>
                <Create></Create>
                <Read></Read>
                <Update></Update>
                <Delete></Delete>
                <Metadata></Metadata>
            </DesignTimePermissions>
            <RunTimePermissions></RunTimePermissions>
            <VisibilityPermissions>
                <Visibility></Visibility>
            </VisibilityPermissions>
            <ConfigurationTables></ConfigurationTables>
            <content>
            <![CDATA[
            {"stateDefinitions":[{"displayString":"","defaultStyleDefinition":"","defaultValue":"last15min","name":"","description":""},{"displayString":"","defaultStyleDefinition":"","defaultValue":"lastHour","name":"","description":""},{"displayString":"","defaultStyleDefinition":"","defaultValue":"lastDay","name":"","description":""},{"displayString":"","defaultStyleDefinition":"","defaultValue":"custom","name":"","description":""},{"displayString":"","defaultStyleDefinition":"","name":"","description":""}],"stateType":"string"}
            ]]>
            </content>
        </StateDefinition>
    </StateDefinitions>
</Entities>
