<?xml version="1.0" encoding="utf-8"?><Entities><ExtensionPackages><ExtensionPackage name="AssetMonitor-customization-8.5.1-01-extension" description="Asset Monitor Extension Customization" vendor="PTC" packageVersion="8.5.1" buildNumber="01" minimumThingWorxVersion="8.1.0" dependsOn="AssetMonitor-extension:8.5.1" licensed="true" licenseName="twx_asst_adv" namedLicensedGroup="twx_asst_adv_named"><Licensed><Entity name="PTC.SCA.SCO.AssetMonitor.AssetList.C_AssetListContainerMashup_8.5.1_01"></Entity></Licensed><JarResources><FileResource file="sco-AssetMonitor-customization-extension.jar" type="JAR"></FileResource></JarResources></ExtensionPackage></ExtensionPackages></Entities>