<?xml version="1.0" encoding="UTF-8"?>
<Entities>
    <LocalizationTables>
        <LocalizationTable
         description="zh-TW localization table"
         homeMashup=""
         name="zh-TW"
         tags="PTC:sca-sco">
            <avatar></avatar>
            <DesignTimePermissions>
                <Create></Create>
                <Read></Read>
                <Update></Update>
                <Delete></Delete>
                <Metadata></Metadata>
            </DesignTimePermissions>
            <RunTimePermissions></RunTimePermissions>
            <VisibilityPermissions>
                <Visibility>
                    <Principal
                     isPermitted="true"
                     name="PTC.Factory.MachineVisibility"
                     type="Organization"></Principal>
                </Visibility>
            </VisibilityPermissions>
            <ConfigurationTables>
                <ConfigurationTable
                 description="Localization Tokens"
                 isMultiRow="true"
                 name="LocalizationTokens"
                 ordinal="0">
                    <DataShape>
                        <FieldDefinitions>
                            <FieldDefinition
                             aspect.friendlyName="Translation context"
                             baseType="STRING"
                             description="Translation context"
                             name="context"
                             ordinal="3"></FieldDefinition>
                            <FieldDefinition
                             aspect.friendlyName="Token name"
                             baseType="STRING"
                             description="Token name"
                             name="name"
                             ordinal="0"></FieldDefinition>
                            <FieldDefinition
                             aspect.friendlyName="Token usage"
                             baseType="STRING"
                             description="Token usage"
                             name="usage"
                             ordinal="2"></FieldDefinition>
                            <FieldDefinition
                             aspect.friendlyName="Localized value"
                             baseType="STRING"
                             description="Localized value"
                             name="value"
                             ordinal="1"></FieldDefinition>
                        </FieldDefinitions>
                    </DataShape>
                    <Rows>
                        <Row>
                            <name>
                            <![CDATA[
                            PTC.SCA.SCO.AssetMonitor.MasterTitleLabel
                            ]]>
                            </name>
                            <value>
                            <![CDATA[
                            asset advisor
                            ]]>
                            </value>
                        </Row>
                        <Row>
                            <name>
                            <![CDATA[
                            PTC.SCA.SCO.AssetMonitor.KpiTimeFrame.CurrentShift
                            ]]>
                            </name>
                            <value>
                            <![CDATA[
                            Current Shift
                            ]]>
                            </value>
                        </Row>
                        <Row>
                            <name>
                            <![CDATA[
                            PTC.SCA.SCO.AssetMonitor.KpiTimeFrameLabel
                            ]]>
                            </name>
                            <value>
                            <![CDATA[
                            統計資料期間
                            ]]>
                            </value>
                        </Row>
                        <Row>
                            <name>
                            <![CDATA[
                            PTC.SCA.SCO.AssetMonitor.KpiTimeFrame.1Minute
                            ]]>
                            </name>
                            <value>
                            <![CDATA[
                            1 分鐘
                            ]]>
                            </value>
                        </Row>
                        <Row>
                            <name>
                            <![CDATA[
                            PTC.SCA.SCO.AssetMonitor.KpiTimeFrame.15Minutes
                            ]]>
                            </name>
                            <value>
                            <![CDATA[
                            15 分鐘
                            ]]>
                            </value>
                        </Row>
                        <Row>
                            <name>
                            <![CDATA[
                            PTC.SCA.SCO.AssetMonitor.KpiTimeFrame.1Hour
                            ]]>
                            </name>
                            <value>
                            <![CDATA[
                            1 小時
                            ]]>
                            </value>
                        </Row>
                        <Row>
                            <name>
                            <![CDATA[
                            PTC.SCA.SCO.AssetMonitor.KpiTimeFrame.1Day
                            ]]>
                            </name>
                            <value>
                            <![CDATA[
                            1 天
                            ]]>
                            </value>
                        </Row>
                        <Row>
                            <name>
                            <![CDATA[
                            PTC.SCA.SCO.AssetMonitor.KpiTimeFrame.1Week
                            ]]>
                            </name>
                            <value>
                            <![CDATA[
                            1 週
                            ]]>
                            </value>
                        </Row>
                        <Row>
                            <name>
                            <![CDATA[
                            PTC.SCA.SCO.AssetMonitor.AssetDetail.StatusFeedbackFormHeader
                            ]]>
                            </name>
                            <value>
                            <![CDATA[
                            報告不正確的狀態
                            ]]>
                            </value>
                        </Row>
                        <Row>
                            <name>
                            <![CDATA[
                            PTC.SCA.SCO.AssetMonitor.AssetDetail.StatusFeedbackFormDescription
                            ]]>
                            </name>
                            <value>
                            <![CDATA[
                            此表單可提報異常偵測的問題。文字框中包含：感測器名稱、異常錯誤或異常未偵測，以及其他詳細資訊。可從時間範圍欄位選擇問題的持續時間。
                            ]]>
                            </value>
                        </Row>
                        <Row>
                            <name>
                            <![CDATA[
                            PTC.SCA.SCO.AssetMonitor.AssetDetail.TimeRangeLabel
                            ]]>
                            </name>
                            <value>
                            <![CDATA[
                            時間範圍
                            ]]>
                            </value>
                        </Row>
                        <Row>
                            <name>
                            <![CDATA[
                            PTC.SCA.SCO.AssetMonitor.AssetDetail.ToLabel
                            ]]>
                            </name>
                            <value>
                            <![CDATA[
                            至
                            ]]>
                            </value>
                        </Row>
                        <Row>
                            <name>
                            <![CDATA[
                            PTC.SCA.SCO.AssetMonitor.AssetDetail.SubmitLabel
                            ]]>
                            </name>
                            <value>
                            <![CDATA[
                            提交
                            ]]>
                            </value>
                        </Row>
                        <Row>
                            <name>
                            <![CDATA[
                            PTC.SCA.SCO.AssetMonitor.AssetDetail.CancelLabel
                            ]]>
                            </name>
                            <value>
                            <![CDATA[
                            取消
                            ]]>
                            </value>
                        </Row>
                        <Row>
                            <name>
                            <![CDATA[
                            PTC.SCA.SCO.AssetMonitor.AssetDetail.InvalidFeedbackFormWarning
                            ]]>
                            </name>
                            <value>
                            <![CDATA[
                            請確認日期範圍有效，且您已輸入相關資訊。
                            ]]>
                            </value>
                        </Row>
                        <Row>
                            <name>
                            <![CDATA[
                            PTC.SCA.SCO.AssetMonitor.AssetDetail.SuccessfulFeedbackMessage
                            ]]>
                            </name>
                            <value>
                            <![CDATA[
                            已提交您的報告。
                            ]]>
                            </value>
                        </Row>
                        <Row>
                            <name>
                            <![CDATA[
                            PTC.SCA.SCO.AssetMonitor.AssetDetail.CurrentValue
                            ]]>
                            </name>
                            <value>
                            <![CDATA[
                            目前數值
                            ]]>
                            </value>
                        </Row>
                        <Row>
                            <name>
                            <![CDATA[
                            PTC.SCA.SCO.AssetMonitor.AssetDetail.PropertyName
                            ]]>
                            </name>
                            <value>
                            <![CDATA[
                            屬性名稱
                            ]]>
                            </value>
                        </Row>
                        <Row>
                            <name>
                            <![CDATA[
                            PTC.SCA.SCO.AssetMonitor.AssetDetail.Quality
                            ]]>
                            </name>
                            <value>
                            <![CDATA[
                            品質
                            ]]>
                            </value>
                        </Row>
                        <Row>
                            <name>
                            <![CDATA[
                            PTC.SCA.SCO.AssetMonitor.DurationFormat.DAYS
                            ]]>
                            </name>
                            <value>
                            <![CDATA[
                            天
                            ]]>
                            </value>
                        </Row>
                        <Row>
                            <name>
                            <![CDATA[
                            PTC.SCA.SCO.AssetMonitor.DurationFormat.HOURS
                            ]]>
                            </name>
                            <value>
                            <![CDATA[
                            小時
                            ]]>
                            </value>
                        </Row>
                        <Row>
                            <name>
                            <![CDATA[
                            PTC.SCA.SCO.AssetMonitor.DurationFormat.MINUTES
                            ]]>
                            </name>
                            <value>
                            <![CDATA[
                            分鐘
                            ]]>
                            </value>
                        </Row>
                        <Row>
                            <name>
                            <![CDATA[
                            PTC.SCA.SCO.AssetMonitor.DurationFormat.SECONDS
                            ]]>
                            </name>
                            <value>
                            <![CDATA[
                            秒
                            ]]>
                            </value>
                        </Row>
                        <Row>
                            <name>
                            <![CDATA[
                            PTC.SCA.SCO.AssetMonitor.DurationFormat.DAY
                            ]]>
                            </name>
                            <value>
                            <![CDATA[
                            天
                            ]]>
                            </value>
                        </Row>
                        <Row>
                            <name>
                            <![CDATA[
                            PTC.SCA.SCO.AssetMonitor.DurationFormat.HOUR
                            ]]>
                            </name>
                            <value>
                            <![CDATA[
                            小時
                            ]]>
                            </value>
                        </Row>
                        <Row>
                            <name>
                            <![CDATA[
                            PTC.SCA.SCO.AssetMonitor.DurationFormat.MINUTE
                            ]]>
                            </name>
                            <value>
                            <![CDATA[
                            分鐘
                            ]]>
                            </value>
                        </Row>
                        <Row>
                            <name>
                            <![CDATA[
                            PTC.SCA.SCO.AssetMonitor.DurationFormat.SECOND
                            ]]>
                            </name>
                            <value>
                            <![CDATA[
                            秒
                            ]]>
                            </value>
                        </Row>
                        <Row>
                            <name>
                            <![CDATA[
                            PTC.SCA.SCO.AssetMonitor.AssetDetail.MonitoredProperties.SectionTitle
                            ]]>
                            </name>
                            <value>
                            <![CDATA[
                            已監控屬性
                            ]]>
                            </value>
                        </Row>
                        <Row>
                            <name>
                            <![CDATA[
                            PTC.SCA.SCO.AssetMonitor.AssetDetail.MonitoredProperties.AnomalyCount
                            ]]>
                            </name>
                            <value>
                            <![CDATA[
                            異常感測器
                            ]]>
                            </value>
                        </Row>
                        <Row>
                            <name>
                            <![CDATA[
                            PTC.SCA.SCO.AssetMonitor.AssetDetail.MonitoredProperties.AlertCount
                            ]]>
                            </name>
                            <value>
                            <![CDATA[
                            作用中的閾值警示
                            ]]>
                            </value>
                        </Row>
                        <Row>
                            <name>
                            <![CDATA[
                            PTC.SCA.SCO.AssetMonitor.AssetDetail.Calibrate
                            ]]>
                            </name>
                            <value>
                            <![CDATA[
                            校準
                            ]]>
                            </value>
                        </Row>
                        <Row>
                            <name>
                            <![CDATA[
                            PTC.SCA.SCO.AssetMonitor.AssetDetail.LastCalibrated
                            ]]>
                            </name>
                            <value>
                            <![CDATA[
                            最後校準：
                            ]]>
                            </value>
                        </Row>
                        <Row>
                            <name>
                            <![CDATA[
                            PTC.SCA.SCO.AssetMonitor.AssetDetail.CalibrationStillInProgress
                            ]]>
                            </name>
                            <value>
                            <![CDATA[
                            校準仍在進行中，可能需要一點時間才能完成。
                            ]]>
                            </value>
                        </Row>
                        <Row>
                            <name>
                            <![CDATA[
                            PTC.SCA.SCO.AssetMonitor.AssetDetail.MonitoredProperties.Sensors
                            ]]>
                            </name>
                            <value>
                            <![CDATA[
                            感測器
                            ]]>
                            </value>
                        </Row>
                        <Row>
                            <name>
                            <![CDATA[
                            PTC.SCA.SCO.AssetMonitor.AssetDetail.Performance
                            ]]>
                            </name>
                            <value>
                            <![CDATA[
                            效能
                            ]]>
                            </value>
                        </Row>
                        <Row>
                            <name>
                            <![CDATA[
                            PTC.SCA.SCO.AssetMonitor.AssetDetail.MonitoringProperties
                            ]]>
                            </name>
                            <value>
                            <![CDATA[
                            已監控屬性
                            ]]>
                            </value>
                        </Row>
                        <Row>
                            <name>
                            <![CDATA[
                            PTC.SCA.SCO.AssetMonitor.AssetDetail.AdditionalProperties
                            ]]>
                            </name>
                            <value>
                            <![CDATA[
                            附加屬性
                            ]]>
                            </value>
                        </Row>
                        <Row>
                            <name>
                            <![CDATA[
                            PTC.SCA.SCO.AssetMonitor.AssetDetail.RemoteAccess
                            ]]>
                            </name>
                            <value>
                            <![CDATA[
                            遠端存取
                            ]]>
                            </value>
                        </Row>
                        <Row>
                            <name>
                            <![CDATA[
                            PTC.SCA.SCO.AssetMonitor.AssetDetail.FileTransfer
                            ]]>
                            </name>
                            <value>
                            <![CDATA[
                            檔案傳輸
                            ]]>
                            </value>
                        </Row>
                        <Row>
                            <name>
                            <![CDATA[
                            PTC.SCA.SCO.AssetMonitor.AssetDetail.FileTransferHistory
                            ]]>
                            </name>
                            <value>
                            <![CDATA[
                            檔案傳輸歷史記錄
                            ]]>
                            </value>
                        </Row>
                        <Row>
                            <name>
                            <![CDATA[
                            PTC.SCA.SCO.AssetMonitor.DateTimeFormat.DD_MM_YYYY_HH_MM_SS_A
                            ]]>
                            </name>
                            <value>
                            <![CDATA[
                            MM/DD/YYYY hh:mm:ss A
                            ]]>
                            </value>
                        </Row>
                        <Row>
                            <name>
                            <![CDATA[
                            PTC.SCA.SCO.AssetMonitor.AssetDetail.AdditionalProperties.NameLabel
                            ]]>
                            </name>
                            <value>
                            <![CDATA[
                            名稱
                            ]]>
                            </value>
                        </Row>
                        <Row>
                            <name>
                            <![CDATA[
                            PTC.SCA.SCO.AssetMonitor.AssetDetail.AdditionalProperties.ValueLabel
                            ]]>
                            </name>
                            <value>
                            <![CDATA[
                            值
                            ]]>
                            </value>
                        </Row>
                        <Row>
                            <name>
                            <![CDATA[
                            PTC.SCA.SCO.AssetMonitor.AssetDetail.AdditionalProperties.LastChanged
                            ]]>
                            </name>
                            <value>
                            <![CDATA[
                            最近更新
                            ]]>
                            </value>
                        </Row>
                        <Row>
                            <name>
                            <![CDATA[
                            PTC.SCA.SCO.AssetMonitor.AssetDetail.StatusThisWeek
                            ]]>
                            </name>
                            <value>
                            <![CDATA[
                            本週狀態
                            ]]>
                            </value>
                        </Row>
                        <Row>
                            <name>
                            <![CDATA[
                            PTC.SCA.SCO.AssetMonitor.AssetList.MonitorStatusFilterHeader
                            ]]>
                            </name>
                            <value>
                            <![CDATA[
                            監控狀態
                            ]]>
                            </value>
                        </Row>
                        <Row>
                            <name>
                            <![CDATA[
                            PTC.SCA.SCO.AssetMonitor.AssetList.HierarchyFilterHeader
                            ]]>
                            </name>
                            <value>
                            <![CDATA[
                            結構
                            ]]>
                            </value>
                        </Row>
                        <Row>
                            <name>
                            <![CDATA[
                            PTC.SCA.SCO.AssetMonitor.AssetList.AnomalyStatusHeader
                            ]]>
                            </name>
                            <value>
                            <![CDATA[
                            異常狀態
                            ]]>
                            </value>
                        </Row>
                        <Row>
                            <name>
                            <![CDATA[
                            PTC.SCA.SCO.AssetMonitor.AssetList.MoreFilterHeader
                            ]]>
                            </name>
                            <value>
                            <![CDATA[
                            更多
                            ]]>
                            </value>
                        </Row>
                        <Row>
                            <name>
                            <![CDATA[
                            PTC.SCA.SCO.AssetMonitor.AssetList.SortHeader
                            ]]>
                            </name>
                            <value>
                            <![CDATA[
                            排序
                            ]]>
                            </value>
                        </Row>
                        <Row>
                            <name>
                            <![CDATA[
                            PTC.SCA.SCO.AssetMonitor.AssetList.Criticality
                            ]]>
                            </name>
                            <value>
                            <![CDATA[
                            危險程度
                            ]]>
                            </value>
                        </Row>
                        <Row>
                            <name>
                            <![CDATA[
                            PTC.SCA.SCO.AssetMonitor.AssetList.FilterHeader
                            ]]>
                            </name>
                            <value>
                            <![CDATA[
                            篩選條件
                            ]]>
                            </value>
                        </Row>
                        <Row>
                            <name>
                            <![CDATA[
                            PTC.SCA.SCO.AssetMonitor.AssetList.NoAssetsMessage
                            ]]>
                            </name>
                            <value>
                            <![CDATA[
                            無資產
                            ]]>
                            </value>
                        </Row>
                        <Row>
                            <name>
                            <![CDATA[
                            PTC.SCA.SCO.AssetMonitor.AssetList.OneAssetMessage
                            ]]>
                            </name>
                            <value>
                            <![CDATA[
                            1 筆資產
                            ]]>
                            </value>
                        </Row>
                        <Row>
                            <name>
                            <![CDATA[
                            PTC.SCA.SCO.AssetMonitor.AssetList.ManyAssetsMessage
                            ]]>
                            </name>
                            <value>
                            <![CDATA[
                            {0} - {1}，共 {2} 筆資產
                            ]]>
                            </value>
                        </Row>
                        <Row>
                            <name>
                            <![CDATA[
                            PTC.SCA.SCO.AssetMonitor.AssetDetail.NoSensorPageMessage
                            ]]>
                            </name>
                            <value>
                            <![CDATA[
                            無屬性
                            ]]>
                            </value>
                        </Row>
                        <Row>
                            <name>
                            <![CDATA[
                            PTC.SCA.SCO.AssetMonitor.AssetDetail.OneSensorPageMessage
                            ]]>
                            </name>
                            <value>
                            <![CDATA[
                            1 種屬性
                            ]]>
                            </value>
                        </Row>
                        <Row>
                            <name>
                            <![CDATA[
                            PTC.SCA.SCO.AssetMonitor.AssetDetail.ManySensorsPageMessage
                            ]]>
                            </name>
                            <value>
                            <![CDATA[
                            {0} - {1}，共 {2} 種屬性
                            ]]>
                            </value>
                        </Row>
                        <Row>
                            <name>
                            <![CDATA[
                            PTC.SCA.SCO.AssetMonitor.AlertButtonText
                            ]]>
                            </name>
                            <value>
                            <![CDATA[
                            更多 ...
                            ]]>
                            </value>
                        </Row>
                        <Row>
                            <usage>
                            <![CDATA[
                            label
                            ]]>
                            </usage>
                            <name>
                            <![CDATA[
                            PTC.SCA.SCO.AssetMonitor.AssetList.SelectAModel
                            ]]>
                            </name>
                            <context></context>
                            <value>
                            <![CDATA[
                            選擇模型
                            ]]>
                            </value>
                        </Row>
                        <Row>
                            <usage>
                            <![CDATA[
                            label
                            ]]>
                            </usage>
                            <name>
                            <![CDATA[
                            PTC.SCA.SCO.AssetMonitor.AssetList.SelectARelatedLine
                            ]]>
                            </name>
                            <context></context>
                            <value>
                            <![CDATA[
                            選擇相關的行
                            ]]>
                            </value>
                        </Row>
                        <Row>
                            <usage>
                            <![CDATA[
                            label
                            ]]>
                            </usage>
                            <name>
                            <![CDATA[
                            PTC.SCA.SCO.AssetMonitor.AssetList.SelectASortOrder
                            ]]>
                            </name>
                            <context></context>
                            <value>
                            <![CDATA[
                            選擇排序
                            ]]>
                            </value>
                        </Row>
                        <Row>
                            <usage>
                            <![CDATA[
                            label
                            ]]>
                            </usage>
                            <name>
                            <![CDATA[
                            PTC.SCA.SCO.AssetMonitor.AssetList.SelectARelatedSite
                            ]]>
                            </name>
                            <context></context>
                            <value>
                            <![CDATA[
                            選擇相關站台
                            ]]>
                            </value>
                        </Row>
                        <Row>
                            <name>
                            <![CDATA[
                            PTC.SCA.SCO.AssetMonitor.WeeklyAssetAnomalyStatsLabel
                            ]]>
                            </name>
                            <value>
                            <![CDATA[
                            每週總數
                            ]]>
                            </value>
                        </Row>
                        <Row>
                            <name>
                            <![CDATA[
                            PTC.SCA.SCO.AssetMonitor.WeeklyAssetAnomalyStats-none
                            ]]>
                            </name>
                            <value>
                            <![CDATA[
                            無異常
                            ]]>
                            </value>
                        </Row>
                        <Row>
                            <name>
                            <![CDATA[
                            PTC.SCA.SCO.AssetMonitor.WeeklyAssetAnomalyStats-duration
                            ]]>
                            </name>
                            <value>
                            <![CDATA[
                            {0}
                            ]]>
                            </value>
                        </Row>
                        <Row>
                            <name>
                            <![CDATA[
                            PTC.SCA.SCO.AssetMonitor.AlertWeeklyTotalLabel
                            ]]>
                            </name>
                            <value>
                            <![CDATA[
                            每週總數：
                            ]]>
                            </value>
                        </Row>
                        <Row>
                            <name>
                            <![CDATA[
                            PTC.SCA.SCO.AssetMonitor.NumberActiveAlerts
                            ]]>
                            </name>
                            <value>
                            <![CDATA[
                            {0} 作用中
                            ]]>
                            </value>
                        </Row>
                        <Row>
                            <name>
                            <![CDATA[
                            PTC.SCA.SCO.AssetMonitor.TotalAlerts
                            ]]>
                            </name>
                            <value>
                            <![CDATA[
                            {0} 警示
                            ]]>
                            </value>
                        </Row>
                        <Row>
                            <name>
                            <![CDATA[
                            PTC.SCA.SCO.AssetMonitor.OneAlert
                            ]]>
                            </name>
                            <value>
                            <![CDATA[
                            {0} 警示
                            ]]>
                            </value>
                        </Row>
                        <Row>
                            <name>
                            <![CDATA[
                            PTC.SCA.SCO.AssetMonitor.NoActiveAlerts
                            ]]>
                            </name>
                            <value>
                            <![CDATA[
                            無作用中
                            ]]>
                            </value>
                        </Row>
                        <Row>
                            <name>
                            <![CDATA[
                            PTC.SCA.SCO.AnomalyStatus.Offline
                            ]]>
                            </name>
                            <value>
                            <![CDATA[
                            離線
                            ]]>
                            </value>
                        </Row>
                        <Row>
                            <name>
                            <![CDATA[
                            PTC.SCA.SCO.Anomaly.Calibration.Status.NotConfigured
                            ]]>
                            </name>
                            <value>
                            <![CDATA[
                            未設定
                            ]]>
                            </value>
                        </Row>
                        <Row>
                            <name>
                            <![CDATA[
                            PTC.SCA.SCO.Anomaly.Number.Sensors.Calibrated
                            ]]>
                            </name>
                            <value>
                            <![CDATA[
                            {0} 已校準
                            ]]>
                            </value>
                        </Row>
                        <Row>
                            <name>
                            <![CDATA[
                            PTC.SCA.SCO.Anomaly.Number.Sensors.Failed.Calibration
                            ]]>
                            </name>
                            <value>
                            <![CDATA[
                            {0} 失敗
                            ]]>
                            </value>
                        </Row>
                        <Row>
                            <name>
                            <![CDATA[
                            PTC.SCA.SCO.Anomaly.Number.Sensors.All.Failed.Calibration
                            ]]>
                            </name>
                            <value>
                            <![CDATA[
                            {0} 校準失敗
                            ]]>
                            </value>
                        </Row>
                        <Row>
                            <name>
                            <![CDATA[
                            PTC.SCA.SCO.Anomaly.Number.Sensors.NotConfigured
                            ]]>
                            </name>
                            <value>
                            <![CDATA[
                            {0} 未設定
                            ]]>
                            </value>
                        </Row>
                        <Row>
                            <name>
                            <![CDATA[
                            PTC.SCA.SCO.Anomaly.Status
                            ]]>
                            </name>
                            <value>
                            <![CDATA[
                            {0} ({1})
                            ]]>
                            </value>
                        </Row>
                        <Row>
                            <name>
                            <![CDATA[
                            PTC.SCA.SCO.AssetMonitor.Threshold.Alert.Nav.Tooltip
                            ]]>
                            </name>
                            <value>
                            <![CDATA[
                            調查資產閾值警示
                            ]]>
                            </value>
                        </Row>
                        <Row>
                            <name>
                            <![CDATA[
                            PTC.SCA.SCO.AssetMonitor.AssetDetail.DailyStatus
                            ]]>
                            </name>
                            <value>
                            <![CDATA[
                            每日狀況
                            ]]>
                            </value>
                        </Row>
                    </Rows>
                </ConfigurationTable>
            </ConfigurationTables>
        </LocalizationTable>
    </LocalizationTables>
</Entities>
