<?xml version="1.0" encoding="UTF-8"?>
<Entities>
    <LocalizationTables>
        <LocalizationTable
         description="Default localization table"
         homeMashup=""
         name="Default"
         tags="PTC:sca-sco">
            <avatar></avatar>
            <DesignTimePermissions>
                <Create></Create>
                <Read></Read>
                <Update></Update>
                <Delete></Delete>
                <Metadata></Metadata>
            </DesignTimePermissions>
            <RunTimePermissions></RunTimePermissions>
            <VisibilityPermissions>
                <Visibility>
                    <Principal
                     isPermitted="true"
                     name="PTC.Factory.MachineVisibility"
                     type="Organization"></Principal>
                </Visibility>
            </VisibilityPermissions>
            <ConfigurationTables>
                <ConfigurationTable
                 description="Localization Tokens"
                 isMultiRow="true"
                 name="LocalizationTokens"
                 ordinal="0">
                    <DataShape>
                        <FieldDefinitions>
                            <FieldDefinition
                             aspect.friendlyName="Token name"
                             baseType="STRING"
                             description="Token name"
                             name="name"
                             ordinal="0"></FieldDefinition>
                            <FieldDefinition
                             aspect.friendlyName="Token value"
                             baseType="STRING"
                             description="Token value"
                             name="value"
                             ordinal="1"></FieldDefinition>
                        </FieldDefinitions>
                    </DataShape>
                    <Rows>
                        <Row>
                            <name>
                            <![CDATA[
                            PTC.SCA.SCO.AssetMonitor.MasterTitleLabel
                            ]]>
                            </name>
                            <value>
                            <![CDATA[
                            asset advisor
                            ]]>
                            </value>
                        </Row>
                        <Row>
                            <name>
                            <![CDATA[
                            PTC.SCA.SCO.AssetMonitor.KpiTimeFrame.CurrentShift
                            ]]>
                            </name>
                            <value>
                            <![CDATA[
                            Current Shift
                            ]]>
                            </value>
                        </Row>
                        <Row>
                            <name>
                            <![CDATA[
                            PTC.SCA.SCO.AssetMonitor.KpiTimeFrameLabel
                            ]]>
                            </name>
                            <value>
                            <![CDATA[
                            Statistics for
                            ]]>
                            </value>
                        </Row>
                        <Row>
                            <name>
                            <![CDATA[
                            PTC.SCA.SCO.AssetMonitor.KpiTimeFrame.1Minute
                            ]]>
                            </name>
                            <value>
                            <![CDATA[
                            1 Minute
                            ]]>
                            </value>
                        </Row>
                        <Row>
                            <name>
                            <![CDATA[
                            PTC.SCA.SCO.AssetMonitor.KpiTimeFrame.15Minutes
                            ]]>
                            </name>
                            <value>
                            <![CDATA[
                            15 Minutes
                            ]]>
                            </value>
                        </Row>
                        <Row>
                            <name>
                            <![CDATA[
                            PTC.SCA.SCO.AssetMonitor.KpiTimeFrame.1Hour
                            ]]>
                            </name>
                            <value>
                            <![CDATA[
                            1 Hour
                            ]]>
                            </value>
                        </Row>
                        <Row>
                            <name>
                            <![CDATA[
                            PTC.SCA.SCO.AssetMonitor.KpiTimeFrame.1Day
                            ]]>
                            </name>
                            <value>
                            <![CDATA[
                            1 Day
                            ]]>
                            </value>
                        </Row>
                        <Row>
                            <name>
                            <![CDATA[
                            PTC.SCA.SCO.AssetMonitor.KpiTimeFrame.1Week
                            ]]>
                            </name>
                            <value>
                            <![CDATA[
                            1 Week
                            ]]>
                            </value>
                        </Row>
                        <Row>
                            <name>
                            <![CDATA[
                            PTC.SCA.SCO.AssetMonitor.AssetDetail.StatusFeedbackFormHeader
                            ]]>
                            </name>
                            <value>
                            <![CDATA[
                            Report Incorrect Status
                            ]]>
                            </value>
                        </Row>
                        <Row>
                            <name>
                            <![CDATA[
                            PTC.SCA.SCO.AssetMonitor.AssetDetail.StatusFeedbackFormDescription
                            ]]>
                            </name>
                            <value>
                            <![CDATA[
                            Use this form to report a problem with anomaly detection. In the text box include: sensor names, whether it is a false anomaly or an undetected anomaly, and any additional details. Select the time period for the problem from the time range fields.
                            ]]>
                            </value>
                        </Row>
                        <Row>
                            <name>
                            <![CDATA[
                            PTC.SCA.SCO.AssetMonitor.AssetDetail.TimeRangeLabel
                            ]]>
                            </name>
                            <value>
                            <![CDATA[
                            Time Range
                            ]]>
                            </value>
                        </Row>
                        <Row>
                            <name>
                            <![CDATA[
                            PTC.SCA.SCO.AssetMonitor.AssetDetail.ToLabel
                            ]]>
                            </name>
                            <value>
                            <![CDATA[
                            To
                            ]]>
                            </value>
                        </Row>
                        <Row>
                            <name>
                            <![CDATA[
                            PTC.SCA.SCO.AssetMonitor.AssetDetail.SubmitLabel
                            ]]>
                            </name>
                            <value>
                            <![CDATA[
                            Submit
                            ]]>
                            </value>
                        </Row>
                        <Row>
                            <name>
                            <![CDATA[
                            PTC.SCA.SCO.AssetMonitor.AssetDetail.CancelLabel
                            ]]>
                            </name>
                            <value>
                            <![CDATA[
                            Cancel
                            ]]>
                            </value>
                        </Row>
                        <Row>
                            <name>
                            <![CDATA[
                            PTC.SCA.SCO.AssetMonitor.AssetDetail.InvalidFeedbackFormWarning
                            ]]>
                            </name>
                            <value>
                            <![CDATA[
                            Ensure that the date range is valid, and that you have entered the relevant information.
                            ]]>
                            </value>
                        </Row>
                        <Row>
                            <name>
                            <![CDATA[
                            PTC.SCA.SCO.AssetMonitor.AssetDetail.SuccessfulFeedbackMessage
                            ]]>
                            </name>
                            <value>
                            <![CDATA[
                            Your report has been submitted.
                            ]]>
                            </value>
                        </Row>
                        <Row>
                            <name>PTC.SCA.SCO.AssetMonitor.AssetDetail.CurrentValue</name>
                            <value>Current Value</value>
                        </Row>
                        <Row>
                            <name>PTC.SCA.SCO.AssetMonitor.AssetDetail.PropertyName</name>
                            <value>Property Name</value>
                        </Row>
                        <Row>
                            <name>PTC.SCA.SCO.AssetMonitor.AssetDetail.Quality</name>
                            <value>Quality</value>
                        </Row>
                        <Row>
                            <name>PTC.SCA.SCO.AssetMonitor.DurationFormat.DAYS</name>
                            <value>days</value>
                        </Row>
                        <Row>
                            <name>PTC.SCA.SCO.AssetMonitor.DurationFormat.HOURS</name>
                            <value>hrs</value>
                        </Row>
                        <Row>
                            <name>PTC.SCA.SCO.AssetMonitor.DurationFormat.MINUTES</name>
                            <value>mins</value>
                        </Row>
                        <Row>
                            <name>PTC.SCA.SCO.AssetMonitor.DurationFormat.SECONDS</name>
                            <value>secs</value>
                        </Row>
                        <Row>
                            <name>PTC.SCA.SCO.AssetMonitor.DurationFormat.DAY</name>
                            <value>day</value>
                        </Row>
                        <Row>
                            <name>PTC.SCA.SCO.AssetMonitor.DurationFormat.HOUR</name>
                            <value>hr</value>
                        </Row>
                        <Row>
                            <name>PTC.SCA.SCO.AssetMonitor.DurationFormat.MINUTE</name>
                            <value>min</value>
                        </Row>
                        <Row>
                            <name>PTC.SCA.SCO.AssetMonitor.DurationFormat.SECOND</name>
                            <value>sec</value>
                        </Row>
                        <Row>
                            <name>PTC.SCA.SCO.AssetMonitor.AssetDetail.MonitoredProperties.SectionTitle</name>
                            <value>Monitored Properties</value>
                        </Row>
                        <Row>
                            <name>PTC.SCA.SCO.AssetMonitor.AssetDetail.MonitoredProperties.AnomalyCount</name>
                            <value>Anomalous Sensors</value>
                        </Row>
                        <Row>
                            <name>PTC.SCA.SCO.AssetMonitor.AssetDetail.MonitoredProperties.AlertCount</name>
                            <value>Active Threshold Alerts</value>
                        </Row>
                        <Row>
                            <name>PTC.SCA.SCO.AssetMonitor.AssetDetail.Calibrate</name>
                            <value>Calibrate</value>
                        </Row>
                        <Row>
                            <name>PTC.SCA.SCO.AssetMonitor.AssetDetail.LastCalibrated</name>
                            <value>Last Calibrated:</value>
                        </Row>
                        <Row>
                            <name>PTC.SCA.SCO.AssetMonitor.AssetDetail.CalibrationStillInProgress</name>
                            <value>Calibration is still in progress, and may take some time to complete.</value>
                        </Row>
                        <Row>
                            <name>PTC.SCA.SCO.AssetMonitor.AssetDetail.MonitoredProperties.Sensors</name>
                            <value>Sensors</value>
                        </Row>
                        <Row>
                            <name>
                            <![CDATA[
                            PTC.SCA.SCO.AssetMonitor.AssetDetail.Performance
                            ]]>
                            </name>
                            <value>
                            <![CDATA[
                            Performance
                            ]]>
                            </value>
                        </Row>
                        <Row>
                            <name>
                            <![CDATA[
                            PTC.SCA.SCO.AssetMonitor.AssetDetail.MonitoringProperties
                            ]]>
                            </name>
                            <value>
                            <![CDATA[
                            Monitored Properties
                            ]]>
                            </value>
                        </Row>
                        <Row>
                            <name>
                            <![CDATA[
                            PTC.SCA.SCO.AssetMonitor.AssetDetail.AdditionalProperties
                            ]]>
                            </name>
                            <value>
                            <![CDATA[
                            Additional Properties
                            ]]>
                            </value>
                        </Row>
                        <Row>
                            <name>
                            <![CDATA[
                            PTC.SCA.SCO.AssetMonitor.AssetDetail.RemoteAccess
                            ]]>
                            </name>
                            <value>
                            <![CDATA[
                            Remote Access
                            ]]>
                            </value>
                        </Row>
                        <Row>
                            <name>
                            <![CDATA[
                            PTC.SCA.SCO.AssetMonitor.AssetDetail.FileTransfer
                            ]]>
                            </name>
                            <value>
                            <![CDATA[
                            File Transfer
                            ]]>
                            </value>
                        </Row>
                        <Row>
                            <name>
                            <![CDATA[
                            PTC.SCA.SCO.AssetMonitor.AssetDetail.FileTransferHistory
                            ]]>
                            </name>
                            <value>
                            <![CDATA[
                            File Transfer History
                            ]]>
                            </value>
                        </Row>
                        <Row>
                            <name>
                            <![CDATA[
                            PTC.SCA.SCO.AssetMonitor.DateTimeFormat.DD_MM_YYYY_HH_MM_SS_A
                            ]]>
                            </name>
                            <value>
                            <![CDATA[
                            MM/DD/YYYY hh:mm:ss A
                            ]]>
                            </value>
                        </Row>
                        <Row>
                            <name>
                            <![CDATA[
                            PTC.SCA.SCO.AssetMonitor.AssetDetail.AdditionalProperties.NameLabel
                            ]]>
                            </name>
                            <value>
                            <![CDATA[
                            Name
                            ]]>
                            </value>
                        </Row>
                        <Row>
                            <name>
                            <![CDATA[
                            PTC.SCA.SCO.AssetMonitor.AssetDetail.AdditionalProperties.ValueLabel
                            ]]>
                            </name>
                            <value>
                            <![CDATA[
                            Value
                            ]]>
                            </value>
                        </Row>
                        <Row>
                            <name>
                            <![CDATA[
                            PTC.SCA.SCO.AssetMonitor.AssetDetail.AdditionalProperties.LastChanged
                            ]]>
                            </name>
                            <value>
                            <![CDATA[
                            Last Updated
                            ]]>
                            </value>
                        </Row>
                        <Row>
                            <name>
                            <![CDATA[
                            PTC.SCA.SCO.AssetMonitor.AssetDetail.StatusThisWeek
                            ]]>
                            </name>
                            <value>
                            <![CDATA[
                            Status This Week
                            ]]>
                            </value>
                        </Row>
                        <Row>
                            <name>
                            <![CDATA[
                            PTC.SCA.SCO.AssetMonitor.AssetList.MonitorStatusFilterHeader
                            ]]>
                            </name>
                            <value>
                            <![CDATA[
                            Monitor Status
                            ]]>
                            </value>
                        </Row>
                        <Row>
                            <name>
                            <![CDATA[
                            PTC.SCA.SCO.AssetMonitor.AssetList.HierarchyFilterHeader
                            ]]>
                            </name>
                            <value>
                            <![CDATA[
                            Structure
                            ]]>
                            </value>
                        </Row>
                        <Row>
                            <name>
                            <![CDATA[
                            PTC.SCA.SCO.AssetMonitor.AssetList.AnomalyStatusHeader
                            ]]>
                            </name>
                            <value>
                            <![CDATA[
                            Anomaly Status
                            ]]>
                            </value>
                        </Row>
                        <Row>
                            <name>
                            <![CDATA[
                            PTC.SCA.SCO.AssetMonitor.AssetList.MoreFilterHeader
                            ]]>
                            </name>
                            <value>
                            <![CDATA[
                            More
                            ]]>
                            </value>
                        </Row>
                        <Row>
                            <name>
                            <![CDATA[
                            PTC.SCA.SCO.AssetMonitor.AssetList.SortHeader
                            ]]>
                            </name>
                            <value>
                            <![CDATA[
                            Sort Order
                            ]]>
                            </value>
                        </Row>
                        <Row>
                            <name>
                            <![CDATA[
                            PTC.SCA.SCO.AssetMonitor.AssetList.Criticality
                            ]]>
                            </name>
                            <value>
                            <![CDATA[
                            Criticality
                            ]]>
                            </value>
                        </Row>
                        <Row>
                            <name>
                            <![CDATA[
                            PTC.SCA.SCO.AssetMonitor.AssetList.FilterHeader
                            ]]>
                            </name>
                            <value>
                            <![CDATA[
                            FILTERS
                            ]]>
                            </value>
                        </Row>
                        <Row>
                            <name>
                            <![CDATA[
                            PTC.SCA.SCO.AssetMonitor.AssetList.NoAssetsMessage
                            ]]>
                            </name>
                            <value>
                            <![CDATA[
                            No Assets
                            ]]>
                            </value>
                        </Row>
                        <Row>
                            <name>
                            <![CDATA[
                            PTC.SCA.SCO.AssetMonitor.AssetList.OneAssetMessage
                            ]]>
                            </name>
                            <value>
                            <![CDATA[
                            1 Asset
                            ]]>
                            </value>
                        </Row>
                        <Row>
                            <name>
                            <![CDATA[
                            PTC.SCA.SCO.AssetMonitor.AssetList.ManyAssetsMessage
                            ]]>
                            </name>
                            <value>
                            <![CDATA[
                            {0} - {1} of {2} Assets
                            ]]>
                            </value>
                        </Row>
                        <Row>
                            <name>
                            <![CDATA[
                            PTC.SCA.SCO.AssetMonitor.AssetDetail.NoSensorPageMessage
                            ]]>
                            </name>
                            <value>
                            <![CDATA[
                            No Properties
                            ]]>
                            </value>
                        </Row>
                        <Row>
                            <name>
                            <![CDATA[
                            PTC.SCA.SCO.AssetMonitor.AssetDetail.OneSensorPageMessage
                            ]]>
                            </name>
                            <value>
                            <![CDATA[
                            1 Property
                            ]]>
                            </value>
                        </Row>
                        <Row>
                            <name>
                            <![CDATA[
                            PTC.SCA.SCO.AssetMonitor.AssetDetail.ManySensorsPageMessage
                            ]]>
                            </name>
                            <value>
                            <![CDATA[
                            {0} - {1} of {2} Properties
                            ]]>
                            </value>
                        </Row>
                        <Row>
                            <name>
                            <![CDATA[
                            PTC.SCA.SCO.AssetMonitor.AlertButtonText
                            ]]>
                            </name>
                            <value>
                            <![CDATA[
                            More ...
                            ]]>
                            </value>
                        </Row>
                        <Row>
                            <usage>
                            <![CDATA[
                            label
                            ]]>
                            </usage>
                            <name>
                            <![CDATA[
                            PTC.SCA.SCO.AssetMonitor.AssetList.SelectAModel
                            ]]>
                            </name>
                            <context></context>
                            <value>
                            <![CDATA[
                            Select a Model
                            ]]>
                            </value>
                        </Row>
                        <Row>
                            <usage>
                            <![CDATA[
                            label
                            ]]>
                            </usage>
                            <name>
                            <![CDATA[
                            PTC.SCA.SCO.AssetMonitor.AssetList.SelectARelatedLine
                            ]]>
                            </name>
                            <context></context>
                            <value>
                            <![CDATA[
                            Select a Related Line
                            ]]>
                            </value>
                        </Row>
                        <Row>
                            <usage>
                            <![CDATA[
                            label
                            ]]>
                            </usage>
                            <name>
                            <![CDATA[
                            PTC.SCA.SCO.AssetMonitor.AssetList.SelectASortOrder
                            ]]>
                            </name>
                            <context></context>
                            <value>
                            <![CDATA[
                            Select a Sort Order
                            ]]>
                            </value>
                        </Row>
                        <Row>
                            <usage>
                            <![CDATA[
                            label
                            ]]>
                            </usage>
                            <name>
                            <![CDATA[
                            PTC.SCA.SCO.AssetMonitor.AssetList.SelectARelatedSite
                            ]]>
                            </name>
                            <context></context>
                            <value>
                            <![CDATA[
                            Select a Related Site
                            ]]>
                            </value>
                        </Row>
                        <Row>
                            <name>PTC.SCA.SCO.AssetMonitor.WeeklyAssetAnomalyStatsLabel</name>
                            <value>Weekly Total</value>
                        </Row>
                        <Row>
                            <name>PTC.SCA.SCO.AssetMonitor.WeeklyAssetAnomalyStats-none</name>
                            <value>No Anomalies</value>
                        </Row>
                        <Row>
                            <name>PTC.SCA.SCO.AssetMonitor.WeeklyAssetAnomalyStats-duration</name>
                            <value>{0}</value>
                        </Row>
                        <Row>
                            <name>PTC.SCA.SCO.AssetMonitor.AlertWeeklyTotalLabel</name>
                            <value>Weekly total:</value>
                        </Row>
                        <Row>
                            <name>PTC.SCA.SCO.AssetMonitor.NumberActiveAlerts</name>
                            <value>{0} active</value>
                        </Row>
                        <Row>
                            <name>PTC.SCA.SCO.AssetMonitor.TotalAlerts</name>
                            <value>{0} alerts</value>
                        </Row>
                        <Row>
                            <name>PTC.SCA.SCO.AssetMonitor.OneAlert</name>
                            <value>{0} alert</value>
                        </Row>
                        <Row>
                            <name>PTC.SCA.SCO.AssetMonitor.NoActiveAlerts</name>
                            <value>No active</value>
                        </Row>
                        <Row>
                            <name>PTC.SCA.SCO.AnomalyStatus.Offline</name>
                            <value>Offline</value>
                        </Row>
                        <Row>
                            <name>PTC.SCA.SCO.Anomaly.Calibration.Status.NotConfigured</name>
                            <value>Not Configured</value>
                        </Row>
                        <Row>
                            <name>PTC.SCA.SCO.Anomaly.Number.Sensors.Calibrated</name>
                            <value>{0} Calibrated</value>
                        </Row>
                        <Row>
                            <name>PTC.SCA.SCO.Anomaly.Number.Sensors.Failed.Calibration</name>
                            <value>{0} Failed</value>
                        </Row>
                        <Row>
                            <name>PTC.SCA.SCO.Anomaly.Number.Sensors.All.Failed.Calibration</name>
                            <value>{0} Failed Calibration</value>
                        </Row>
                        <Row>
                            <name>PTC.SCA.SCO.Anomaly.Number.Sensors.NotConfigured</name>
                            <value>{0} Not Configured</value>
                        </Row>
                        <Row>
                            <name>PTC.SCA.SCO.Anomaly.Status</name>
                            <value>{0} ({1})</value>
                        </Row>
                        <Row>
                            <name>PTC.SCA.SCO.AssetMonitor.Threshold.Alert.Nav.Tooltip</name>
                            <value>Investigate asset threshold alerts</value>
                        </Row>
                        <Row>
                            <name>
                            <![CDATA[
                            PTC.SCA.SCO.AssetMonitor.AssetDetail.DailyStatus
                            ]]>
                            </name>
                            <value>
                            <![CDATA[
                            Daily Status
                            ]]>
                            </value>
                        </Row>
                    </Rows>
                </ConfigurationTable>
            </ConfigurationTables>
        </LocalizationTable>
    </LocalizationTables>
</Entities>
