<?xml version="1.0" encoding="UTF-8"?>
<Entities
 build="b158"
 majorVersion="7"
 minorVersion="4"
 modelPersistenceProviderPackage="NeoPersistenceProviderPackage"
 revision="0"
 schemaVersion="940">
    <MediaEntities>
        <MediaEntity
         description="Collapse tab {PTC.Factory.CollapseTab}"
         documentationContent=""
         homeMashup=""
         lastModifiedDate="2017-04-04T15:02:46.996-04:00"
         name="PTC.Factory.CollapseTab"
         projectName="PTC.SCA.SCO.Common"
         tags="PTC:sca-sco-common;PTC:sca-common;PTC:MediaEntity">
            <avatar></avatar>
            <DesignTimePermissions>
                <Create></Create>
                <Read></Read>
                <Update></Update>
                <Delete></Delete>
                <Metadata></Metadata>
            </DesignTimePermissions>
            <RunTimePermissions></RunTimePermissions>
            <VisibilityPermissions>
                <Visibility>
                    <Principal
                     isPermitted="true"
                     name="PTC.Factory.MachineVisibility"
                     type="Organization"></Principal>
                </Visibility>
            </VisibilityPermissions>
            <ConfigurationTables></ConfigurationTables>
            <content>
            <![CDATA[
            iVBORw0KGgoAAAANSUhEUgAAABEAAAASCAYAAAC9+TVUAAAAVklEQVR42mNQTpw0H4j/g2gGEgCK
            PijjPykGIRkAxhgChAzCqZ5YgwiqI6SAaBfjUkiql7FpuE9O4GMziGgvzCczjPCnE2ItGE0ngzqd
            kBwLpAJiCywA4pUuHGGtoG0AAAAASUVORK5CYII=
            ]]>
            </content>
        </MediaEntity>
    </MediaEntities>
</Entities>
