<?xml version="1.0" encoding="UTF-8"?>
<Entities
 build="b50"
 majorVersion="7"
 minorVersion="3"
 modelPersistenceProviderPackage="NeoPersistenceProviderPackage"
 revision="0"
 schemaVersion="931">
    <MediaEntities>
        <MediaEntity
         aspect.isEditableExtensionObject="true"
         aspect.isExtension="true"
         description="White down arrow {PTC.Factory.MetricsWidget.Trend.Down.White}"
         documentationContent=""
         homeMashup=""
         lastModifiedDate="2017-02-24T14:02:46.185-05:00"
         name="PTC.Factory.MetricsWidget.Trend.Down.White"
         projectName="PTC.SCA.SCO.Common"
         tags="PTC:sca-sco-common;PTC:sca-common;PTC:MediaEntity">
            <avatar></avatar>
            <DesignTimePermissions>
                <Create></Create>
                <Read></Read>
                <Update></Update>
                <Delete></Delete>
                <Metadata></Metadata>
            </DesignTimePermissions>
            <RunTimePermissions></RunTimePermissions>
            <VisibilityPermissions>
                <Visibility>
                    <Principal
                     isPermitted="true"
                     name="PTC.Factory.MachineVisibility"
                     type="Organization"></Principal>
                </Visibility>
            </VisibilityPermissions>
            <ConfigurationTables></ConfigurationTables>
            <content>
            <![CDATA[
            iVBORw0KGgoAAAANSUhEUgAAABAAAAAQCAYAAAAf8/9hAAAAAXNSR0IArs4c6QAAAMpJREFUOBHd
            kUEKwjAURJPiNV25USgUKXTRA7gRunDbjSfpAbyRC4lvgh/SmkjWDvz+/PkzU9o4V0AIYaEMS0Hm
            mtKilv+XAP5UQ+1rv1taeaL+Y77ThZuFcM7egjQSAnkax2PWlGBSCPNXANyU6HScd2gf1IHylHBm
            8aLbLM7DXbXT8EGgyxvfdlLcBs9kTs9GH6PZHrCtbSp6a75Vx9hVmLuVaTsQ0P8I6bf67EzAkAkZ
            suISScCYhIwlna4xC+/9hYC41zkrgnwDQxtdf4MCGWIAAAAASUVORK5CYII=
            ]]>
            </content>
        </MediaEntity>
    </MediaEntities>
</Entities>
