<?xml version="1.0" encoding="UTF-8"?>
<Entities
 build="b50"
 majorVersion="7"
 minorVersion="3"
 modelPersistenceProviderPackage="NeoPersistenceProviderPackage"
 revision="0"
 schemaVersion="931">
    <MediaEntities>
        <MediaEntity
         aspect.isEditableExtensionObject="true"
         aspect.isExtension="true"
         description="Bind Tag' icon {PTC.Factory.BindTag}"
         documentationContent=""
         homeMashup=""
         lastModifiedDate="2017-03-02T13:22:09.140-05:00"
         name="PTC.Factory.BindTag"
         projectName="PTC.SCA.SCO.Common"
         tags="PTC:sca-sco-common;PTC:sca-common;PTC:MediaEntity">
            <avatar></avatar>
            <DesignTimePermissions>
                <Create></Create>
                <Read></Read>
                <Update></Update>
                <Delete></Delete>
                <Metadata></Metadata>
            </DesignTimePermissions>
            <RunTimePermissions></RunTimePermissions>
            <VisibilityPermissions>
                <Visibility>
                    <Principal
                     isPermitted="true"
                     name="PTC.Factory.MachineVisibility"
                     type="Organization"></Principal>
                </Visibility>
            </VisibilityPermissions>
            <ConfigurationTables></ConfigurationTables>
            <content>
            <![CDATA[
            iVBORw0KGgoAAAANSUhEUgAAAAwAAAAMCAYAAABWdVznAAAAGXRFWHRTb2Z0d2FyZQBBZG9iZSBJ
            bWFnZVJlYWR5ccllPAAAAKpJREFUeNpiVE6c1MDAwFDPgAouALHj3fl5H9DEGZigih2BuBGIA4GK
            GKEa9gMNE8CmAQQcoDTYJqCmRFyamJCc4A/ED2ASaJoM4DqAnP8MeABQfj4Qv4dpAtnwACSISwPU
            pg0wm0AaAoE4gAhNB0CamICcC9BQwqkJ6hxQwBQyQU1A1pSARfF+kGKgugWM+CTR+SA1jDisByma
            CMT5yIqxasBmE7IcQIABANBBU6Xb2r3mAAAAAElFTkSuQmCC
            ]]>
            </content>
        </MediaEntity>
    </MediaEntities>
</Entities>
