<?xml version="1.0" encoding="UTF-8"?>
<Entities
 build="b50"
 majorVersion="7"
 minorVersion="3"
 modelPersistenceProviderPackage="NeoPersistenceProviderPackage"
 revision="0"
 schemaVersion="931">
    <MediaEntities>
        <MediaEntity
         aspect.isEditableExtensionObject="true"
         aspect.isExtension="true"
         description="Gray up arrow {PTC.Factory.MetricsWidget.Trend.Up.Gray}"
         documentationContent=""
         homeMashup=""
         lastModifiedDate="2017-02-24T14:03:38.196-05:00"
         name="PTC.Factory.MetricsWidget.Trend.Up.Gray"
         projectName="PTC.SCA.SCO.Common"
         tags="PTC:sca-sco-common;PTC:sca-common;PTC:MediaEntity">
            <avatar></avatar>
            <DesignTimePermissions>
                <Create></Create>
                <Read></Read>
                <Update></Update>
                <Delete></Delete>
                <Metadata></Metadata>
            </DesignTimePermissions>
            <RunTimePermissions></RunTimePermissions>
            <VisibilityPermissions>
                <Visibility>
                    <Principal
                     isPermitted="true"
                     name="PTC.Factory.MachineVisibility"
                     type="Organization"></Principal>
                </Visibility>
            </VisibilityPermissions>
            <ConfigurationTables></ConfigurationTables>
            <content>
            <![CDATA[
            iVBORw0KGgoAAAANSUhEUgAAABAAAAAQCAYAAAAf8/9hAAAAAXNSR0IArs4c6QAAAWJJREFUOBHd
            UMFKw0AQnU3/oSk0KX5AWm9JmlsVi9SrV48iggdRRPAgAQ+CiCIinr37DXoo0la82T8wFRoQPAiC
            YsaZrRs2NS2eHdjMzHtv3u4EYEpUvfo+nykSKEwia66/hwAHxDdKZetzOIjaedpcg6of7CLioRog
            o3mzbL3Hg+hOYSr/MnC8YBswOVICLS8UrcpbPHjqaFh2hZpX36SbT3RBtsZmybJfaZ2ewtMXVN36
            BgKeKWJSpnUWzbL9Quvcs0Ya1PxgnW6+GBv6UDxlvWZZq2hbwziKHgr0w1YxSS4JFMzIEOKYui+q
            Z0Y9tEGIa6oD2fMHYcm0K88GJuBSmw4LQ5z2e52dVDgqkDHmNFzwrLHcaq4JEFdMCDDOH7udrR8R
            rZsN5ljDKM/wrFSEYWjMesGKLnc8/8ZxfZSHap1jLc8wlj5dF3DNBrRnQ+ICbvu97ty4hnvpkkf8
            FfsHBt9FgnAqvU1xDwAAAABJRU5ErkJggg==
            ]]>
            </content>
        </MediaEntity>
    </MediaEntities>
</Entities>
