<?xml version="1.0" encoding="UTF-8"?>
<Entities
 build="b158"
 majorVersion="7"
 minorVersion="4"
 modelPersistenceProviderPackage="NeoPersistenceProviderPackage"
 revision="0"
 schemaVersion="940">
    <MediaEntities>
        <MediaEntity
         description="Enabled small trash {PTC.Factory.TrashEnabledIcon_Small}"
         documentationContent=""
         homeMashup=""
         lastModifiedDate="2017-04-04T15:43:32.045-04:00"
         name="PTC.Factory.TrashEnabledIcon_Small"
         projectName="PTC.SCA.SCO.Common"
         tags="PTC:sca-sco-common;PTC:sca-common;PTC:MediaEntity">
            <avatar></avatar>
            <DesignTimePermissions>
                <Create></Create>
                <Read></Read>
                <Update></Update>
                <Delete></Delete>
                <Metadata></Metadata>
            </DesignTimePermissions>
            <RunTimePermissions></RunTimePermissions>
            <VisibilityPermissions>
                <Visibility>
                    <Principal
                     isPermitted="true"
                     name="PTC.Factory.MachineVisibility"
                     type="Organization"></Principal>
                </Visibility>
            </VisibilityPermissions>
            <ConfigurationTables></ConfigurationTables>
            <content>
            <![CDATA[
            iVBORw0KGgoAAAANSUhEUgAAAAsAAAAMCAYAAAC0qUeeAAAAzklEQVR42mNgQAIqSZN6lRMnfVNJ
            nPRTOWnyV5WkKa0M2IBa0jQloOJXKrlL+LQbVrHpZk4TVEmc/EYtY7o0smmfVJIm/1JOnPwHiP+B
            2DAM4oPEoeyXDA4N+1lAgiAaG9YrWcQNlP8eumoVM9h0kGKILVOK/v//zwinEycXquRuYwcphjsF
            pLih4T8TyEqQaSBrjdNmsoI8OpgVg+nkySUgj8HppEnFGIpBYa2eNJcXZDo6VkmcJwrU9AKuWDVp
            ci1Qww9oxKDj7yAbQOoALgq/+Y1ricYAAAAASUVORK5CYII=
            ]]>
            </content>
        </MediaEntity>
    </MediaEntities>
</Entities>
