<?xml version="1.0" encoding="UTF-8"?>
<Entities
 build="b5"
 majorVersion="8"
 minorVersion="1"
 modelPersistenceProviderPackage="PostgresPersistenceProviderPackage"
 revision="0"
 schemaVersion="1010">
    <MediaEntities>
        <MediaEntity
         aspect.isEditableExtensionObject="true"
         aspect.isExtension="true"
         description=""
         documentationContent=""
         homeMashup=""
         lastModifiedDate="2017-10-02T14:36:54.717Z"
         name="PTC.SCA.SCO.RightArrowHover"
         projectName="PTC.SCA.SCO.Common"
         tags="PTC:sca-sco-common;">
            <avatar></avatar>
            <DesignTimePermissions>
                <Create></Create>
                <Read></Read>
                <Update></Update>
                <Delete></Delete>
                <Metadata></Metadata>
            </DesignTimePermissions>
            <RunTimePermissions></RunTimePermissions>
            <VisibilityPermissions>
                <Visibility>
                    <Principal
                     isPermitted="true"
                     name="PTC.Factory.MachineVisibility:AssetPerformance"
                     type="OrganizationalUnit"></Principal>
                </Visibility>
            </VisibilityPermissions>
            <ConfigurationTables>
                <ConfigurationTable
                 description="List of authorization server scopes"
                 isMultiRow="true"
                 name="AuthorizationServerScopesSettings"
                 ordinal="1">
                    <DataShape>
                        <FieldDefinitions>
                            <FieldDefinition
                             baseType="STRING"
                             description="A single scope for the authorization server."
                             name="scope"
                             ordinal="0"></FieldDefinition>
                        </FieldDefinitions>
                    </DataShape>
                    <Rows></Rows>
                </ConfigurationTable>
                <ConfigurationTable
                 description="Content Source Connection information"
                 isMultiRow="false"
                 name="ContentSourceConnectionInformation"
                 ordinal="0">
                    <DataShape>
                        <FieldDefinitions>
                            <FieldDefinition
                             aspect.defaultValue="none"
                             aspect.friendlyName="AuthenticationType"
                             aspect.selectOptions="none:none|basic:basic|SSO:SSO"
                             baseType="STRING"
                             description="Authentication type"
                             name="authenticationType"
                             ordinal="4"></FieldDefinition>
                            <FieldDefinition
                             aspect.friendlyName="AuthorizationServerID"
                             baseType="STRING"
                             description="Authorization Server ID"
                             name="authorizationServerId"
                             ordinal="7"></FieldDefinition>
                            <FieldDefinition
                             aspect.friendlyName="Dynamic Content"
                             baseType="BOOLEAN"
                             description="Display dynamic content from external URL"
                             name="dynamicContent"
                             ordinal="0"></FieldDefinition>
                            <FieldDefinition
                             aspect.friendlyName="Ignore SSL Errors"
                             baseType="BOOLEAN"
                             description="Ignore SSL errors"
                             name="ignoreSSLErrors"
                             ordinal="2"></FieldDefinition>
                            <FieldDefinition
                             aspect.friendlyName="AuthPassword"
                             baseType="PASSWORD"
                             description="Password for basic authentication"
                             name="password"
                             ordinal="6"></FieldDefinition>
                            <FieldDefinition
                             aspect.defaultValue="60.0"
                             aspect.friendlyName="Timeout"
                             baseType="NUMBER"
                             description="Timeout"
                             name="timeout"
                             ordinal="3"></FieldDefinition>
                            <FieldDefinition
                             aspect.friendlyName="URL"
                             baseType="STRING"
                             description="The URL to the content source"
                             name="url"
                             ordinal="1"></FieldDefinition>
                            <FieldDefinition
                             aspect.friendlyName="AuthUsername"
                             baseType="STRING"
                             description="Username for basic authentication"
                             name="userId"
                             ordinal="5"></FieldDefinition>
                        </FieldDefinitions>
                    </DataShape>
                    <Rows>
                        <Row>
                            <authenticationType>
                            <![CDATA[
                            none
                            ]]>
                            </authenticationType>
                            <authorizationServerId></authorizationServerId>
                            <dynamicContent>false</dynamicContent>
                            <ignoreSSLErrors>false</ignoreSSLErrors>
                            <password></password>
                            <timeout>60.0</timeout>
                            <url></url>
                            <userId></userId>
                        </Row>
                    </Rows>
                </ConfigurationTable>
            </ConfigurationTables>
            <content>
            <![CDATA[
            iVBORw0KGgoAAAANSUhEUgAAAB4AAAAeCAYAAAA7MK6iAAABhElEQVR42sWXzUrEMBDHoycfyrfw
            SdqC50Xbk75DggcpuHc/YeIH6ElXL7oXV73tQQUrrLeYCdput9V8lgZCS5vJr5OZ/DMlxKANhFhO
            dmA1YbAdMQ4x42N5LbD/3AO+wzE4lvi2AYWVhPF1Ofk0oiBMOo5FG7R1gsbsbC2m/MUU2PgAaYtz
            GAOFEEsxg9QV2FwBSHFOPZRCHgpaeQ/5v/CI8iw0dN7zP2PaFbSCL8QcM9AnkWwSrpbtmP46o93z
            e3FwM6n1/OLBGo6sUhxM9unG3qV4LWZisZ3cPVsuN58qkUG1MTXalPC3Nvjtk53XkkmUDFoYKfhn
            E35sAUcmQZ21jRPC31vgRyNDuGQSJfIOGZoOEf7VgB+OJiZxHhN1yjhuj2x41QrHjNd4XHQC3r9+
            1O3nD8+lnllD55c6WHKZQMvkCrWdtHGteXy6FURAbKClgPhKpi20lEyfQwKfOR8SvR6LvRUCFTxc
            kWdc+vRa7P3CwxZ9PNNCey3oe/+F6fqn7Rtdl3h8BZnLjAAAAABJRU5ErkJggg==
            ]]>
            </content>
        </MediaEntity>
    </MediaEntities>
</Entities>
