<?xml version="1.0" encoding="UTF-8"?>
<Entities
 build="b50"
 majorVersion="7"
 minorVersion="3"
 modelPersistenceProviderPackage="NeoPersistenceProviderPackage"
 revision="0"
 schemaVersion="931">
    <MediaEntities>
        <MediaEntity
         aspect.isEditableExtensionObject="true"
         aspect.isExtension="true"
         description="White double dash {PTC.Factory.MetricsWidget.Trend.DoubleDash.White}"
         documentationContent=""
         homeMashup=""
         lastModifiedDate="2017-02-24T14:21:32.287-05:00"
         name="PTC.Factory.MetricsWidget.Trend.DoubleDash.White"
         projectName="PTC.SCA.SCO.Common"
         tags="PTC:sca-sco-common;PTC:sca-common;PTC:MediaEntity">
            <avatar></avatar>
            <DesignTimePermissions>
                <Create></Create>
                <Read></Read>
                <Update></Update>
                <Delete></Delete>
                <Metadata></Metadata>
            </DesignTimePermissions>
            <RunTimePermissions></RunTimePermissions>
            <VisibilityPermissions>
                <Visibility>
                    <Principal
                     isPermitted="true"
                     name="PTC.Factory.MachineVisibility"
                     type="Organization"></Principal>
                </Visibility>
            </VisibilityPermissions>
            <ConfigurationTables></ConfigurationTables>
            <content>
            <![CDATA[
            iVBORw0KGgoAAAANSUhEUgAAABAAAAADCAYAAACasY9UAAAAGXRFWHRTb2Z0d2FyZQBBZG9iZSBJ
            bWFnZVJlYWR5ccllPAAAABlJREFUeNpi+o8HMEABPjVMDBQCig0ACDAAblA3z+62hOIAAAAASUVO
            RK5CYII=
            ]]>
            </content>
        </MediaEntity>
    </MediaEntities>
</Entities>
