<?xml version="1.0" encoding="UTF-8"?>
<Entities
 build="b88"
 majorVersion="8"
 minorVersion="2"
 modelPersistenceProviderPackage="PostgresPersistenceProviderPackage"
 revision="0"
 schemaVersion="1020"
 universal="">
    <MediaEntities>
        <MediaEntity
         description=""
         documentationContent=""
         homeMashup=""
         lastModifiedDate="2018-01-14T15:50:37.714-05:00"
         name="PTC.SCA.SCO.Deselect"
         projectName="PTC.SCA.SCO.Common"
         tags="PTC:sca-sco-common;PTC:factory-mv">
            <avatar></avatar>
            <DesignTimePermissions>
                <Create></Create>
                <Read></Read>
                <Update></Update>
                <Delete></Delete>
                <Metadata></Metadata>
            </DesignTimePermissions>
            <RunTimePermissions></RunTimePermissions>
            <VisibilityPermissions>
                <Visibility>
                    <Principal
                     isPermitted="true"
                     name="PTC.Factory.MachineVisibility"
                     type="Organization"></Principal>
                </Visibility>
            </VisibilityPermissions>
            <ConfigurationTables>
                <ConfigurationTable
                 description="List of authorization server scopes"
                 isMultiRow="true"
                 name="AuthorizationServerScopesSettings"
                 ordinal="1">
                    <DataShape>
                        <FieldDefinitions>
                            <FieldDefinition
                             baseType="STRING"
                             description="A single scope for the authorization server."
                             name="scope"
                             ordinal="0"></FieldDefinition>
                        </FieldDefinitions>
                    </DataShape>
                    <Rows></Rows>
                </ConfigurationTable>
                <ConfigurationTable
                 description="Content Source Connection information"
                 isMultiRow="false"
                 name="ContentSourceConnectionInformation"
                 ordinal="0">
                    <DataShape>
                        <FieldDefinitions>
                            <FieldDefinition
                             aspect.defaultValue="none"
                             aspect.friendlyName="AuthenticationType"
                             aspect.selectOptions="none:none|basic:basic|SSO:SSO"
                             baseType="STRING"
                             description="Authentication type"
                             name="authenticationType"
                             ordinal="4"></FieldDefinition>
                            <FieldDefinition
                             aspect.friendlyName="AuthorizationServerID"
                             baseType="STRING"
                             description="Authorization Server ID"
                             name="authorizationServerId"
                             ordinal="7"></FieldDefinition>
                            <FieldDefinition
                             aspect.friendlyName="Dynamic Content"
                             baseType="BOOLEAN"
                             description="Display dynamic content from external URL"
                             name="dynamicContent"
                             ordinal="0"></FieldDefinition>
                            <FieldDefinition
                             aspect.friendlyName="Ignore SSL Errors"
                             baseType="BOOLEAN"
                             description="Ignore SSL errors"
                             name="ignoreSSLErrors"
                             ordinal="2"></FieldDefinition>
                            <FieldDefinition
                             aspect.friendlyName="AuthPassword"
                             baseType="PASSWORD"
                             description="Password for basic authentication"
                             name="password"
                             ordinal="6"></FieldDefinition>
                            <FieldDefinition
                             aspect.defaultValue="60.0"
                             aspect.friendlyName="Timeout"
                             baseType="NUMBER"
                             description="Timeout"
                             name="timeout"
                             ordinal="3"></FieldDefinition>
                            <FieldDefinition
                             aspect.friendlyName="URL"
                             baseType="STRING"
                             description="The URL to the content source"
                             name="url"
                             ordinal="1"></FieldDefinition>
                            <FieldDefinition
                             aspect.friendlyName="AuthUsername"
                             baseType="STRING"
                             description="Username for basic authentication"
                             name="userId"
                             ordinal="5"></FieldDefinition>
                        </FieldDefinitions>
                    </DataShape>
                    <Rows>
                        <Row>
                            <authenticationType>
                            <![CDATA[
                            none
                            ]]>
                            </authenticationType>
                            <authorizationServerId></authorizationServerId>
                            <dynamicContent>false</dynamicContent>
                            <ignoreSSLErrors>false</ignoreSSLErrors>
                            <password></password>
                            <timeout>60.0</timeout>
                            <url></url>
                            <userId></userId>
                        </Row>
                    </Rows>
                </ConfigurationTable>
            </ConfigurationTables>
            <content>
            <![CDATA[
            iVBORw0KGgoAAAANSUhEUgAAABsAAAAaCAYAAABGiCfwAAABQElEQVR42r1WbRHDIAythEro3Qwg
            oRIqoXNQCZXQmwIkIKESJgEJOGDQIyzL8RFuV368H2PkPUheUgZr7VDC4/maHDaH08EmoB2kw1Lj
            KomMgYSSmyD8zggvTWI+IJACiSdf/QESe4XDQfar1N6U0IqC/OnnWnpQJnYSO2bFiJDkiGRualKC
            1AjmH6GM4JESA7edJBCcWIOvm0BxM8rSHMXIHxMKODJ2z8GQeIkvQBcluZUO61s4UAnQChspTbwE
            LEJ+BRG7NjLrBE7cybqCQ0Axr4ZMEPyIQW2Qc6/+q4iBwxWu18kQw01ucdoKYpEf/9gZYisxhKyl
            EfHoVjFBxlJs2lYxThrxZDCYnJvGFoPAxB9DnGbU7GuQrtavNLW5o6n7jSvGIFaMQSxZg7j7J6br
            x7P7s6D7g6f7U+6uR+oH+m5s+A9ChygAAAAASUVORK5CYII=
            ]]>
            </content>
        </MediaEntity>
    </MediaEntities>
</Entities>
