<?xml version="1.0" encoding="UTF-8"?>
<Entities
 build="b50"
 majorVersion="7"
 minorVersion="3"
 modelPersistenceProviderPackage="NeoPersistenceProviderPackage"
 revision="0"
 schemaVersion="931">
    <MediaEntities>
        <MediaEntity
         aspect.isEditableExtensionObject="true"
         aspect.isExtension="true"
         description="White up arrow {PTC.Factory.MetricsWidget.Trend.Up.White}"
         documentationContent=""
         homeMashup=""
         lastModifiedDate="2017-02-24T14:03:04.198-05:00"
         name="PTC.Factory.MetricsWidget.Trend.Up.White"
         projectName="PTC.SCA.SCO.Common"
         tags="PTC:sca-sco-common;PTC:sca-common;PTC:MediaEntity">
            <avatar></avatar>
            <DesignTimePermissions>
                <Create></Create>
                <Read></Read>
                <Update></Update>
                <Delete></Delete>
                <Metadata></Metadata>
            </DesignTimePermissions>
            <RunTimePermissions></RunTimePermissions>
            <VisibilityPermissions>
                <Visibility>
                    <Principal
                     isPermitted="true"
                     name="PTC.Factory.MachineVisibility"
                     type="Organization"></Principal>
                </Visibility>
            </VisibilityPermissions>
            <ConfigurationTables></ConfigurationTables>
            <content>
            <![CDATA[
            iVBORw0KGgoAAAANSUhEUgAAABAAAAAQCAYAAAAf8/9hAAAAAXNSR0IArs4c6QAAAMhJREFUOBHd
            kEEKg0AMRR0P5W1cCi0ILUhbcNELdCF4gp7EnqubTn800Y9mhG47EJO8+f8zmGU7J8Z4l9qRpK9g
            bFF22rTSuYHrZk7qV0e6RTA0ZFqPzdZBBOrz2uHsJ7IsI4S1I06henFiguroKN/EeDZ8GEOwVaiP
            Ue0P9BcxmYXxEU+VI6VAhTFt+nQhhAvtMkZlHXHxFPL8HPXU6N4E2Adl0gbivXLxyAPGfyAhpYmU
            uQF6V85mNvEMQTKAddMTmPw4/0HAF0btb25aqeLjAAAAAElFTkSuQmCC
            ]]>
            </content>
        </MediaEntity>
    </MediaEntities>
</Entities>
