<?xml version="1.0" encoding="UTF-8"?>
<Entities
 build="b3226"
 majorVersion="0"
 minorVersion="0"
 modelPersistenceProviderPackage="NeoPersistenceProviderPackage"
 revision="0"
 schemaVersion="1000">
    <MediaEntities>
        <MediaEntity
         aspect.isEditableExtensionObject="true"
         aspect.isExtension="true"
         description=""
         documentationContent=""
         homeMashup=""
         lastModifiedDate="2017-06-01T01:50:04.651-04:00"
         name="PTC.SCA.SCO.ToggleSlider.Disabled"
         projectName="PTC.SCA.SCO.Common"
         tags="PTC:sca-sco-common;PTC:factory-mv">
            <avatar></avatar>
            <DesignTimePermissions>
                <Create></Create>
                <Read></Read>
                <Update></Update>
                <Delete></Delete>
                <Metadata></Metadata>
            </DesignTimePermissions>
            <RunTimePermissions></RunTimePermissions>
            <VisibilityPermissions>
                <Visibility>
                    <Principal
                     isPermitted="true"
                     name="PTC.Factory.MachineVisibility"
                     type="Organization"></Principal>
                </Visibility>
            </VisibilityPermissions>
            <ConfigurationTables>
                <ConfigurationTable
                 description="List of authorization server scopes"
                 isMultiRow="true"
                 name="AuthorizationServerScopesSettings"
                 ordinal="1">
                    <DataShape>
                        <FieldDefinitions>
                            <FieldDefinition
                             baseType="STRING"
                             description="A single scope for the authorization server."
                             name="scope"
                             ordinal="0"></FieldDefinition>
                        </FieldDefinitions>
                    </DataShape>
                    <Rows></Rows>
                </ConfigurationTable>
                <ConfigurationTable
                 description="Content Source Connection information"
                 isMultiRow="false"
                 name="ContentSourceConnectionInformation"
                 ordinal="0">
                    <DataShape>
                        <FieldDefinitions>
                            <FieldDefinition
                             aspect.defaultValue="none"
                             aspect.friendlyName="AuthenticationType"
                             aspect.selectOptions="none:none|basic:basic|SSO:SSO"
                             baseType="STRING"
                             description="Authentication type"
                             name="authenticationType"
                             ordinal="4"></FieldDefinition>
                            <FieldDefinition
                             aspect.friendlyName="AuthorizationServerID"
                             baseType="STRING"
                             description="Authorization Server ID"
                             name="authorizationServerId"
                             ordinal="7"></FieldDefinition>
                            <FieldDefinition
                             aspect.friendlyName="Dynamic Content"
                             baseType="BOOLEAN"
                             description="Display dynamic content from external URL"
                             name="dynamicContent"
                             ordinal="0"></FieldDefinition>
                            <FieldDefinition
                             aspect.friendlyName="Ignore SSL Errors"
                             baseType="BOOLEAN"
                             description="Ignore SSL errors"
                             name="ignoreSSLErrors"
                             ordinal="2"></FieldDefinition>
                            <FieldDefinition
                             aspect.friendlyName="AuthPassword"
                             baseType="PASSWORD"
                             description="Password for basic authentication"
                             name="password"
                             ordinal="6"></FieldDefinition>
                            <FieldDefinition
                             aspect.defaultValue="60.0"
                             aspect.friendlyName="Timeout"
                             baseType="NUMBER"
                             description="Timeout"
                             name="timeout"
                             ordinal="3"></FieldDefinition>
                            <FieldDefinition
                             aspect.friendlyName="URL"
                             baseType="STRING"
                             description="The URL to the content source"
                             name="url"
                             ordinal="1"></FieldDefinition>
                            <FieldDefinition
                             aspect.friendlyName="AuthUsername"
                             baseType="STRING"
                             description="Username for basic authentication"
                             name="userId"
                             ordinal="5"></FieldDefinition>
                        </FieldDefinitions>
                    </DataShape>
                    <Rows>
                        <Row>
                            <ignoreSSLErrors>false</ignoreSSLErrors>
                            <dynamicContent>false</dynamicContent>
                            <password></password>
                            <authorizationServerId></authorizationServerId>
                            <authenticationType>
                            <![CDATA[
                            none
                            ]]>
                            </authenticationType>
                            <userId></userId>
                            <url></url>
                            <timeout>60.0</timeout>
                        </Row>
                    </Rows>
                </ConfigurationTable>
            </ConfigurationTables>
            <content>
            <![CDATA[
            iVBORw0KGgoAAAANSUhEUgAAACgAAAASCAYAAAApH5ymAAABF0lEQVR42tVWQQ6CMBCs8eYbfIY/
            0E/oF/SikYtXPfoTfYGe/YIHKBw4EA8kHk1DbJ0llEQElcRN6iaTEti2w253O0LUmJRyGQTB2fd9
            BWjA/BpY/w5cgBOwAvrik4VhOILjlYPQF4RvGDfGmG4tuSiKpvRX5IwI6jRNjVLKaK1z0DO9gw83
            2WOSJL1q5IaWXBzHJssy02T0jXyYoqiLcY+tOiVBm1ba+FvjJglMyoKwaX0XubpIcqYba0sbParW
            /Hy1NZrDeR5x9AaiaCV5EbQ1msNc2Qth+xxValujOcwEt39B0OUUz90vErQXz+k242qjRvTGVZHg
            0lW3e7rqCrEwc0EsYP3Di1hwSG6tG+VWRbB6rgjWB0OSeCcDIhlyAAAAAElFTkSuQmCC
            ]]>
            </content>
        </MediaEntity>
    </MediaEntities>
</Entities>
