<?xml version="1.0" encoding="UTF-8"?>
<Entities
 build="b18"
 majorVersion="8"
 minorVersion="0"
 modelPersistenceProviderPackage="NeoPersistenceProviderPackage"
 revision="1"
 schemaVersion="1000">
    <StyleDefinitions>
        <StyleDefinition
         description="Default sort descending style {PTC.SCA.SCO.SortDescendingStyle}"
         documentationContent=""
         homeMashup=""
         lastModifiedDate="2017-06-16T12:13:31.586-04:00"
         name="PTC.SCA.SCO.SortDescendingStyle"
         projectName="PTC.SCA.SCO.Common"
         tags="PTC:sca-sco-common;PTC:sca-common;PTC:StyleDefinition">
            <avatar></avatar>
            <DesignTimePermissions>
                <Create></Create>
                <Read></Read>
                <Update></Update>
                <Delete></Delete>
                <Metadata></Metadata>
            </DesignTimePermissions>
            <RunTimePermissions></RunTimePermissions>
            <VisibilityPermissions>
                <Visibility>
                    <Principal
                     isPermitted="true"
                     name="PTC.Factory.MachineVisibility"
                     type="Organization"></Principal>
                </Visibility>
            </VisibilityPermissions>
            <ConfigurationTables></ConfigurationTables>
            <content>
            <![CDATA[
            {"image":"PTC.SCA.SCO.GridSortDescendingGreyArrow","backgroundColor":"","textSize":"normal","lineStyle":"solid","displayString":"","fontEmphasisUnderline":false,"fontEmphasisItalic":false,"lineThickness":1,"foregroundColor":"","lineColor":"","fontEmphasisBold":false,"secondaryBackgroundColor":""}
            ]]>
            </content>
        </StyleDefinition>
    </StyleDefinitions>
</Entities>
