<?xml version="1.0" encoding="utf-8"?><Entities><ExtensionPackages><ExtensionPackage name="AppHomePage-customization-8.5.1-01-extension" description="AppHomePage Extension Customization" vendor="PTC" packageVersion="8.5.1" buildNumber="01" minimumThingWorxVersion="8.1.0" dependsOn="AppHomePage-extension:8.5.1" licensed="true" licenseName="twx_mfg_common" namedLicensedGroup="twx_mfg_common_named"><Licensed><Entity name="PTC.SCA.SCO.C_ConfigurationAndSetupMashup_8.5.1_01"></Entity></Licensed><JarResources><FileResource file="sco-AppHomePage-customization-extension.jar" type="JAR"></FileResource></JarResources></ExtensionPackage></ExtensionPackages></Entities>