<?xml version="1.0" encoding="utf-8"?><Entities><ExtensionPackages><ExtensionPackage name="mathcadconnector-extension" description="ThingWorx Analytics Manager connector for Mathcad Prime" vendor="ThingWorx, a PTC Business" packageVersion="8.5.2" buildNumber="b1080" minimumThingWorxVersion="8.4.0" dependsOn="analysisprovider-extension"><JarResources><FileResource file="mathcadconnector-8.5.2-b1080.jar" type="JAR"></FileResource></JarResources></ExtensionPackage></ExtensionPackages>
	<ModelTags>
		<ModelTagVocabulary isDynamic="true" documentationContent="" lastModifiedDate="2015-08-12T15:12:44.327+05:30" name="Application" description="" homeMashup="" tags="TW:AnalysisServices">
			<VocabularyTerm name="Mathcad" description="Tag for all items created by Mathcad Client"></VocabularyTerm>
		 <DesignTimePermissions>
                <Create></Create>
                <Read>
                    <Principal isPermitted="true" name="TW.AnalyticsManager.Admin" type="Group"></Principal>
                </Read>
                <Update>
                    <Principal isPermitted="false" name="TW.AnalyticsManager.Admin" type="Group"></Principal>
                </Update>
                <Delete>
                    <Principal isPermitted="false" name="TW.AnalyticsManager.Admin" type="Group"></Principal>
                </Delete>
                <Metadata></Metadata>
            </DesignTimePermissions>
            <VisibilityPermissions>
                <Visibility>
                    <Principal isPermitted="true" name="TW.AnalyticsManager.AnalyticsManagerOrgUnit" type="Organization"></Principal>
                </Visibility>
            </VisibilityPermissions>
        </ModelTagVocabulary>
        <ModelTagVocabulary isDynamic="true" documentationContent="" lastModifiedDate="2015-08-12T15:12:44.327+05:30" name="TW" description="" homeMashup="" tags="TW:AnalysisServices">
            <VocabularyTerm name="Mathcad" description=""></VocabularyTerm>
         <DesignTimePermissions>
                <Create></Create>
                <Read>
                    <Principal isPermitted="true" name="TW.AnalyticsManager.Admin" type="Group"></Principal>
                </Read>
                <Update>
                    <Principal isPermitted="false" name="TW.AnalyticsManager.Admin" type="Group"></Principal>
                </Update>
                <Delete>
                    <Principal isPermitted="false" name="TW.AnalyticsManager.Admin" type="Group"></Principal>
                </Delete>
                <Metadata></Metadata>
            </DesignTimePermissions>
            <VisibilityPermissions>
                <Visibility>
                    <Principal isPermitted="true" name="TW.AnalyticsManager.AnalyticsManagerOrgUnit" type="Organization"></Principal>
                </Visibility>
            </VisibilityPermissions>
        </ModelTagVocabulary>
	
	</ModelTags>

	<Things>
        <Thing identifier="" lastModifiedDate="2015-08-26T11:38:46.700+05:30" valueStream="" description="" homeMashup="" published="false" thingTemplate="TW.AnalysisServices.SDKConnectorTemplate" enabled="true" tags="TW:Mathcad;TW:AnalysisServices;Applications:MathcadPrime" documentationContent=" " effectiveThingPackage="TW.AnalysisServices.SDKConnectorPackage" aspect.isEditableExtensionObject="false" name="TW.AnalysisServices.Mathcad.MathcadConnector">
			<DesignTimePermissions>
				<Create></Create>
				<Read>
					<Principal isPermitted="true" name="TW.AnalyticsManager.Admin" type="Group"></Principal>
				</Read>
				<Update>
					<Principal isPermitted="false" name="TW.AnalyticsManager.Admin" type="Group"></Principal>
				</Update>
				<Delete>
					<Principal isPermitted="false" name="TW.AnalyticsManager.Admin" type="Group"></Principal>
				</Delete>
				<Metadata></Metadata>
			</DesignTimePermissions>
			<RunTimePermissions>
				<Permissions resourceName="*">
					<PropertyRead>
						<Principal isPermitted="true" name="TW.AnalyticsManager.Admin" type="Group"></Principal>
					</PropertyRead>
					<PropertyWrite>
						<Principal isPermitted="true" name="TW.AnalyticsManager.Admin" type="Group"></Principal>
					</PropertyWrite>
					<ServiceInvoke>
						<Principal isPermitted="true" name="TW.AnalyticsManager.Admin" type="Group"></Principal>
					</ServiceInvoke>
					<EventInvoke>
						<Principal isPermitted="true" name="TW.AnalyticsManager.Admin" type="Group"></Principal>
					</EventInvoke>
					<EventSubscribe>
						<Principal isPermitted="true" name="TW.AnalyticsManager.Admin" type="Group"></Principal>
					</EventSubscribe>
				</Permissions>
			</RunTimePermissions>
			<VisibilityPermissions>
				<Visibility>
					<Principal isPermitted="true" name="TW.AnalyticsManager.AnalyticsManagerOrgUnit" type="Organization"></Principal>
				</Visibility>
			</VisibilityPermissions>            
            <ConfigurationTables>
                <ConfigurationTable isMultiRow="false" name="Router Configuration" description="Router Configuration" ordinal="1">
                    <DataShape>
                        <FieldDefinitions>
                            <FieldDefinition aspect.defaultValue="TW.AnalysisServices.RouterTemplate" name="routerTemplate" description="The router template name" aspect.friendlyName="routerTemplate" baseType="THINGTEMPLATENAME" ordinal="0"></FieldDefinition>
                        </FieldDefinitions>
                    </DataShape>
                    <Rows>
                        <Row>
                            <routerTemplate>TW.AnalysisServices.RouterTemplate</routerTemplate>
                        </Row>
                    </Rows>
                </ConfigurationTable>
            </ConfigurationTables>
            <ThingShape>
                <PropertyDefinitions></PropertyDefinitions>
                <ServiceDefinitions>
                </ServiceDefinitions>
                <EventDefinitions></EventDefinitions>
                <ServiceMappings></ServiceMappings>
                <ServiceImplementations>
                </ServiceImplementations>
                <Subscriptions></Subscriptions>
            </ThingShape>
            <PropertyBindings></PropertyBindings>
            <RemotePropertyBindings></RemotePropertyBindings>
            <RemoteServiceBindings></RemoteServiceBindings>
            <RemoteEventBindings></RemoteEventBindings>
            <AlertConfigurations></AlertConfigurations>
            <ThingProperties></ThingProperties>
            <ConfigurationChanges></ConfigurationChanges>
        </Thing>
    
	</Things>
</Entities>