<Entities>
	<ExtensionPackages>
		<ExtensionPackage name="labelchart_ExtensionPackage"
						  description="Label Chart Widget PSPT-5438"
						  vendor="ThingWorx Customer Service"
						  packageVersion="1.0.0" 
						  minimumThingWorxVersion="4.0.0"> 
		</ExtensionPackage>
	</ExtensionPackages>
	<Widgets>
		<Widget name="labelchart">
			<UIResources>
				<FileResource type="JS" file="labelchart.ide.js" description="" isDevelopment="true" isRuntime="false" />
				<FileResource type="CSS" file="labelchart.ide.css" description="" isDevelopment="true" isRuntime="false" />
				<FileResource type="JS" file="labelchart.runtime.js" description="" isDevelopment="false" isRuntime="true" />
				<FileResource type="CSS" file="labelchart.runtime.css" description="" isDevelopment="false" isRuntime="true" />
			</UIResources>
		</Widget>
	</Widgets>
</Entities>