<?xml version="1.0" encoding="utf-8"?><Entities><ExtensionPackages><ExtensionPackage name="KEPServerMonitor-extension" description="KEPServer Monitoring Extension" vendor="PTC" packageVersion="8.5.1" buildNumber="01" minimumThingWorxVersion="8.1.0" dependsOn="AppHomePage-extension:8.5.1,UserManagement-extension:8.5.1" licensed="true" licenseName="twx_mfg_common" namedLicensedGroup="twx_mfg_common_named"><Licensed><Entity name="PTC.Factory.KEPServerEX.ListServers"></Entity></Licensed><JarResources><FileResource file="mfg-KEPServerMonitor-extension.jar" type="JAR"></FileResource></JarResources></ExtensionPackage></ExtensionPackages></Entities>