<?xml version="1.0" encoding="UTF-8"?>
<Entities>
    <LocalizationTables>
        <LocalizationTable
         description="zh-CN localization table"
         homeMashup=""
         name="zh-CN"
         tags="PTC:OA">
            <avatar></avatar>
            <DesignTimePermissions>
                <Create></Create>
                <Read></Read>
                <Update></Update>
                <Delete></Delete>
                <Metadata></Metadata>
            </DesignTimePermissions>
            <RunTimePermissions></RunTimePermissions>
            <VisibilityPermissions></VisibilityPermissions>
            <ConfigurationTables>
                <ConfigurationTable
                 description="Localization Tokens"
                 isMultiRow="true"
                 name="LocalizationTokens"
                 ordinal="0">
                    <DataShape>
                        <FieldDefinitions>
                            <FieldDefinition
                             aspect.friendlyName="Translation context"
                             baseType="STRING"
                             description="Translation context"
                             name="context"
                             ordinal="3"></FieldDefinition>
                            <FieldDefinition
                             aspect.friendlyName="Token name"
                             baseType="STRING"
                             description="Token name"
                             name="name"
                             ordinal="0"></FieldDefinition>
                            <FieldDefinition
                             aspect.friendlyName="Token usage"
                             baseType="STRING"
                             description="Token usage"
                             name="usage"
                             ordinal="2"></FieldDefinition>
                            <FieldDefinition
                             aspect.friendlyName="Localized value"
                             baseType="STRING"
                             description="Localized value"
                             name="value"
                             ordinal="1"></FieldDefinition>
                        </FieldDefinitions>
                    </DataShape>
                    <Rows>
                        <Row>
                            <name>
                            <![CDATA[
                            PTC.SCA.SCO.PriorityLabel
                            ]]>
                            </name>
                            <value>
                            <![CDATA[
                            优先级:
                            ]]>
                            </value>
                        </Row>
                        <Row>
                            <name>
                            <![CDATA[
                            PTC.SCA.SCO.TypeLabel
                            ]]>
                            </name>
                            <value>
                            <![CDATA[
                            类型:
                            ]]>
                            </value>
                        </Row>
                        <Row>
                            <name>
                            <![CDATA[
                            PTC.SCA.SCO.LocationLabel
                            ]]>
                            </name>
                            <value>
                            <![CDATA[
                            位置:
                            ]]>
                            </value>
                        </Row>
                        <Row>
                            <name>
                            <![CDATA[
                            PTC.SCA.SCO.StatusLabel
                            ]]>
                            </name>
                            <value>
                            <![CDATA[
                            状况:
                            ]]>
                            </value>
                        </Row>
                        <Row>
                            <name>
                            <![CDATA[
                            PTC.SCA.SCO.CategoryLabel
                            ]]>
                            </name>
                            <value>
                            <![CDATA[
                            类别:
                            ]]>
                            </value>
                        </Row>
                        <Row>
                            <name>
                            <![CDATA[
                            PTC.SCA.SCO.StartLabel
                            ]]>
                            </name>
                            <value>
                            <![CDATA[
                            开始
                            ]]>
                            </value>
                        </Row>
                        <Row>
                            <name>
                            <![CDATA[
                            PTC.SCA.SCO.FilteredBy
                            ]]>
                            </name>
                            <value>
                            <![CDATA[
                            筛选条件:
                            ]]>
                            </value>
                        </Row>
                        <Row>
                            <name>
                            <![CDATA[
                            PTC.SCA.SCO.SortedBy
                            ]]>
                            </name>
                            <value>
                            <![CDATA[
                            排序条件:
                            ]]>
                            </value>
                        </Row>
                        <Row>
                            <name>
                            <![CDATA[
                            PTC.SCA.SCO.Like
                            ]]>
                            </name>
                            <value>
                            <![CDATA[
                            类似
                            ]]>
                            </value>
                        </Row>
                        <Row>
                            <name>
                            <![CDATA[
                            PTC.SCA.SCO.ListOfJobOrders
                            ]]>
                            </name>
                            <value>
                            <![CDATA[
                            工单列表
                            ]]>
                            </value>
                        </Row>
                        <Row>
                            <name>
                            <![CDATA[
                            PTC.SCA.SCO.WD.Info.Tab.Name.1
                            ]]>
                            </name>
                            <value>
                            <![CDATA[
                            图像
                            ]]>
                            </value>
                        </Row>
                        <Row>
                            <name>
                            <![CDATA[
                            PTC.SCA.SCO.WD.Info.Tab.Name.2
                            ]]>
                            </name>
                            <value>
                            <![CDATA[
                            视频
                            ]]>
                            </value>
                        </Row>
                        <Row>
                            <name>
                            <![CDATA[
                            PTC.SCA.SCO.WD.Info.Tab.Name.3
                            ]]>
                            </name>
                            <value>
                            <![CDATA[
                            CAD
                            ]]>
                            </value>
                        </Row>
                        <Row>
                            <name>
                            <![CDATA[
                            PTC.SCA.SCO.ID
                            ]]>
                            </name>
                            <value>
                            <![CDATA[
                            编号
                            ]]>
                            </value>
                        </Row>
                        <Row>
                            <name>
                            <![CDATA[
                            PTC.SCA.SCO.Description
                            ]]>
                            </name>
                            <value>
                            <![CDATA[
                            类型
                            ]]>
                            </value>
                        </Row>
                        <Row>
                            <name>
                            <![CDATA[
                            PTC.SCA.SCO.WorkType
                            ]]>
                            </name>
                            <value>
                            <![CDATA[
                            类别
                            ]]>
                            </value>
                        </Row>
                        <Row>
                            <name>
                            <![CDATA[
                            PTC.SCA.SCO.StartTime
                            ]]>
                            </name>
                            <value>
                            <![CDATA[
                            计划开始时间
                            ]]>
                            </value>
                        </Row>
                        <Row>
                            <name>
                            <![CDATA[
                            PTC.SCA.SCO.EndTime
                            ]]>
                            </name>
                            <value>
                            <![CDATA[
                            计划结束时间
                            ]]>
                            </value>
                        </Row>
                        <Row>
                            <name>
                            <![CDATA[
                            PTC.SCA.SCO.StartTimeLabel
                            ]]>
                            </name>
                            <value>
                            <![CDATA[
                            开始时间:
                            ]]>
                            </value>
                        </Row>
                        <Row>
                            <name>
                            <![CDATA[
                            PTC.SCA.SCO.PlannedStartTimeLabel
                            ]]>
                            </name>
                            <value>
                            <![CDATA[
                            计划开始时间:
                            ]]>
                            </value>
                        </Row>
                        <Row>
                            <name>
                            <![CDATA[
                            PTC.SCA.SCO.PlannedEndTimeLabel
                            ]]>
                            </name>
                            <value>
                            <![CDATA[
                            计划结束时间:
                            ]]>
                            </value>
                        </Row>
                        <Row>
                            <name>
                            <![CDATA[
                            PTC.SCA.SCO.EndTimeLabel
                            ]]>
                            </name>
                            <value>
                            <![CDATA[
                            结束时间:
                            ]]>
                            </value>
                        </Row>
                        <Row>
                            <name>
                            <![CDATA[
                            PTC.SCA.SCO.Priority
                            ]]>
                            </name>
                            <value>
                            <![CDATA[
                            优先级
                            ]]>
                            </value>
                        </Row>
                        <Row>
                            <name>
                            <![CDATA[
                            PTC.SCA.SCO.HierarchyScope
                            ]]>
                            </name>
                            <value>
                            <![CDATA[
                            位置
                            ]]>
                            </value>
                        </Row>
                        <Row>
                            <name>
                            <![CDATA[
                            PTC.SCA.SCO.CommandNumber
                            ]]>
                            </name>
                            <value>
                            <![CDATA[
                            命令编号
                            ]]>
                            </value>
                        </Row>
                        <Row>
                            <name>
                            <![CDATA[
                            PTC.SCA.SCO.DispatchStatus
                            ]]>
                            </name>
                            <value>
                            <![CDATA[
                            状况
                            ]]>
                            </value>
                        </Row>
                        <Row>
                            <name>
                            <![CDATA[
                            PTC.SCA.SCO.CommandRule
                            ]]>
                            </name>
                            <value>
                            <![CDATA[
                            命令规则
                            ]]>
                            </value>
                        </Row>
                        <Row>
                            <name>
                            <![CDATA[
                            PTC.SCA.SCO.PagingWidget.Previous
                            ]]>
                            </name>
                            <value>
                            <![CDATA[
                            上一页
                            ]]>
                            </value>
                        </Row>
                        <Row>
                            <name>
                            <![CDATA[
                            PTC.SCA.SCO.PagingWidget.Next
                            ]]>
                            </name>
                            <value>
                            <![CDATA[
                            下一页
                            ]]>
                            </value>
                        </Row>
                        <Row>
                            <name>
                            <![CDATA[
                            PTC.SCA.SCO.PagingWidget.Pages
                            ]]>
                            </name>
                            <value>
                            <![CDATA[
                            页面
                            ]]>
                            </value>
                        </Row>
                        <Row>
                            <name>
                            <![CDATA[
                            PTC.SCA.SCO.DispatchStatus1
                            ]]>
                            </name>
                            <value>
                            <![CDATA[
                            已分派
                            ]]>
                            </value>
                        </Row>
                        <Row>
                            <name>
                            <![CDATA[
                            PTC.SCA.SCO.DispatchStatus2
                            ]]>
                            </name>
                            <value>
                            <![CDATA[
                            待处理
                            ]]>
                            </value>
                        </Row>
                        <Row>
                            <name>
                            <![CDATA[
                            PTC.SCA.SCO.DispatchStatus3
                            ]]>
                            </name>
                            <value>
                            <![CDATA[
                            已暂停
                            ]]>
                            </value>
                        </Row>
                        <Row>
                            <name>
                            <![CDATA[
                            PTC.SCA.SCO.DispatchStatus4
                            ]]>
                            </name>
                            <value>
                            <![CDATA[
                            已取消
                            ]]>
                            </value>
                        </Row>
                        <Row>
                            <name>
                            <![CDATA[
                            PTC.SCA.SCO.DispatchStatus5
                            ]]>
                            </name>
                            <value>
                            <![CDATA[
                            已延迟
                            ]]>
                            </value>
                        </Row>
                        <Row>
                            <name>
                            <![CDATA[
                            PTC.SCA.SCO.DispatchStatus6
                            ]]>
                            </name>
                            <value>
                            <![CDATA[
                            已完成
                            ]]>
                            </value>
                        </Row>
                        <Row>
                            <name>
                            <![CDATA[
                            PTC.SCA.SCO.WorkType1
                            ]]>
                            </name>
                            <value>
                            <![CDATA[
                            生产
                            ]]>
                            </value>
                        </Row>
                        <Row>
                            <name>
                            <![CDATA[
                            PTC.SCA.SCO.WorkType2
                            ]]>
                            </name>
                            <value>
                            <![CDATA[
                            维护
                            ]]>
                            </value>
                        </Row>
                        <Row>
                            <name>
                            <![CDATA[
                            PTC.SCA.SCO.WorkType3
                            ]]>
                            </name>
                            <value>
                            <![CDATA[
                            质量
                            ]]>
                            </value>
                        </Row>
                        <Row>
                            <name>
                            <![CDATA[
                            PTC.SCA.SCO.WorkType4
                            ]]>
                            </name>
                            <value>
                            <![CDATA[
                            库存
                            ]]>
                            </value>
                        </Row>
                        <Row>
                            <name>
                            <![CDATA[
                            PTC.SCA.SCO.WorkType5
                            ]]>
                            </name>
                            <value>
                            <![CDATA[
                            混合
                            ]]>
                            </value>
                        </Row>
                        <Row>
                            <name>
                            <![CDATA[
                            PTC.SCA.SCO.Priority1
                            ]]>
                            </name>
                            <value>
                            <![CDATA[
                            非常高
                            ]]>
                            </value>
                        </Row>
                        <Row>
                            <name>
                            <![CDATA[
                            PTC.SCA.SCO.Priority2
                            ]]>
                            </name>
                            <value>
                            <![CDATA[
                            高
                            ]]>
                            </value>
                        </Row>
                        <Row>
                            <name>
                            <![CDATA[
                            PTC.SCA.SCO.Priority3
                            ]]>
                            </name>
                            <value>
                            <![CDATA[
                            中
                            ]]>
                            </value>
                        </Row>
                        <Row>
                            <name>
                            <![CDATA[
                            PTC.SCA.SCO.Priority4
                            ]]>
                            </name>
                            <value>
                            <![CDATA[
                            低
                            ]]>
                            </value>
                        </Row>
                        <Row>
                            <name>
                            <![CDATA[
                            PTC.SCA.SCO.ProductionOrderLabel
                            ]]>
                            </name>
                            <value>
                            <![CDATA[
                            生产订单:
                            ]]>
                            </value>
                        </Row>
                        <Row>
                            <name>
                            <![CDATA[
                            PTC.SCA.SCO.QuantityReqLabel
                            ]]>
                            </name>
                            <value>
                            <![CDATA[
                            所需数量:
                            ]]>
                            </value>
                        </Row>
                        <Row>
                            <name>
                            <![CDATA[
                            PTC.SCA.SCO.QuantityCompleteLabel
                            ]]>
                            </name>
                            <value>
                            <![CDATA[
                            完成数量:
                            ]]>
                            </value>
                        </Row>
                        <Row>
                            <name>
                            <![CDATA[
                            PTC.SCA.SCO.QuantityRemainingLabel
                            ]]>
                            </name>
                            <value>
                            <![CDATA[
                            剩余数量:
                            ]]>
                            </value>
                        </Row>
                        <Row>
                            <name>
                            <![CDATA[
                            PTC.SCA.SCO.ProductLabel
                            ]]>
                            </name>
                            <value>
                            <![CDATA[
                            产品:
                            ]]>
                            </value>
                        </Row>
                        <Row>
                            <name>
                            <![CDATA[
                            dateTimeFormat_Default
                            ]]>
                            </name>
                            <value>
                            <![CDATA[
                            YYYY-MM-dd HH:mm:ss
                            ]]>
                            </value>
                        </Row>
                        <Row>
                            <name>
                            <![CDATA[
                            PTC.SCA.SCO.PoweredByLabel
                            ]]>
                            </name>
                            <value>
                            <![CDATA[
                            基于
                            ]]>
                            </value>
                        </Row>
                    </Rows>
                </ConfigurationTable>
            </ConfigurationTables>
        </LocalizationTable>
    </LocalizationTables>
</Entities>
