<?xml version="1.0" encoding="UTF-8"?>
<Entities>
    <LocalizationTables>
        <LocalizationTable
         description="de localization table"
         homeMashup=""
         name="de"
         tags="PTC:OA">
            <avatar></avatar>
            <DesignTimePermissions>
                <Create></Create>
                <Read></Read>
                <Update></Update>
                <Delete></Delete>
                <Metadata></Metadata>
            </DesignTimePermissions>
            <RunTimePermissions></RunTimePermissions>
            <VisibilityPermissions></VisibilityPermissions>
            <ConfigurationTables>
                <ConfigurationTable
                 description="Localization Tokens"
                 isMultiRow="true"
                 name="LocalizationTokens"
                 ordinal="0">
                    <DataShape>
                        <FieldDefinitions>
                            <FieldDefinition
                             aspect.friendlyName="Translation context"
                             baseType="STRING"
                             description="Translation context"
                             name="context"
                             ordinal="3"></FieldDefinition>
                            <FieldDefinition
                             aspect.friendlyName="Token name"
                             baseType="STRING"
                             description="Token name"
                             name="name"
                             ordinal="0"></FieldDefinition>
                            <FieldDefinition
                             aspect.friendlyName="Token usage"
                             baseType="STRING"
                             description="Token usage"
                             name="usage"
                             ordinal="2"></FieldDefinition>
                            <FieldDefinition
                             aspect.friendlyName="Localized value"
                             baseType="STRING"
                             description="Localized value"
                             name="value"
                             ordinal="1"></FieldDefinition>
                        </FieldDefinitions>
                    </DataShape>
                    <Rows>
                        <Row>
                            <name>
                            <![CDATA[
                            PTC.SCA.SCO.PriorityLabel
                            ]]>
                            </name>
                            <value>
                            <![CDATA[
                            Priorität:
                            ]]>
                            </value>
                        </Row>
                        <Row>
                            <name>
                            <![CDATA[
                            PTC.SCA.SCO.TypeLabel
                            ]]>
                            </name>
                            <value>
                            <![CDATA[
                            Typ:
                            ]]>
                            </value>
                        </Row>
                        <Row>
                            <name>
                            <![CDATA[
                            PTC.SCA.SCO.LocationLabel
                            ]]>
                            </name>
                            <value>
                            <![CDATA[
                            Standort:
                            ]]>
                            </value>
                        </Row>
                        <Row>
                            <name>
                            <![CDATA[
                            PTC.SCA.SCO.StatusLabel
                            ]]>
                            </name>
                            <value>
                            <![CDATA[
                            Status:
                            ]]>
                            </value>
                        </Row>
                        <Row>
                            <name>
                            <![CDATA[
                            PTC.SCA.SCO.CategoryLabel
                            ]]>
                            </name>
                            <value>
                            <![CDATA[
                            Kategorie:
                            ]]>
                            </value>
                        </Row>
                        <Row>
                            <name>
                            <![CDATA[
                            PTC.SCA.SCO.StartLabel
                            ]]>
                            </name>
                            <value>
                            <![CDATA[
                            Starten
                            ]]>
                            </value>
                        </Row>
                        <Row>
                            <name>
                            <![CDATA[
                            PTC.SCA.SCO.FilteredBy
                            ]]>
                            </name>
                            <value>
                            <![CDATA[
                            Gefiltert nach:
                            ]]>
                            </value>
                        </Row>
                        <Row>
                            <name>
                            <![CDATA[
                            PTC.SCA.SCO.SortedBy
                            ]]>
                            </name>
                            <value>
                            <![CDATA[
                            Sortiert nach:
                            ]]>
                            </value>
                        </Row>
                        <Row>
                            <name>
                            <![CDATA[
                            PTC.SCA.SCO.Like
                            ]]>
                            </name>
                            <value>
                            <![CDATA[
                            Ähnlich
                            ]]>
                            </value>
                        </Row>
                        <Row>
                            <name>
                            <![CDATA[
                            PTC.SCA.SCO.ListOfJobOrders
                            ]]>
                            </name>
                            <value>
                            <![CDATA[
                            Liste der Arbeitsaufträge
                            ]]>
                            </value>
                        </Row>
                        <Row>
                            <name>
                            <![CDATA[
                            PTC.SCA.SCO.WD.Info.Tab.Name.1
                            ]]>
                            </name>
                            <value>
                            <![CDATA[
                            Bild
                            ]]>
                            </value>
                        </Row>
                        <Row>
                            <name>
                            <![CDATA[
                            PTC.SCA.SCO.WD.Info.Tab.Name.2
                            ]]>
                            </name>
                            <value>
                            <![CDATA[
                            Video
                            ]]>
                            </value>
                        </Row>
                        <Row>
                            <name>
                            <![CDATA[
                            PTC.SCA.SCO.WD.Info.Tab.Name.3
                            ]]>
                            </name>
                            <value>
                            <![CDATA[
                            CAD
                            ]]>
                            </value>
                        </Row>
                        <Row>
                            <name>
                            <![CDATA[
                            PTC.SCA.SCO.ID
                            ]]>
                            </name>
                            <value>
                            <![CDATA[
                            Nummer
                            ]]>
                            </value>
                        </Row>
                        <Row>
                            <name>
                            <![CDATA[
                            PTC.SCA.SCO.Description
                            ]]>
                            </name>
                            <value>
                            <![CDATA[
                            Typ
                            ]]>
                            </value>
                        </Row>
                        <Row>
                            <name>
                            <![CDATA[
                            PTC.SCA.SCO.WorkType
                            ]]>
                            </name>
                            <value>
                            <![CDATA[
                            Kategorie
                            ]]>
                            </value>
                        </Row>
                        <Row>
                            <name>
                            <![CDATA[
                            PTC.SCA.SCO.StartTime
                            ]]>
                            </name>
                            <value>
                            <![CDATA[
                            Geplante Startzeit
                            ]]>
                            </value>
                        </Row>
                        <Row>
                            <name>
                            <![CDATA[
                            PTC.SCA.SCO.EndTime
                            ]]>
                            </name>
                            <value>
                            <![CDATA[
                            Geplante Endzeit
                            ]]>
                            </value>
                        </Row>
                        <Row>
                            <name>
                            <![CDATA[
                            PTC.SCA.SCO.StartTimeLabel
                            ]]>
                            </name>
                            <value>
                            <![CDATA[
                            Startzeit:
                            ]]>
                            </value>
                        </Row>
                        <Row>
                            <name>
                            <![CDATA[
                            PTC.SCA.SCO.PlannedStartTimeLabel
                            ]]>
                            </name>
                            <value>
                            <![CDATA[
                            Geplante Startzeit:
                            ]]>
                            </value>
                        </Row>
                        <Row>
                            <name>
                            <![CDATA[
                            PTC.SCA.SCO.PlannedEndTimeLabel
                            ]]>
                            </name>
                            <value>
                            <![CDATA[
                            Geplante Endzeit:
                            ]]>
                            </value>
                        </Row>
                        <Row>
                            <name>
                            <![CDATA[
                            PTC.SCA.SCO.EndTimeLabel
                            ]]>
                            </name>
                            <value>
                            <![CDATA[
                            Endzeit:
                            ]]>
                            </value>
                        </Row>
                        <Row>
                            <name>
                            <![CDATA[
                            PTC.SCA.SCO.Priority
                            ]]>
                            </name>
                            <value>
                            <![CDATA[
                            Priorität
                            ]]>
                            </value>
                        </Row>
                        <Row>
                            <name>
                            <![CDATA[
                            PTC.SCA.SCO.HierarchyScope
                            ]]>
                            </name>
                            <value>
                            <![CDATA[
                            Standort
                            ]]>
                            </value>
                        </Row>
                        <Row>
                            <name>
                            <![CDATA[
                            PTC.SCA.SCO.CommandNumber
                            ]]>
                            </name>
                            <value>
                            <![CDATA[
                            Befehlsnummer
                            ]]>
                            </value>
                        </Row>
                        <Row>
                            <name>
                            <![CDATA[
                            PTC.SCA.SCO.DispatchStatus
                            ]]>
                            </name>
                            <value>
                            <![CDATA[
                            Status
                            ]]>
                            </value>
                        </Row>
                        <Row>
                            <name>
                            <![CDATA[
                            PTC.SCA.SCO.CommandRule
                            ]]>
                            </name>
                            <value>
                            <![CDATA[
                            Befehlsregel
                            ]]>
                            </value>
                        </Row>
                        <Row>
                            <name>
                            <![CDATA[
                            PTC.SCA.SCO.PagingWidget.Previous
                            ]]>
                            </name>
                            <value>
                            <![CDATA[
                            Vorherige
                            ]]>
                            </value>
                        </Row>
                        <Row>
                            <name>
                            <![CDATA[
                            PTC.SCA.SCO.PagingWidget.Next
                            ]]>
                            </name>
                            <value>
                            <![CDATA[
                            Nächste
                            ]]>
                            </value>
                        </Row>
                        <Row>
                            <name>
                            <![CDATA[
                            PTC.SCA.SCO.PagingWidget.Pages
                            ]]>
                            </name>
                            <value>
                            <![CDATA[
                            Seiten
                            ]]>
                            </value>
                        </Row>
                        <Row>
                            <name>
                            <![CDATA[
                            PTC.SCA.SCO.DispatchStatus1
                            ]]>
                            </name>
                            <value>
                            <![CDATA[
                            Versendet
                            ]]>
                            </value>
                        </Row>
                        <Row>
                            <name>
                            <![CDATA[
                            PTC.SCA.SCO.DispatchStatus2
                            ]]>
                            </name>
                            <value>
                            <![CDATA[
                            Ausstehend
                            ]]>
                            </value>
                        </Row>
                        <Row>
                            <name>
                            <![CDATA[
                            PTC.SCA.SCO.DispatchStatus3
                            ]]>
                            </name>
                            <value>
                            <![CDATA[
                            Angehalten
                            ]]>
                            </value>
                        </Row>
                        <Row>
                            <name>
                            <![CDATA[
                            PTC.SCA.SCO.DispatchStatus4
                            ]]>
                            </name>
                            <value>
                            <![CDATA[
                            Storniert
                            ]]>
                            </value>
                        </Row>
                        <Row>
                            <name>
                            <![CDATA[
                            PTC.SCA.SCO.DispatchStatus5
                            ]]>
                            </name>
                            <value>
                            <![CDATA[
                            Verzögert
                            ]]>
                            </value>
                        </Row>
                        <Row>
                            <name>
                            <![CDATA[
                            PTC.SCA.SCO.DispatchStatus6
                            ]]>
                            </name>
                            <value>
                            <![CDATA[
                            Abgeschlossen
                            ]]>
                            </value>
                        </Row>
                        <Row>
                            <name>
                            <![CDATA[
                            PTC.SCA.SCO.WorkType1
                            ]]>
                            </name>
                            <value>
                            <![CDATA[
                            Produktion
                            ]]>
                            </value>
                        </Row>
                        <Row>
                            <name>
                            <![CDATA[
                            PTC.SCA.SCO.WorkType2
                            ]]>
                            </name>
                            <value>
                            <![CDATA[
                            Wartung
                            ]]>
                            </value>
                        </Row>
                        <Row>
                            <name>
                            <![CDATA[
                            PTC.SCA.SCO.WorkType3
                            ]]>
                            </name>
                            <value>
                            <![CDATA[
                            Qualität
                            ]]>
                            </value>
                        </Row>
                        <Row>
                            <name>
                            <![CDATA[
                            PTC.SCA.SCO.WorkType4
                            ]]>
                            </name>
                            <value>
                            <![CDATA[
                            Bestand
                            ]]>
                            </value>
                        </Row>
                        <Row>
                            <name>
                            <![CDATA[
                            PTC.SCA.SCO.WorkType5
                            ]]>
                            </name>
                            <value>
                            <![CDATA[
                            Mischung
                            ]]>
                            </value>
                        </Row>
                        <Row>
                            <name>
                            <![CDATA[
                            PTC.SCA.SCO.Priority1
                            ]]>
                            </name>
                            <value>
                            <![CDATA[
                            Sehr hoch
                            ]]>
                            </value>
                        </Row>
                        <Row>
                            <name>
                            <![CDATA[
                            PTC.SCA.SCO.Priority2
                            ]]>
                            </name>
                            <value>
                            <![CDATA[
                            Hoch
                            ]]>
                            </value>
                        </Row>
                        <Row>
                            <name>
                            <![CDATA[
                            PTC.SCA.SCO.Priority3
                            ]]>
                            </name>
                            <value>
                            <![CDATA[
                            Mittel
                            ]]>
                            </value>
                        </Row>
                        <Row>
                            <name>
                            <![CDATA[
                            PTC.SCA.SCO.Priority4
                            ]]>
                            </name>
                            <value>
                            <![CDATA[
                            Niedrig
                            ]]>
                            </value>
                        </Row>
                        <Row>
                            <name>
                            <![CDATA[
                            PTC.SCA.SCO.ProductionOrderLabel
                            ]]>
                            </name>
                            <value>
                            <![CDATA[
                            Produktionsauftrag:
                            ]]>
                            </value>
                        </Row>
                        <Row>
                            <name>
                            <![CDATA[
                            PTC.SCA.SCO.QuantityReqLabel
                            ]]>
                            </name>
                            <value>
                            <![CDATA[
                            Erforderliche Menge:
                            ]]>
                            </value>
                        </Row>
                        <Row>
                            <name>
                            <![CDATA[
                            PTC.SCA.SCO.QuantityCompleteLabel
                            ]]>
                            </name>
                            <value>
                            <![CDATA[
                            Komplette Menge:
                            ]]>
                            </value>
                        </Row>
                        <Row>
                            <name>
                            <![CDATA[
                            PTC.SCA.SCO.QuantityRemainingLabel
                            ]]>
                            </name>
                            <value>
                            <![CDATA[
                            Verbleibende Menge:
                            ]]>
                            </value>
                        </Row>
                        <Row>
                            <name>
                            <![CDATA[
                            PTC.SCA.SCO.ProductLabel
                            ]]>
                            </name>
                            <value>
                            <![CDATA[
                            Produkt:
                            ]]>
                            </value>
                        </Row>
                        <Row>
                            <name>
                            <![CDATA[
                            dateTimeFormat_Default
                            ]]>
                            </name>
                            <value>
                            <![CDATA[
                            dd.MM.YYYY HH:mm:ss
                            ]]>
                            </value>
                        </Row>
                        <Row>
                            <name>
                            <![CDATA[
                            PTC.SCA.SCO.PoweredByLabel
                            ]]>
                            </name>
                            <value>
                            <![CDATA[
                            unterstützt von
                            ]]>
                            </value>
                        </Row>
                    </Rows>
                </ConfigurationTable>
            </ConfigurationTables>
        </LocalizationTable>
    </LocalizationTables>
</Entities>
