<?xml version="1.0" encoding="UTF-8"?>
<Entities>
    <LocalizationTables>
        <LocalizationTable
         description="es localization table"
         homeMashup=""
         name="es"
         tags="PTC:OA">
            <avatar></avatar>
            <DesignTimePermissions>
                <Create></Create>
                <Read></Read>
                <Update></Update>
                <Delete></Delete>
                <Metadata></Metadata>
            </DesignTimePermissions>
            <RunTimePermissions></RunTimePermissions>
            <VisibilityPermissions></VisibilityPermissions>
            <ConfigurationTables>
                <ConfigurationTable
                 description="Localization Tokens"
                 isMultiRow="true"
                 name="LocalizationTokens"
                 ordinal="0">
                    <DataShape>
                        <FieldDefinitions>
                            <FieldDefinition
                             aspect.friendlyName="Translation context"
                             baseType="STRING"
                             description="Translation context"
                             name="context"
                             ordinal="3"></FieldDefinition>
                            <FieldDefinition
                             aspect.friendlyName="Token name"
                             baseType="STRING"
                             description="Token name"
                             name="name"
                             ordinal="0"></FieldDefinition>
                            <FieldDefinition
                             aspect.friendlyName="Token usage"
                             baseType="STRING"
                             description="Token usage"
                             name="usage"
                             ordinal="2"></FieldDefinition>
                            <FieldDefinition
                             aspect.friendlyName="Localized value"
                             baseType="STRING"
                             description="Localized value"
                             name="value"
                             ordinal="1"></FieldDefinition>
                        </FieldDefinitions>
                    </DataShape>
                    <Rows>
                        <Row>
                            <name>
                            <![CDATA[
                            PTC.SCA.SCO.PriorityLabel
                            ]]>
                            </name>
                            <value>
                            <![CDATA[
                            Prioridad:
                            ]]>
                            </value>
                        </Row>
                        <Row>
                            <name>
                            <![CDATA[
                            PTC.SCA.SCO.TypeLabel
                            ]]>
                            </name>
                            <value>
                            <![CDATA[
                            Tipo:
                            ]]>
                            </value>
                        </Row>
                        <Row>
                            <name>
                            <![CDATA[
                            PTC.SCA.SCO.LocationLabel
                            ]]>
                            </name>
                            <value>
                            <![CDATA[
                            Ubicación:
                            ]]>
                            </value>
                        </Row>
                        <Row>
                            <name>
                            <![CDATA[
                            PTC.SCA.SCO.StatusLabel
                            ]]>
                            </name>
                            <value>
                            <![CDATA[
                            Estado:
                            ]]>
                            </value>
                        </Row>
                        <Row>
                            <name>
                            <![CDATA[
                            PTC.SCA.SCO.CategoryLabel
                            ]]>
                            </name>
                            <value>
                            <![CDATA[
                            Categoría:
                            ]]>
                            </value>
                        </Row>
                        <Row>
                            <name>
                            <![CDATA[
                            PTC.SCA.SCO.StartLabel
                            ]]>
                            </name>
                            <value>
                            <![CDATA[
                            Inicio
                            ]]>
                            </value>
                        </Row>
                        <Row>
                            <name>
                            <![CDATA[
                            PTC.SCA.SCO.FilteredBy
                            ]]>
                            </name>
                            <value>
                            <![CDATA[
                            Filtrado por:
                            ]]>
                            </value>
                        </Row>
                        <Row>
                            <name>
                            <![CDATA[
                            PTC.SCA.SCO.SortedBy
                            ]]>
                            </name>
                            <value>
                            <![CDATA[
                            Clasificado por:
                            ]]>
                            </value>
                        </Row>
                        <Row>
                            <name>
                            <![CDATA[
                            PTC.SCA.SCO.Like
                            ]]>
                            </name>
                            <value>
                            <![CDATA[
                            Me gusta
                            ]]>
                            </value>
                        </Row>
                        <Row>
                            <name>
                            <![CDATA[
                            PTC.SCA.SCO.ListOfJobOrders
                            ]]>
                            </name>
                            <value>
                            <![CDATA[
                            Lista de órdenes de trabajo
                            ]]>
                            </value>
                        </Row>
                        <Row>
                            <name>
                            <![CDATA[
                            PTC.SCA.SCO.WD.Info.Tab.Name.1
                            ]]>
                            </name>
                            <value>
                            <![CDATA[
                            Imagen
                            ]]>
                            </value>
                        </Row>
                        <Row>
                            <name>
                            <![CDATA[
                            PTC.SCA.SCO.WD.Info.Tab.Name.2
                            ]]>
                            </name>
                            <value>
                            <![CDATA[
                            Vídeo
                            ]]>
                            </value>
                        </Row>
                        <Row>
                            <name>
                            <![CDATA[
                            PTC.SCA.SCO.WD.Info.Tab.Name.3
                            ]]>
                            </name>
                            <value>
                            <![CDATA[
                            CAD
                            ]]>
                            </value>
                        </Row>
                        <Row>
                            <name>
                            <![CDATA[
                            PTC.SCA.SCO.ID
                            ]]>
                            </name>
                            <value>
                            <![CDATA[
                            Número
                            ]]>
                            </value>
                        </Row>
                        <Row>
                            <name>
                            <![CDATA[
                            PTC.SCA.SCO.Description
                            ]]>
                            </name>
                            <value>
                            <![CDATA[
                            Tipo
                            ]]>
                            </value>
                        </Row>
                        <Row>
                            <name>
                            <![CDATA[
                            PTC.SCA.SCO.WorkType
                            ]]>
                            </name>
                            <value>
                            <![CDATA[
                            Categoría
                            ]]>
                            </value>
                        </Row>
                        <Row>
                            <name>
                            <![CDATA[
                            PTC.SCA.SCO.StartTime
                            ]]>
                            </name>
                            <value>
                            <![CDATA[
                            Hora de inicio planificada
                            ]]>
                            </value>
                        </Row>
                        <Row>
                            <name>
                            <![CDATA[
                            PTC.SCA.SCO.EndTime
                            ]]>
                            </name>
                            <value>
                            <![CDATA[
                            Hora de fin planificada
                            ]]>
                            </value>
                        </Row>
                        <Row>
                            <name>
                            <![CDATA[
                            PTC.SCA.SCO.StartTimeLabel
                            ]]>
                            </name>
                            <value>
                            <![CDATA[
                            Hora de inicio:
                            ]]>
                            </value>
                        </Row>
                        <Row>
                            <name>
                            <![CDATA[
                            PTC.SCA.SCO.PlannedStartTimeLabel
                            ]]>
                            </name>
                            <value>
                            <![CDATA[
                            Hora de inicio planificada:
                            ]]>
                            </value>
                        </Row>
                        <Row>
                            <name>
                            <![CDATA[
                            PTC.SCA.SCO.PlannedEndTimeLabel
                            ]]>
                            </name>
                            <value>
                            <![CDATA[
                            Hora de fin planificada:
                            ]]>
                            </value>
                        </Row>
                        <Row>
                            <name>
                            <![CDATA[
                            PTC.SCA.SCO.EndTimeLabel
                            ]]>
                            </name>
                            <value>
                            <![CDATA[
                            Hora de fin:
                            ]]>
                            </value>
                        </Row>
                        <Row>
                            <name>
                            <![CDATA[
                            PTC.SCA.SCO.Priority
                            ]]>
                            </name>
                            <value>
                            <![CDATA[
                            Prioridad
                            ]]>
                            </value>
                        </Row>
                        <Row>
                            <name>
                            <![CDATA[
                            PTC.SCA.SCO.HierarchyScope
                            ]]>
                            </name>
                            <value>
                            <![CDATA[
                            Ubicación
                            ]]>
                            </value>
                        </Row>
                        <Row>
                            <name>
                            <![CDATA[
                            PTC.SCA.SCO.CommandNumber
                            ]]>
                            </name>
                            <value>
                            <![CDATA[
                            Número de comando
                            ]]>
                            </value>
                        </Row>
                        <Row>
                            <name>
                            <![CDATA[
                            PTC.SCA.SCO.DispatchStatus
                            ]]>
                            </name>
                            <value>
                            <![CDATA[
                            Estado
                            ]]>
                            </value>
                        </Row>
                        <Row>
                            <name>
                            <![CDATA[
                            PTC.SCA.SCO.CommandRule
                            ]]>
                            </name>
                            <value>
                            <![CDATA[
                            Regla de comando
                            ]]>
                            </value>
                        </Row>
                        <Row>
                            <name>
                            <![CDATA[
                            PTC.SCA.SCO.PagingWidget.Previous
                            ]]>
                            </name>
                            <value>
                            <![CDATA[
                            Anterior
                            ]]>
                            </value>
                        </Row>
                        <Row>
                            <name>
                            <![CDATA[
                            PTC.SCA.SCO.PagingWidget.Next
                            ]]>
                            </name>
                            <value>
                            <![CDATA[
                            Siguiente
                            ]]>
                            </value>
                        </Row>
                        <Row>
                            <name>
                            <![CDATA[
                            PTC.SCA.SCO.PagingWidget.Pages
                            ]]>
                            </name>
                            <value>
                            <![CDATA[
                            Páginas
                            ]]>
                            </value>
                        </Row>
                        <Row>
                            <name>
                            <![CDATA[
                            PTC.SCA.SCO.DispatchStatus1
                            ]]>
                            </name>
                            <value>
                            <![CDATA[
                            Enviado
                            ]]>
                            </value>
                        </Row>
                        <Row>
                            <name>
                            <![CDATA[
                            PTC.SCA.SCO.DispatchStatus2
                            ]]>
                            </name>
                            <value>
                            <![CDATA[
                            Pendiente
                            ]]>
                            </value>
                        </Row>
                        <Row>
                            <name>
                            <![CDATA[
                            PTC.SCA.SCO.DispatchStatus3
                            ]]>
                            </name>
                            <value>
                            <![CDATA[
                            Retenido
                            ]]>
                            </value>
                        </Row>
                        <Row>
                            <name>
                            <![CDATA[
                            PTC.SCA.SCO.DispatchStatus4
                            ]]>
                            </name>
                            <value>
                            <![CDATA[
                            Cancelado
                            ]]>
                            </value>
                        </Row>
                        <Row>
                            <name>
                            <![CDATA[
                            PTC.SCA.SCO.DispatchStatus5
                            ]]>
                            </name>
                            <value>
                            <![CDATA[
                            Demorado
                            ]]>
                            </value>
                        </Row>
                        <Row>
                            <name>
                            <![CDATA[
                            PTC.SCA.SCO.DispatchStatus6
                            ]]>
                            </name>
                            <value>
                            <![CDATA[
                            Completado
                            ]]>
                            </value>
                        </Row>
                        <Row>
                            <name>
                            <![CDATA[
                            PTC.SCA.SCO.WorkType1
                            ]]>
                            </name>
                            <value>
                            <![CDATA[
                            Producción
                            ]]>
                            </value>
                        </Row>
                        <Row>
                            <name>
                            <![CDATA[
                            PTC.SCA.SCO.WorkType2
                            ]]>
                            </name>
                            <value>
                            <![CDATA[
                            Mantenimiento
                            ]]>
                            </value>
                        </Row>
                        <Row>
                            <name>
                            <![CDATA[
                            PTC.SCA.SCO.WorkType3
                            ]]>
                            </name>
                            <value>
                            <![CDATA[
                            Calidad
                            ]]>
                            </value>
                        </Row>
                        <Row>
                            <name>
                            <![CDATA[
                            PTC.SCA.SCO.WorkType4
                            ]]>
                            </name>
                            <value>
                            <![CDATA[
                            Inventario
                            ]]>
                            </value>
                        </Row>
                        <Row>
                            <name>
                            <![CDATA[
                            PTC.SCA.SCO.WorkType5
                            ]]>
                            </name>
                            <value>
                            <![CDATA[
                            Mixto
                            ]]>
                            </value>
                        </Row>
                        <Row>
                            <name>
                            <![CDATA[
                            PTC.SCA.SCO.Priority1
                            ]]>
                            </name>
                            <value>
                            <![CDATA[
                            Muy alta
                            ]]>
                            </value>
                        </Row>
                        <Row>
                            <name>
                            <![CDATA[
                            PTC.SCA.SCO.Priority2
                            ]]>
                            </name>
                            <value>
                            <![CDATA[
                            Alta
                            ]]>
                            </value>
                        </Row>
                        <Row>
                            <name>
                            <![CDATA[
                            PTC.SCA.SCO.Priority3
                            ]]>
                            </name>
                            <value>
                            <![CDATA[
                            Media
                            ]]>
                            </value>
                        </Row>
                        <Row>
                            <name>
                            <![CDATA[
                            PTC.SCA.SCO.Priority4
                            ]]>
                            </name>
                            <value>
                            <![CDATA[
                            Baja
                            ]]>
                            </value>
                        </Row>
                        <Row>
                            <name>
                            <![CDATA[
                            PTC.SCA.SCO.ProductionOrderLabel
                            ]]>
                            </name>
                            <value>
                            <![CDATA[
                            Orden de producción:
                            ]]>
                            </value>
                        </Row>
                        <Row>
                            <name>
                            <![CDATA[
                            PTC.SCA.SCO.QuantityReqLabel
                            ]]>
                            </name>
                            <value>
                            <![CDATA[
                            Cantidad necesaria:
                            ]]>
                            </value>
                        </Row>
                        <Row>
                            <name>
                            <![CDATA[
                            PTC.SCA.SCO.QuantityCompleteLabel
                            ]]>
                            </name>
                            <value>
                            <![CDATA[
                            Cantidad completa:
                            ]]>
                            </value>
                        </Row>
                        <Row>
                            <name>
                            <![CDATA[
                            PTC.SCA.SCO.QuantityRemainingLabel
                            ]]>
                            </name>
                            <value>
                            <![CDATA[
                            Cantidad restante:
                            ]]>
                            </value>
                        </Row>
                        <Row>
                            <name>
                            <![CDATA[
                            PTC.SCA.SCO.ProductLabel
                            ]]>
                            </name>
                            <value>
                            <![CDATA[
                            Producto:
                            ]]>
                            </value>
                        </Row>
                        <Row>
                            <name>
                            <![CDATA[
                            dateTimeFormat_Default
                            ]]>
                            </name>
                            <value>
                            <![CDATA[
                            YYYY-MM-dd HH:mm:ss
                            ]]>
                            </value>
                        </Row>
                        <Row>
                            <name>
                            <![CDATA[
                            PTC.SCA.SCO.PoweredByLabel
                            ]]>
                            </name>
                            <value>
                            <![CDATA[
                            tecnología
                            ]]>
                            </value>
                        </Row>
                    </Rows>
                </ConfigurationTable>
            </ConfigurationTables>
        </LocalizationTable>
    </LocalizationTables>
</Entities>
