<?xml version="1.0" encoding="utf-8"?><Entities><ExtensionPackages><ExtensionPackage name="OA_OperatorAdvisor-customization-8.5.1-01-extension" description="Operator Advisor Extension Customization" vendor="PTC" packageVersion="8.5.1" buildNumber="01" minimumThingWorxVersion="8.1.0" dependsOn="OA_OperatorAdvisor-extension:8.5.1" licensed="true" licenseName="twx_mfg_common" namedLicensedGroup="twx_mfg_common_named"><Licensed><Entity name="PTC.SCA.SCO.JobOrder.C_DetailContainerMashup_8.5.1_01"></Entity><Entity name="PTC.SCA.SCO.JobOrder.C_SummaryContainerSimpleMashup_8.5.1_01"></Entity><Entity name="PTC.SCA.SCO.JobOrder.C_SummaryContainerCollectionMashup_8.5.1_01"></Entity><Entity name="PTC.SCA.SCO.JobOrder.C_ListContainerMashup_8.5.1_01"></Entity></Licensed><JarResources><FileResource file="oa-OperatorAdvisor-customization-extension.jar" type="JAR"></FileResource></JarResources></ExtensionPackage></ExtensionPackages></Entities>