<?xml version="1.0" encoding="utf-8"?><Entities><ExtensionPackages><ExtensionPackage name="sco-UserManagement-customization-8.5.1-01-extension" description="sco-UserManagement Extension Customization" vendor="PTC" packageVersion="8.5.1" buildNumber="01" minimumThingWorxVersion="8.1.0" dependsOn="UserManagement-extension:8.5.1" licensed="true" licenseName="twx_mfg_common" namedLicensedGroup="twx_mfg_common_named"><Licensed><Entity name="PTC.SCA.SCO.ConfigurationAndSetup.C_UserManagerMashup_8.5.1_01"></Entity></Licensed><JarResources><FileResource file="sco-UserManagement-customization-extension.jar" type="JAR"></FileResource></JarResources></ExtensionPackage></ExtensionPackages></Entities>