<?xml version="1.0" encoding="UTF-8"?>
<Entities
 build="b3079"
 majorVersion="0"
 minorVersion="0"
 modelPersistenceProviderPackage="NeoPersistenceProviderPackage"
 revision="0"
 schemaVersion="940">
    <MediaEntities>
        <MediaEntity
         description="PTC.SCA.SCO.ClearIcon {PTC.SCA.SCO.ClearIcon}"
         documentationContent=""
         homeMashup=""
         lastModifiedDate="2017-05-08T14:08:48.730-04:00"
         name="PTC.SCA.SCO.ClearIcon"
         projectName="PTC.SCA.SCO.KEPServerEX Monitor"
         tags="PTC:sca-sco-kepserverexmonitor;PTC:sca-mfg;PTC:MediaEntity">
            <avatar></avatar>
            <DesignTimePermissions>
                <Create></Create>
                <Read></Read>
                <Update></Update>
                <Delete></Delete>
                <Metadata></Metadata>
            </DesignTimePermissions>
            <RunTimePermissions></RunTimePermissions>
            <VisibilityPermissions>
                <Visibility>
                    <Principal
                     isPermitted="true"
                     name="PTC.Factory.MachineVisibility"
                     type="Organization"></Principal>
                </Visibility>
            </VisibilityPermissions>
            <content>
            <![CDATA[
            iVBORw0KGgoAAAANSUhEUgAAABIAAAAZCAYAAAA8CX6UAAABA0lEQVR42mO4devWfwZqgFGDRg3C
            A7QbVrGpJE+appI4+axy0qQz6Bgofl01cYoPXoMaGv4zqSRNXqWaOCkPlxrdzGmCIMPwGqScOGWG
            atLkWjg/eXIA2IW5S/iUk6d6wMWBLsNpENAl9UBDJqGKTVoCFN+skjjpOJBuJ9aga8ZpM7mQxTSy
            pwgDDfmonDjpoUruNna4WmD44TRINWlSAlDThtBVq5iRbN4D1DQZ6LLVyomTFxDlIqhhpcpJU+bD
            +GpJk/RBtEPDfhaV1CnaRLkIYduULlBYgQIZaxAkztACuugiQYP+///PqJI0pQAUwFjTUdKkfepJ
            k01GM+2oQdQwBwA48schquknmgAAAABJRU5ErkJggg==
            ]]>
            </content>
        </MediaEntity>
    </MediaEntities>
</Entities>
