<?xml version="1.0" encoding="UTF-8"?>
<Entities
 build="b39"
 majorVersion="8"
 minorVersion="0"
 modelPersistenceProviderPackage="NeoPersistenceProviderPackage"
 revision="1"
 schemaVersion="1000">
    <MediaEntities>
        <MediaEntity
         aspect.isEditableExtensionObject="true"
         aspect.isExtension="true"
         description="Create Device' icon {PTC.SCA.SCO.CreateDeviceIcon}"
         documentationContent=""
         homeMashup=""
         lastModifiedDate="2017-07-24T16:49:13.057-04:00"
         name="PTC.SCA.SCO.CreateDeviceIcon"
         projectName="PTC.SCA.SCO.KEPServerEX Monitor"
         tags="PTC:sca-sco-kepserverexmonitor;PTC:sca-mfg;PTC:MediaEntity">
            <avatar></avatar>
            <DesignTimePermissions>
                <Create></Create>
                <Read></Read>
                <Update></Update>
                <Delete></Delete>
                <Metadata></Metadata>
            </DesignTimePermissions>
            <RunTimePermissions></RunTimePermissions>
            <VisibilityPermissions>
                <Visibility>
                    <Principal
                     isPermitted="true"
                     name="PTC.Factory.MachineVisibility"
                     type="Organization"></Principal>
                </Visibility>
            </VisibilityPermissions>
            <ConfigurationTables></ConfigurationTables>
            <content>
            <![CDATA[
            iVBORw0KGgoAAAANSUhEUgAAAB4AAAAeCAYAAAA7MK6iAAABK0lEQVR42tVXURHDIAxFAhIqAQlI
            mAQkIGEOKgEJlYCESpiESmCwS3sZhQMKXW65y/UjJA9ew2vKWIU55ybv2rv1vrmzbRALaybWa76I
            gIKtFnLEFUDufU6cynhX3mXkCmIxG6EGbwFdUfILCvPKfAU5u63F3ASoqd7xuY6pAk+AqgE9oorg
            0TvtBs2Az6nuPehlgy2iXeCARY3EbwDmqOEsFofhFBconxiozeeeJuiXnS6iU+/3XGOaTQQ8xDLv
            2jK0C5UB3pBaPTNaXQusDnbRGpkBDpQ/vC/wlB3AR24J2EZXzUFsF5oF4lgiNTDzn8CYajuaarLm
            IrtOGp2M3yUgUPNLQGgkk+wjQfpZJBsESEcfsmGvNN42ALaPtxcGejFsoCf9hfnFT9sby4XLuUFY
            YtQAAAAASUVORK5CYII=
            ]]>
            </content>
        </MediaEntity>
    </MediaEntities>
</Entities>
