<?xml version="1.0" encoding="UTF-8"?>
<Entities
 build="b155"
 majorVersion="7"
 minorVersion="2"
 modelPersistenceProviderPackage="NeoPersistenceProviderPackage"
 revision="0"
 schemaVersion="920">
    <StyleDefinitions>
        <StyleDefinition
         aspect.isEditableExtensionObject="true"
         aspect.isExtension="true"
         description="Enabled 'Discover Device' icon style {PTC.Factory.DiscoverDeviceEnabledStyle}"
         documentationContent=""
         homeMashup=""
         lastModifiedDate="2016-08-12T17:56:24.277Z"
         name="PTC.Factory.DiscoverDeviceEnabledStyle"
         projectName="PTC.SCA.SCO.KEPServerEX Monitor"
         tags="PTC:sca-sco-kepserverexmonitor;PTC:sca-mfg;PTC:StyleDefinition">
            <avatar></avatar>
            <DesignTimePermissions>
                <Create></Create>
                <Read></Read>
                <Update></Update>
                <Delete></Delete>
                <Metadata></Metadata>
            </DesignTimePermissions>
            <RunTimePermissions></RunTimePermissions>
            <VisibilityPermissions>
                <Visibility>
                    <Principal
                     isPermitted="true"
                     name="PTC.Factory.MachineVisibility"
                     type="Organization"></Principal>
                </Visibility>
            </VisibilityPermissions>
            <ConfigurationTables></ConfigurationTables>
            <content>
            <![CDATA[
            {"image":"PTC.Factory.DiscoverDeviceEnabledIcon","backgroundColor":"","textSize":"xlarge","lineStyle":"solid","displayString":"","fontEmphasisUnderline":false,"fontEmphasisItalic":false,"lineThickness":1,"lineColor":"","foregroundColor":"#ffffff","fontEmphasisBold":false,"secondaryBackgroundColor":""}
            ]]>
            </content>
        </StyleDefinition>
    </StyleDefinitions>
</Entities>
