<?xml version="1.0" encoding="UTF-8"?>
<Entities
 build="b11"
 majorVersion="8"
 minorVersion="0"
 modelPersistenceProviderPackage="PostgresPersistenceProviderPackage"
 revision="0"
 schemaVersion="1000">
    <Organizations>
        <Organization
         aspect.isEditableExtensionObject="true"
         aspect.isExtension="true"
         description="Factory organization. {PTC.Factory.MachineVisibility}"
         documentationContent=""
         homeMashup="PTC.Factory.FirstTimeKepserverConfiguration"
         lastModifiedDate="2017-06-09T18:52:26.632Z"
         loginButtonStyle=""
         loginPrompt=""
         loginResetPassword="false"
         loginStyle=""
         mobileMashup=""
         name="PTC.Factory.MachineVisibility"
         projectName="PTC.SCA.SCO.Application Home Page"
         resetMailContent="&lt;p&gt;[[resetemail.requestmade]]&lt;/p&gt;&lt;p&gt;[[resetemail.instructions]]&lt;/p&gt;&lt;p&gt;[[resetemail.helpneeded]]&lt;/p&gt;"
         resetMailServer=""
         resetMailSubject="[[resetemail.subject]]"
         tags="PTC:sca-sco-applicationhomepage;PTC:sca-common;PTC:Menu">
            <avatar></avatar>
            <DesignTimePermissions>
                <Create></Create>
                <Read></Read>
                <Update></Update>
                <Delete></Delete>
                <Metadata></Metadata>
            </DesignTimePermissions>
            <RunTimePermissions></RunTimePermissions>
            <VisibilityPermissions>
                <Visibility></Visibility>
            </VisibilityPermissions>
            <ConfigurationTables></ConfigurationTables>
            <loginImage></loginImage>
            <Connections>
                <Connection
                 from=""
                 to="PTC.Factory.MachineVisibility"></Connection>
                <Connection
                 from="PTC.Factory.MachineVisibility"
                 to="Administration&amp;Configuration"></Connection>
                <Connection
                 from="Administration&amp;Configuration"
                 to="ManageElements"></Connection>
                <Connection
                 from="Administration&amp;Configuration"
                 to="ManageResources"></Connection>
                <Connection
                 from="Administration&amp;Configuration"
                 to="AlertEditing"></Connection>
                <Connection
                 from="PTC.Factory.MachineVisibility"
                 to="KEPServerMonitoring"></Connection>
                <Connection
                 from="PTC.Factory.MachineVisibility"
                 to="AlertsManager"></Connection>
                <Connection
                 from="PTC.Factory.MachineVisibility"
                 to="PlantStatus"></Connection>
                <Connection
                 from="PTC.Factory.MachineVisibility"
                 to="AgileReporting"></Connection>
                <Connection
                 from="PTC.Factory.MachineVisibility"
                 to="Trend&amp;Troubleshooting"></Connection>
                <Connection
                 from="PTC.Factory.MachineVisibility"
                 to="Default"></Connection>
                <Connection
                 from="PTC.Factory.MachineVisibility"
                 to="AssetPerformance"></Connection>
            </Connections>
            <OrganizationalUnits>
                <OrganizationalUnit
                 description=""
                 name="Administration&amp;Configuration">
                    <Members>
                        <Members>
                            <Member
                             name="Controls Engineer"
                             type="Group"></Member>
                        </Members>
                    </Members>
                </OrganizationalUnit>
                <OrganizationalUnit
                 description=""
                 name="AgileReporting">
                    <Members>
                        <Members>
                            <Member
                             name="Controls Engineer"
                             type="Group"></Member>
                            <Member
                             name="Maintenance Engineer"
                             type="Group"></Member>
                            <Member
                             name="Maintenance Manager"
                             type="Group"></Member>
                        </Members>
                    </Members>
                </OrganizationalUnit>
                <OrganizationalUnit
                 description=""
                 name="AlertEditing">
                    <Members>
                        <Members>
                            <Member
                             name="Maintenance Engineer"
                             type="Group"></Member>
                            <Member
                             name="Maintenance Manager"
                             type="Group"></Member>
                        </Members>
                    </Members>
                </OrganizationalUnit>
                <OrganizationalUnit
                 description=""
                 name="AlertsManager">
                    <Members>
                        <Members>
                            <Member
                             name="Controls Engineer"
                             type="Group"></Member>
                            <Member
                             name="Maintenance Engineer"
                             type="Group"></Member>
                            <Member
                             name="Production Manager"
                             type="Group"></Member>
                            <Member
                             name="Maintenance Manager"
                             type="Group"></Member>
                        </Members>
                    </Members>
                </OrganizationalUnit>
                <OrganizationalUnit
                 description=""
                 name="AssetPerformance">
                    <Members>
                        <Members>
                            <Member
                             name="Controls Engineer"
                             type="Group"></Member>
                            <Member
                             name="Maintenance Engineer"
                             type="Group"></Member>
                            <Member
                             name="Maintenance Manager"
                             type="Group"></Member>
                        </Members>
                    </Members>
                </OrganizationalUnit>
                <OrganizationalUnit
                 description=""
                 name="Default">
                    <Members>
                        <Members>
                            <Member
                             name="FactoryUsers"
                             type="Group"></Member>
                            <Member
                             name="Users"
                             type="Group"></Member>
                        </Members>
                    </Members>
                </OrganizationalUnit>
                <OrganizationalUnit
                 description=""
                 name="KEPServerMonitoring">
                    <Members>
                        <Members>
                            <Member
                             name="Controls Engineer"
                             type="Group"></Member>
                        </Members>
                    </Members>
                </OrganizationalUnit>
                <OrganizationalUnit
                 description=""
                 name="ManageElements">
                    <Members>
                        <Members>
                            <Member
                             name="Maintenance Engineer"
                             type="Group"></Member>
                            <Member
                             name="Maintenance Manager"
                             type="Group"></Member>
                        </Members>
                    </Members>
                </OrganizationalUnit>
                <OrganizationalUnit
                 description=""
                 name="ManageResources">
                    <Members>
                        <Members>
                            <Member
                             name="Maintenance Manager"
                             type="Group"></Member>
                        </Members>
                    </Members>
                </OrganizationalUnit>
                <OrganizationalUnit
                 description=""
                 name="PlantStatus">
                    <Members>
                        <Members>
                            <Member
                             name="Controls Engineer"
                             type="Group"></Member>
                            <Member
                             name="Production Manager"
                             type="Group"></Member>
                        </Members>
                    </Members>
                </OrganizationalUnit>
                <OrganizationalUnit
                 description=""
                 name="PTC.Factory.MachineVisibility">
                    <Members>
                        <Members></Members>
                    </Members>
                </OrganizationalUnit>
                <OrganizationalUnit
                 description=""
                 name="Trend&amp;Troubleshooting">
                    <Members>
                        <Members>
                            <Member
                             name="Controls Engineer"
                             type="Group"></Member>
                            <Member
                             name="Maintenance Engineer"
                             type="Group"></Member>
                            <Member
                             name="Production Manager"
                             type="Group"></Member>
                            <Member
                             name="Maintenance Manager"
                             type="Group"></Member>
                        </Members>
                    </Members>
                </OrganizationalUnit>
            </OrganizationalUnits>
        </Organization>
    </Organizations>
</Entities>
