<Entities>
	<ExtensionPackages>
		<ExtensionPackage name="DygraphWidget-extension"
						  description="Dygraph Chart Widgets"
						  vendor="PTC"
						  packageVersion="8.5.1"
						  buildNumber="01"
						  minimumThingWorxVersion="8.1.0">
		</ExtensionPackage>
	</ExtensionPackages>
	<Widgets>
		<Widget name="dygraphchartwidget">
			<UIResources>
				<FileResource type="JS" file="dygraphchartwidget.ide.js" description="" isDevelopment="true" isRuntime="false" />
				<FileResource type="CSS" file="dygraphchartwidget.ide.css" description="" isDevelopment="true" isRuntime="false" />
				<FileResource type="JS" file="dygraphchartwidget.runtime.js" description="" isDevelopment="false" isRuntime="true" />
				<FileResource type="CSS" file="dygraphchartwidget.runtime.css" description="" isDevelopment="false" isRuntime="true" />
			</UIResources>
		</Widget>
	</Widgets>
</Entities>
