<?xml version="1.0" encoding="UTF-8"?>
<Entities>
    <ExtensionPackages>
        <ExtensionPackage name="LogoutButton" description="Logout Button Widget" vendor="ThingWorx Customer Service" packageVersion="1.1.3" minimumThingWorxVersion="6.0.0" buildNumber="40"/>
    </ExtensionPackages>
    <StyleDefinitions>
        <StyleDefinition name="Default sprite style" description="Default text style" documentationContent="" lastModifiedDate="2014-10-01T14:44:30.820-04:00" tags="">
            <content><![CDATA[{"displayString":"","fontEmphasisUnderline":false,"fontEmphasisItalic":false,"textSize":"normal","lineColor":"#000000","backgroundColor":"#1206ff","lineStyle":"solid","lineThickness":1,"secondaryBackgroundColor":"","fontEmphasisBold":false,"foregroundColor":""}]]></content>
        </StyleDefinition>
    </StyleDefinitions>
    <Widgets>
        <Widget name="logoutButton">
            <UIResources>
                <!-- Studio ONLY -->
                <FileResource type="CSS" file="logoutButton.ide.css" description="" isDevelopment="true" isRuntime="false"/>
                <FileResource type="JS" file="logoutButton.ide.js" description="" isDevelopment="true" isRuntime="false"/>
                <!-- Runtime/Squeal ONLY -->
                <FileResource type="CSS" file="logoutButton.runtime.css" description="" isDevelopment="false" isRuntime="true"/>
                <FileResource type="JS" file="logoutButton.runtime.js" description="" isDevelopment="false" isRuntime="true"/>
            </UIResources>
        </Widget>
    </Widgets>
</Entities>
