<?xml version="1.0" encoding="UTF-8"?>
<Entities
 build="b7712"
 majorVersion="0"
 minorVersion="0"
 modelPersistenceProviderPackage="PostgresPersistenceProviderPackage"
 revision="0"
 schemaVersion="1100"
 universal="password">
    <Mashups>
        <Mashup
         aspect.isEditableExtensionObject="false"
         aspect.isExtension="true"
         aspect.isResponsive="false"
         aspect.mashupType="mashup"
         columns="0.0"
         description="Mashup for PTC App Switcher tile size 127x127 {PTC.SCA.SCO.AppSwitcher.Tile}"
         documentationContent="&lt;p&gt; Use a static mashup of 150x150 to avoid any unexpected scroll bars.&lt;/p&gt;"
         homeMashup=""
         lastModifiedDate="2019-09-13T23:58:24.946-04:00"
         name="PTC.SCA.SCO.AppSwitcher.Tile"
         projectName="PTC.SCA.SCO.Application Home Page"
         rows="0.0"
         tags="PTC:sca-sco-applicationhomepage;PTC:sca-common;PTC:Mashup">
            <avatar></avatar>
            <DesignTimePermissions>
                <Create></Create>
                <Read></Read>
                <Update></Update>
                <Delete></Delete>
                <Metadata></Metadata>
            </DesignTimePermissions>
            <RunTimePermissions></RunTimePermissions>
            <VisibilityPermissions>
                <Visibility>
                    <Principal
                     isPermitted="true"
                     name="PTC.Factory.MachineVisibility"
                     type="Organization"></Principal>
                </Visibility>
            </VisibilityPermissions>
            <ConfigurationTableDefinitions></ConfigurationTableDefinitions>
            <ConfigurationTables></ConfigurationTables>
            <ParameterDefinitions>
                <FieldDefinition
                 aspect.bindingDirection="BOTH"
                 aspect.isMandatory="false"
                 aspect.ordinal="5"
                 baseType="BOOLEAN"
                 description=""
                 name="IsMashup"
                 ordinal="0"></FieldDefinition>
                <FieldDefinition
                 aspect.bindingDirection="BOTH"
                 aspect.isMandatory="false"
                 aspect.ordinal="4"
                 baseType="TEXT"
                 description=""
                 name="LocalizedLabel"
                 ordinal="0"></FieldDefinition>
                <FieldDefinition
                 aspect.bindingDirection="BOTH"
                 aspect.isMandatory="false"
                 aspect.ordinal="0"
                 baseType="TEXT"
                 description=""
                 name="LocalizedTooltip"
                 ordinal="0"></FieldDefinition>
                <FieldDefinition
                 aspect.bindingDirection="BOTH"
                 aspect.isMandatory="false"
                 aspect.ordinal="6"
                 baseType="BOOLEAN"
                 description=""
                 name="OpenInNewWindow"
                 ordinal="0"></FieldDefinition>
                <FieldDefinition
                 aspect.bindingDirection="BOTH"
                 aspect.isMandatory="false"
                 aspect.ordinal="3"
                 baseType="IMAGELINK"
                 description=""
                 name="TileBackground"
                 ordinal="0"></FieldDefinition>
                <FieldDefinition
                 aspect.bindingDirection="BOTH"
                 aspect.isMandatory="false"
                 aspect.ordinal="2"
                 baseType="IMAGELINK"
                 description=""
                 name="TileIcon"
                 ordinal="0"></FieldDefinition>
                <FieldDefinition
                 aspect.bindingDirection="BOTH"
                 aspect.isMandatory="false"
                 aspect.ordinal="1"
                 baseType="STRING"
                 description=""
                 name="TileMashupOrURL"
                 ordinal="0"></FieldDefinition>
            </ParameterDefinitions>
            <Things></Things>
            <ThingShapes></ThingShapes>
            <ThingTemplates></ThingTemplates>
            <mashupContent>
            <![CDATA[
            {
              "CustomMashupCss" : "",
              "Data" : {
                "Session" : {
                  "DataName" : "Session",
                  "EntityName" : "",
                  "EntityType" : "Session",
                  "Id" : "session",
                  "Services" : [ {
                    "APIMethod" : "post",
                    "Characteristic" : "Services",
                    "Id" : "SessionInterface",
                    "Name" : "GetGlobalSessionValues",
                    "Parameters" : { },
                    "RefreshInterval" : 0,
                    "Target" : "GetGlobalSessionValues"
                  } ]
                },
                "UserExtensions" : {
                  "DataName" : "UserExtensions",
                  "EntityName" : "",
                  "EntityType" : "UserExtensions",
                  "Id" : "UserExtensions",
                  "Services" : [ {
                    "APIMethod" : "post",
                    "Characteristic" : "Services",
                    "Id" : "UserExtensionInterface",
                    "Name" : "GetCurrentUserExtensionProperties",
                    "Parameters" : { },
                    "RefreshInterval" : 0,
                    "Target" : "GetCurrentUserExtensionProperties"
                  } ]
                }
              },
              "DataBindings" : [ {
                "Id" : "20a8b8b8-3cd2-4cb0-8166-a43441efb278",
                "PropertyMaps" : [ {
                  "SourceProperty" : "TileIcon",
                  "SourcePropertyBaseType" : "IMAGELINK",
                  "TargetProperty" : "SourceURL",
                  "TargetPropertyBaseType" : "IMAGELINK"
                } ],
                "SourceArea" : "Mashup",
                "SourceId" : "mashup-root",
                "SourceSection" : "",
                "TargetArea" : "UI",
                "TargetId" : "Image-4",
                "TargetSection" : ""
              }, {
                "Id" : "06979737-ecd5-4c81-817f-e93a42ea2c8c",
                "PropertyMaps" : [ {
                  "SourceProperty" : "LocalizedLabel",
                  "SourcePropertyBaseType" : "TEXT",
                  "TargetProperty" : "Data",
                  "TargetPropertyBaseType" : "ANYSCALAR"
                } ],
                "SourceArea" : "Mashup",
                "SourceId" : "mashup-root",
                "SourceSection" : "",
                "TargetArea" : "UI",
                "TargetId" : "ValueDisplay-15",
                "TargetSection" : ""
              }, {
                "Id" : "0531c35c-7a79-4563-8ba4-6c3b1502ee05",
                "PropertyMaps" : [ {
                  "SourceProperty" : "IsMashup",
                  "SourcePropertyBaseType" : "BOOLEAN",
                  "TargetProperty" : "IsMashup",
                  "TargetPropertyBaseType" : "BOOLEAN"
                } ],
                "SourceArea" : "Mashup",
                "SourceId" : "mashup-root",
                "SourceSection" : "",
                "TargetArea" : "UI",
                "TargetId" : "Validator-16",
                "TargetSection" : ""
              }, {
                "Id" : "50772eab-032d-4480-ac4b-739dfb82801e",
                "PropertyMaps" : [ {
                  "SourceProperty" : "OpenInNewWindow",
                  "SourcePropertyBaseType" : "BOOLEAN",
                  "TargetProperty" : "OpenInNewWin",
                  "TargetPropertyBaseType" : "BOOLEAN"
                } ],
                "SourceArea" : "Mashup",
                "SourceId" : "mashup-root",
                "SourceSection" : "",
                "TargetArea" : "UI",
                "TargetId" : "Validator-16",
                "TargetSection" : ""
              }, {
                "Id" : "f8d2f78f-394f-4b5c-8108-803f23d731d3",
                "PropertyMaps" : [ {
                  "SourceProperty" : "IsMashup",
                  "SourcePropertyBaseType" : "BOOLEAN",
                  "TargetProperty" : "IsMashup",
                  "TargetPropertyBaseType" : "BOOLEAN"
                } ],
                "SourceArea" : "Mashup",
                "SourceId" : "mashup-root",
                "SourceSection" : "",
                "TargetArea" : "UI",
                "TargetId" : "Validator-20",
                "TargetSection" : ""
              }, {
                "Id" : "3211d599-3f56-4436-816a-917c88b57701",
                "PropertyMaps" : [ {
                  "SourceProperty" : "OpenInNewWindow",
                  "SourcePropertyBaseType" : "BOOLEAN",
                  "TargetProperty" : "OpenInNewWin",
                  "TargetPropertyBaseType" : "BOOLEAN"
                } ],
                "SourceArea" : "Mashup",
                "SourceId" : "mashup-root",
                "SourceSection" : "",
                "TargetArea" : "UI",
                "TargetId" : "Validator-20",
                "TargetSection" : ""
              }, {
                "Id" : "435d19c2-7ca1-4026-97d3-6307ce2c4a45",
                "PropertyMaps" : [ {
                  "SourceProperty" : "IsMashup",
                  "SourcePropertyBaseType" : "BOOLEAN",
                  "TargetProperty" : "IsMashup",
                  "TargetPropertyBaseType" : "BOOLEAN"
                } ],
                "SourceArea" : "Mashup",
                "SourceId" : "mashup-root",
                "SourceSection" : "",
                "TargetArea" : "UI",
                "TargetId" : "Validator-21",
                "TargetSection" : ""
              }, {
                "Id" : "a3214f17-d82d-4bb7-ba80-86fb10eb9359",
                "PropertyMaps" : [ {
                  "SourceProperty" : "OpenInNewWindow",
                  "SourcePropertyBaseType" : "BOOLEAN",
                  "TargetProperty" : "OpenInNewWin",
                  "TargetPropertyBaseType" : "BOOLEAN"
                } ],
                "SourceArea" : "Mashup",
                "SourceId" : "mashup-root",
                "SourceSection" : "",
                "TargetArea" : "UI",
                "TargetId" : "Validator-21",
                "TargetSection" : ""
              }, {
                "Id" : "23b69a1e-ea71-4a31-85ad-e3fe2fabf4aa",
                "PropertyMaps" : [ {
                  "SourceProperty" : "IsMashup",
                  "SourcePropertyBaseType" : "BOOLEAN",
                  "TargetProperty" : "IsMashup",
                  "TargetPropertyBaseType" : "BOOLEAN"
                } ],
                "SourceArea" : "Mashup",
                "SourceId" : "mashup-root",
                "SourceSection" : "",
                "TargetArea" : "UI",
                "TargetId" : "Validator-23",
                "TargetSection" : ""
              }, {
                "Id" : "a7f38fd1-51d0-43ad-839e-08a01a03191b",
                "PropertyMaps" : [ {
                  "SourceProperty" : "OpenInNewWindow",
                  "SourcePropertyBaseType" : "BOOLEAN",
                  "TargetProperty" : "OpenInNewWin",
                  "TargetPropertyBaseType" : "BOOLEAN"
                } ],
                "SourceArea" : "Mashup",
                "SourceId" : "mashup-root",
                "SourceSection" : "",
                "TargetArea" : "UI",
                "TargetId" : "Validator-23",
                "TargetSection" : ""
              }, {
                "Id" : "51a8b946-4599-4493-ba1d-764ea86f16d2",
                "PropertyMaps" : [ {
                  "SourceProperty" : "LocalizedTooltip",
                  "SourcePropertyBaseType" : "TEXT",
                  "SourcePropertyType" : "Property",
                  "TargetProperty" : "ToolTipField",
                  "TargetPropertyBaseType" : "STRING",
                  "TargetPropertyType" : "property"
                } ],
                "SourceArea" : "Mashup",
                "SourceId" : "mashup-root",
                "SourceSection" : "",
                "TargetArea" : "UI",
                "TargetId" : "link-2",
                "TargetSection" : ""
              }, {
                "Id" : "41badd4c-74f8-4b4d-8021-18ada6f9c0d2",
                "PropertyMaps" : [ {
                  "SourceProperty" : "Output",
                  "SourcePropertyBaseType" : "BOOLEAN",
                  "SourcePropertyType" : "Property",
                  "TargetProperty" : "Visible",
                  "TargetPropertyBaseType" : "BOOLEAN",
                  "TargetPropertyType" : "property"
                } ],
                "SourceArea" : "UI",
                "SourceId" : "Validator-21",
                "SourceSection" : "",
                "TargetArea" : "UI",
                "TargetId" : "link-2",
                "TargetSection" : ""
              }, {
                "Id" : "9ac5d997-ea4a-4712-b940-c1869f0ef2c9",
                "PropertyMaps" : [ {
                  "SourceProperty" : "Output",
                  "SourcePropertyBaseType" : "BOOLEAN",
                  "SourcePropertyType" : "Property",
                  "TargetProperty" : "Visible",
                  "TargetPropertyBaseType" : "BOOLEAN",
                  "TargetPropertyType" : "property"
                } ],
                "SourceArea" : "UI",
                "SourceId" : "Validator-23",
                "SourceSection" : "",
                "TargetArea" : "UI",
                "TargetId" : "link-27",
                "TargetSection" : ""
              }, {
                "Id" : "124085a6-7d9b-4481-b917-da20fa2969c1",
                "PropertyMaps" : [ {
                  "SourceProperty" : "Output",
                  "SourcePropertyBaseType" : "BOOLEAN",
                  "SourcePropertyType" : "Property",
                  "TargetProperty" : "Visible",
                  "TargetPropertyBaseType" : "BOOLEAN",
                  "TargetPropertyType" : "property"
                } ],
                "SourceArea" : "UI",
                "SourceId" : "Validator-16",
                "SourceSection" : "",
                "TargetArea" : "UI",
                "TargetId" : "link-28",
                "TargetSection" : ""
              }, {
                "Id" : "925d3b55-1866-414b-99df-b5657fb7c5ad",
                "PropertyMaps" : [ {
                  "SourceProperty" : "LocalizedTooltip",
                  "SourcePropertyBaseType" : "TEXT",
                  "SourcePropertyType" : "Property",
                  "TargetProperty" : "ToolTipField",
                  "TargetPropertyBaseType" : "STRING",
                  "TargetPropertyType" : "property"
                } ],
                "SourceArea" : "Mashup",
                "SourceId" : "mashup-root",
                "SourceSection" : "",
                "TargetArea" : "UI",
                "TargetId" : "link-28",
                "TargetSection" : ""
              }, {
                "Id" : "c6ac3f62-cb54-4a08-bd0c-61040cc3649a",
                "PropertyMaps" : [ {
                  "SourceProperty" : "LocalizedTooltip",
                  "SourcePropertyBaseType" : "TEXT",
                  "SourcePropertyType" : "Property",
                  "TargetProperty" : "ToolTipField",
                  "TargetPropertyBaseType" : "STRING",
                  "TargetPropertyType" : "property"
                } ],
                "SourceArea" : "Mashup",
                "SourceId" : "mashup-root",
                "SourceSection" : "",
                "TargetArea" : "UI",
                "TargetId" : "navigation-3",
                "TargetSection" : ""
              }, {
                "Id" : "e1517c8d-1aed-4f6c-90b5-43a57a5d13af",
                "PropertyMaps" : [ {
                  "SourceProperty" : "Output",
                  "SourcePropertyBaseType" : "BOOLEAN",
                  "SourcePropertyType" : "Property",
                  "TargetProperty" : "Visible",
                  "TargetPropertyBaseType" : "BOOLEAN",
                  "TargetPropertyType" : "property"
                } ],
                "SourceArea" : "UI",
                "SourceId" : "Validator-20",
                "SourceSection" : "",
                "TargetArea" : "UI",
                "TargetId" : "navigation-3",
                "TargetSection" : ""
              }, {
                "Id" : "da2b3c3f-68da-4776-bb81-c15a86aa9720",
                "PropertyMaps" : [ {
                  "SourceProperty" : "Output",
                  "SourcePropertyBaseType" : "STRING",
                  "TargetProperty" : "SourceURL",
                  "TargetPropertyBaseType" : "STRING"
                } ],
                "SourceArea" : "UI",
                "SourceId" : "expression-26",
                "SourceSection" : "",
                "TargetArea" : "UI",
                "TargetId" : "link-2",
                "TargetSection" : ""
              }, {
                "Id" : "7760c7ab-51cc-4cae-9de8-a19a1d1e958e",
                "PropertyMaps" : [ {
                  "SourceProperty" : "Output",
                  "SourcePropertyBaseType" : "STRING",
                  "TargetProperty" : "SourceURL",
                  "TargetPropertyBaseType" : "STRING"
                } ],
                "SourceArea" : "UI",
                "SourceId" : "expression-26",
                "SourceSection" : "",
                "TargetArea" : "UI",
                "TargetId" : "link-28",
                "TargetSection" : ""
              }, {
                "Id" : "8007fdf4-85a2-4ed7-ab6e-cf043203c0e0",
                "PropertyMaps" : [ {
                  "SourceProperty" : "TileMashupOrURL",
                  "SourcePropertyBaseType" : "STRING",
                  "TargetProperty" : "SourceURL",
                  "TargetPropertyBaseType" : "STRING"
                } ],
                "SourceArea" : "Mashup",
                "SourceId" : "mashup-root",
                "SourceSection" : "",
                "TargetArea" : "UI",
                "TargetId" : "link-27",
                "TargetSection" : ""
              }, {
                "Id" : "a0737d45-233b-44ba-abb2-d82ff43b1544",
                "PropertyMaps" : [ {
                  "SourceProperty" : "TileMashupOrURL",
                  "SourcePropertyBaseType" : "STRING",
                  "TargetProperty" : "MashupName",
                  "TargetPropertyBaseType" : "MASHUPNAME"
                } ],
                "SourceArea" : "Mashup",
                "SourceId" : "mashup-root",
                "SourceSection" : "",
                "TargetArea" : "UI",
                "TargetId" : "navigation-3",
                "TargetSection" : ""
              }, {
                "Id" : "18f3567b-915a-4087-a734-c37ac752d85c",
                "PropertyMaps" : [ {
                  "SourceProperty" : "TileMashupOrURL",
                  "SourcePropertyBaseType" : "STRING",
                  "SourcePropertyType" : "property",
                  "TargetProperty" : "originalURL",
                  "TargetPropertyBaseType" : "STRING",
                  "TargetPropertyType" : "property"
                } ],
                "SourceArea" : "Mashup",
                "SourceId" : "mashup-root",
                "SourceSection" : "",
                "TargetArea" : "UI",
                "TargetId" : "expression-26",
                "TargetSection" : ""
              } ],
              "DesignTimePermissions" : {
                "Create" : [ ],
                "Delete" : [ ],
                "Metadata" : [ ],
                "Read" : [ ],
                "Update" : [ ]
              },
              "Events" : [ ],
              "RunTimePermissions" : {
                "permissions" : [ ]
              },
              "UI" : {
                "Properties" : {
                  "AddToDashboardButton" : "SimplePlus",
                  "AddToDashboardButtonStyle" : "DefaultAddToDashboardButtonStyle",
                  "Area" : "Mashup",
                  "BGImage" : "",
                  "BGImageRepeat" : "no-repeat",
                  "BGImageSize" : "auto",
                  "CSSFile" : "",
                  "Columns" : 0,
                  "ConfigureGadgetButton" : "SimpleGear",
                  "ConfigureGadgetButtonStyle" : "DefaultConfigureGadgetButtonStyle",
                  "CustomClass" : "factory_tiles_style",
                  "Description" : "",
                  "DisplayName" : "Mashup",
                  "EnableParameterEditing" : false,
                  "Height" : 130,
                  "Id" : "mashup-root",
                  "IgnoreWarningsInViewMashup" : false,
                  "IsMashup" : false,
                  "IsPrintLayout" : false,
                  "Left" : 0,
                  "MashupToEditGadget" : "DefaultMashupToEditGadget",
                  "MinHeight" : 0,
                  "MinWidth" : 0,
                  "OpenInNewWindow" : false,
                  "ResponsiveLayout" : false,
                  "Rows" : 0,
                  "ShowDataLoading" : true,
                  "Style" : "PTC.SCA.SCO.NoStyle",
                  "StyleTheme" : "PTC Convergence Theme",
                  "Title" : "",
                  "TitleBar" : false,
                  "TitleBarStyle" : "DefaultTitleBarStyle",
                  "TitleBarText" : "Gadget Title Here",
                  "Top" : 0,
                  "Type" : "mashup",
                  "UseMasterTheme" : false,
                  "UseTheme" : false,
                  "Visible" : true,
                  "Width" : 130,
                  "Z-index" : 10,
                  "__TypeDisplayName" : "Mashup",
                  "_currentParameterDefs" : [ {
                    "Aspects" : {
                      "bindingDirection" : "BOTH",
                      "isMandatory" : false
                    },
                    "BaseType" : "TEXT",
                    "Description" : "",
                    "ParameterName" : "LocalizedTooltip"
                  }, {
                    "Aspects" : {
                      "bindingDirection" : "BOTH",
                      "isMandatory" : false
                    },
                    "BaseType" : "STRING",
                    "Description" : "",
                    "ParameterName" : "TileMashupOrURL"
                  }, {
                    "Aspects" : {
                      "bindingDirection" : "BOTH",
                      "isMandatory" : false
                    },
                    "BaseType" : "IMAGELINK",
                    "Description" : "",
                    "ParameterName" : "TileIcon"
                  }, {
                    "Aspects" : {
                      "bindingDirection" : "BOTH",
                      "isMandatory" : false
                    },
                    "BaseType" : "IMAGELINK",
                    "Description" : "",
                    "ParameterName" : "TileBackground"
                  }, {
                    "Aspects" : {
                      "bindingDirection" : "BOTH",
                      "isMandatory" : false
                    },
                    "BaseType" : "TEXT",
                    "Description" : "",
                    "ParameterName" : "LocalizedLabel"
                  }, {
                    "Aspects" : {
                      "bindingDirection" : "BOTH",
                      "isMandatory" : false
                    },
                    "BaseType" : "BOOLEAN",
                    "DefaultValue" : false,
                    "Description" : "",
                    "ParameterName" : "IsMashup"
                  }, {
                    "Aspects" : {
                      "bindingDirection" : "BOTH",
                      "isMandatory" : false
                    },
                    "BaseType" : "BOOLEAN",
                    "DefaultValue" : false,
                    "Description" : "",
                    "ParameterName" : "OpenInNewWindow"
                  } ],
                  "id_index" : 29,
                  "supportsAutoResize" : true
                },
                "Widgets" : [ {
                  "Properties" : {
                    "Area" : "UI",
                    "Description" : "",
                    "DisplayName" : "MainPanel",
                    "Height" : 130,
                    "HideScrollbars" : true,
                    "HorizontalAnchor" : "left",
                    "Id" : "Panel-2",
                    "LastContainer" : false,
                    "Left" : 0,
                    "ResponsiveLayout" : false,
                    "ShowDataLoading" : true,
                    "Style" : "PTC.SCA.SCO.NoStyle",
                    "Top" : 0,
                    "Type" : "panel",
                    "VerticalAnchor" : "top",
                    "Visible" : true,
                    "Width" : 130,
                    "Z-index" : 10,
                    "__TypeDisplayName" : "Panel"
                  },
                  "Widgets" : [ {
                    "Properties" : {
                      "AlternateText" : "",
                      "Area" : "UI",
                      "BorderStyle" : "PTC.SCA.SCO.NoStyle",
                      "Description" : "",
                      "DisplayName" : "Image-Icon",
                      "Height" : 128,
                      "Id" : "Image-4",
                      "LastContainer" : false,
                      "Left" : 0,
                      "PreventCaching" : false,
                      "ResponsiveLayout" : false,
                      "Scaling" : "none",
                      "ShowDataLoading" : true,
                      "SourceURL" : "",
                      "ToolTipField" : "",
                      "ToolTipStyle" : "DefaultTooltipStyle",
                      "Top" : 0,
                      "Type" : "image",
                      "Visible" : true,
                      "Width" : 128,
                      "Z-index" : 20,
                      "__TypeDisplayName" : "Image",
                      "__supportsTooltip" : true
                    },
                    "Widgets" : [ ]
                  }, {
                    "Properties" : {
                      "Alignment" : "center",
                      "Area" : "UI",
                      "BackgroundFill" : "content",
                      "CustomClass" : "",
                      "Description" : "",
                      "DisplayName" : "ValueDisplay-Label",
                      "Height" : 36,
                      "Id" : "ValueDisplay-15",
                      "ImageScaling" : "width",
                      "Label" : "",
                      "LabelAlignment" : "center",
                      "LastContainer" : false,
                      "Left" : 10,
                      "Overflow" : "visible",
                      "ResponsiveLayout" : false,
                      "ShowDataLoading" : true,
                      "TextIfNoValue" : "",
                      "TextIfNoValueOffset" : 0,
                      "TextIfNoValueStyle" : "PTC.SCA.SCO.NoStyle",
                      "TextWrap" : true,
                      "ToolTipField" : "",
                      "ToolTipStyle" : "DefaultTooltipStyle",
                      "Top" : 83,
                      "Type" : "valuedisplay",
                      "ValueDisplayLabelStyle" : "PTC.SCA.SCO.NoStyle",
                      "ValueDisplayStyle" : {
                        "backgroundColor" : "",
                        "displayString" : "",
                        "fontEmphasisBold" : false,
                        "fontEmphasisItalic" : false,
                        "fontEmphasisUnderline" : false,
                        "foregroundColor" : "#232b2d",
                        "image" : "",
                        "lineColor" : "",
                        "lineStyle" : "solid",
                        "lineThickness" : 1,
                        "secondaryBackgroundColor" : "",
                        "textSize" : "normal"
                      },
                      "ValueFormat" : {
                        "FormatString" : "format",
                        "formatInfo" : {
                          "FieldName" : "",
                          "StateDefinition" : "",
                          "StateDefinitionType" : "fixed",
                          "StateFormats" : [ {
                            "state" : "",
                            "stateName" : "fixed"
                          } ]
                        },
                        "renderer" : "HTML",
                        "roundingEnabled" : true
                      },
                      "ValueFormat_StateParameters" : [ ],
                      "VerticalAlignment" : "middle",
                      "Visible" : true,
                      "Width" : 110,
                      "Z-index" : 10,
                      "__TypeDisplayName" : "Value Display",
                      "__supportsLabel" : true,
                      "__supportsTooltip" : true
                    },
                    "Widgets" : [ ]
                  }, {
                    "Properties" : {
                      "Area" : "UI",
                      "AutoEvaluate" : true,
                      "Description" : "",
                      "DisplayName" : "Validator-IsMashupOpenInSameWindow",
                      "Expression" : "IsMashup && !OpenInNewWin",
                      "Height" : 0,
                      "Id" : "Validator-16",
                      "LastContainer" : false,
                      "Left" : 0,
                      "Output" : true,
                      "ResponsiveLayout" : false,
                      "ShowDataLoading" : false,
                      "Top" : 0,
                      "Type" : "validator",
                      "Visible" : false,
                      "Width" : 0,
                      "Z-index" : 10,
                      "__TypeDisplayName" : "Validator",
                      "_currentParameterDefs" : [ {
                        "BaseType" : "BOOLEAN",
                        "Description" : "",
                        "ParameterName" : "IsMashup",
                        "isBindingTarget" : true,
                        "name" : "IsMashup"
                      }, {
                        "BaseType" : "BOOLEAN",
                        "Description" : "",
                        "ParameterName" : "OpenInNewWin",
                        "isBindingTarget" : true,
                        "name" : "OpenInNewWin"
                      } ]
                    },
                    "Widgets" : [ ]
                  }, {
                    "Properties" : {
                      "Area" : "UI",
                      "AutoEvaluate" : true,
                      "Description" : "",
                      "DisplayName" : "Validator-IsMashupOpenInNewWindow",
                      "Expression" : "IsMashup && OpenInNewWin",
                      "Height" : 0,
                      "Id" : "Validator-20",
                      "LastContainer" : false,
                      "Left" : 10,
                      "Output" : true,
                      "ResponsiveLayout" : false,
                      "ShowDataLoading" : false,
                      "Top" : 10,
                      "Type" : "validator",
                      "Visible" : false,
                      "Width" : 0,
                      "Z-index" : 10,
                      "__TypeDisplayName" : "Validator",
                      "_currentParameterDefs" : [ {
                        "BaseType" : "BOOLEAN",
                        "Description" : "",
                        "ParameterName" : "IsMashup",
                        "isBindingTarget" : true,
                        "name" : "IsMashup"
                      }, {
                        "BaseType" : "BOOLEAN",
                        "Description" : "",
                        "ParameterName" : "OpenInNewWin",
                        "isBindingTarget" : true,
                        "name" : "OpenInNewWin"
                      } ]
                    },
                    "Widgets" : [ ]
                  }, {
                    "Properties" : {
                      "Area" : "UI",
                      "AutoEvaluate" : true,
                      "Description" : "",
                      "DisplayName" : "Validator-NotMashupSameWindow",
                      "Expression" : "!IsMashup && !OpenInNewWin",
                      "Height" : 0,
                      "Id" : "Validator-21",
                      "LastContainer" : false,
                      "Left" : 10,
                      "Output" : true,
                      "ResponsiveLayout" : false,
                      "ShowDataLoading" : false,
                      "Top" : 10,
                      "Type" : "validator",
                      "Visible" : false,
                      "Width" : 0,
                      "Z-index" : 10,
                      "__TypeDisplayName" : "Validator",
                      "_currentParameterDefs" : [ {
                        "BaseType" : "BOOLEAN",
                        "Description" : "",
                        "ParameterName" : "IsMashup",
                        "isBindingTarget" : true,
                        "name" : "IsMashup"
                      }, {
                        "BaseType" : "BOOLEAN",
                        "Description" : "",
                        "ParameterName" : "OpenInNewWin",
                        "isBindingTarget" : true,
                        "name" : "OpenInNewWin"
                      } ]
                    },
                    "Widgets" : [ ]
                  }, {
                    "Properties" : {
                      "Area" : "UI",
                      "AutoEvaluate" : true,
                      "Description" : "",
                      "DisplayName" : "Validator-NotMashupOpenInNewWindow",
                      "Expression" : "!IsMashup && OpenInNewWin",
                      "Height" : 0,
                      "Id" : "Validator-23",
                      "LastContainer" : false,
                      "Left" : 10,
                      "Output" : true,
                      "ResponsiveLayout" : false,
                      "ShowDataLoading" : false,
                      "Top" : 10,
                      "Type" : "validator",
                      "Visible" : false,
                      "Width" : 0,
                      "Z-index" : 10,
                      "__TypeDisplayName" : "Validator",
                      "_currentParameterDefs" : [ {
                        "BaseType" : "BOOLEAN",
                        "Description" : "",
                        "ParameterName" : "IsMashup",
                        "isBindingTarget" : true,
                        "name" : "IsMashup"
                      }, {
                        "BaseType" : "BOOLEAN",
                        "Description" : "",
                        "ParameterName" : "OpenInNewWin",
                        "isBindingTarget" : true,
                        "name" : "OpenInNewWin"
                      } ]
                    },
                    "Widgets" : [ ]
                  }, {
                    "Properties" : {
                      "Area" : "UI",
                      "AutoEvaluate" : true,
                      "DataChangeType" : "ALWAYS",
                      "Description" : "",
                      "DisplayName" : "urlBuilderExpression",
                      "Expression" : "function needRefresh(url){\n    mashupName = TW.Runtime.Widgets.PTC_SCA_SCO_CustomFunctions.getURLParameter(\"mashup\",url);\n\tmasterName = TW.Runtime.Widgets.PTC_SCA_SCO_CustomFunctions.getURLParameter(\"master\",url);\n\tcurrentMashup = TW.Runtime.pageMashupName;\n\tcurrentMaster = TW.Runtime.actualMasterName;\n\treturn ( currentMashup ) && (currentMashup === mashupName || currentMaster === masterName);\n}\nneedRefresh(originalURL) ? ('/Thingworx/Mashups/' + TW.Runtime.Widgets.PTC_SCA_SCO_CustomFunctions.getURLParameter(\"mashup\",originalURL) + \"?numAdditionalBack=1\") : originalURL;",
                      "FireOnFirstValue" : false,
                      "Height" : 18,
                      "Id" : "expression-26",
                      "LastContainer" : false,
                      "Left" : 5,
                      "OutputBaseType" : "STRING",
                      "ResponsiveLayout" : false,
                      "ShowDataLoading" : false,
                      "Top" : 90,
                      "Type" : "expression",
                      "Visible" : false,
                      "Width" : 200,
                      "Z-index" : 10,
                      "__TypeDisplayName" : "Expression",
                      "_currentParameterDefs" : [ {
                        "BaseType" : "STRING",
                        "Description" : "",
                        "ParameterName" : "originalURL",
                        "bindingDirection" : "",
                        "bindingStatus" : true,
                        "isBindingSource" : false,
                        "isBindingTarget" : true,
                        "name" : "originalURL"
                      } ]
                    },
                    "Widgets" : [ ]
                  }, {
                    "Properties" : {
                      "Alignment" : "center",
                      "Area" : "UI",
                      "DisplayName" : "Link-OpenInSameWindow",
                      "Height" : 128,
                      "Id" : "link-2",
                      "LastContainer" : false,
                      "Left" : 0,
                      "LinkDisplay" : "noText",
                      "LinkHoverStyle" : "PTC.SCA.SCO.NoStyle",
                      "LinkStyle" : "PTC.SCA.SCO.NoStyle",
                      "ResponsiveLayout" : false,
                      "ShowDataLoading" : false,
                      "SourceURL" : "",
                      "TabSequence" : 0,
                      "TargetWindow" : "replace",
                      "Text" : "",
                      "ToolTipField" : "",
                      "ToolTipStyle" : "DefaultTooltipStyle",
                      "Top" : 0,
                      "Type" : "link",
                      "Visible" : false,
                      "Width" : 128,
                      "Z-index" : 50,
                      "__TypeDisplayName" : "Link",
                      "__supportsTooltip" : true
                    },
                    "Widgets" : [ ]
                  }, {
                    "Properties" : {
                      "Alignment" : "center",
                      "Area" : "UI",
                      "DisplayName" : "Link-OpenInNewWindow",
                      "Height" : 128,
                      "Id" : "link-27",
                      "LastContainer" : false,
                      "Left" : 0,
                      "LinkDisplay" : "noText",
                      "LinkHoverStyle" : "PTC.SCA.SCO.NoStyle",
                      "LinkStyle" : "PTC.SCA.SCO.NoStyle",
                      "ResponsiveLayout" : false,
                      "ShowDataLoading" : false,
                      "SourceURL" : "",
                      "TabSequence" : 0,
                      "TargetWindow" : "new",
                      "Text" : "",
                      "ToolTipField" : "",
                      "ToolTipStyle" : "DefaultTooltipStyle",
                      "Top" : 0,
                      "Type" : "link",
                      "Visible" : false,
                      "Width" : 128,
                      "Z-index" : 50,
                      "__TypeDisplayName" : "Link",
                      "__supportsTooltip" : true
                    },
                    "Widgets" : [ ]
                  }, {
                    "Properties" : {
                      "Alignment" : "center",
                      "Area" : "UI",
                      "DisplayName" : "Link-OpenMashupInSameWindow",
                      "Height" : 128,
                      "Id" : "link-28",
                      "LastContainer" : false,
                      "Left" : 0,
                      "LinkDisplay" : "noText",
                      "LinkHoverStyle" : "PTC.SCA.SCO.NoStyle",
                      "LinkStyle" : "PTC.SCA.SCO.NoStyle",
                      "ResponsiveLayout" : false,
                      "ShowDataLoading" : false,
                      "SourceURL" : "",
                      "TabSequence" : 0,
                      "TargetWindow" : "replace",
                      "Text" : "",
                      "ToolTipField" : "",
                      "ToolTipStyle" : "DefaultTooltipStyle",
                      "Top" : 0,
                      "Type" : "link",
                      "Visible" : false,
                      "Width" : 128,
                      "Z-index" : 50,
                      "__TypeDisplayName" : "Link",
                      "__supportsTooltip" : true
                    },
                    "Widgets" : [ ]
                  }, {
                    "Properties" : {
                      "Alignment" : "left",
                      "Area" : "UI",
                      "ClickOutsideToClose" : false,
                      "DisplayName" : "Navigation-MashupOpenInNewWindow",
                      "FixedPopupHeight" : 0,
                      "FixedPopupWidth" : 0,
                      "Height" : 128,
                      "Icon" : "",
                      "IconAlignment" : "left",
                      "Id" : "navigation-3",
                      "LastContainer" : false,
                      "Left" : 0,
                      "MashupName" : "",
                      "MashupParameters" : [ ],
                      "MessageToShow" : "",
                      "ModalPopupOpacity" : 0.5,
                      "NavigationActiveStyle" : "PTC.SCA.SCO.NoStyle",
                      "NavigationFocusStyle" : "PTC.SCA.SCO.NoStyle",
                      "NavigationHoverStyle" : "PTC.SCA.SCO.NoStyle",
                      "PopupScrolling" : "auto",
                      "PopupTitle" : "",
                      "PopupTitleStyle" : "PTC.SCA.SCO.NoStyle",
                      "ReloadOnReplace" : false,
                      "ResponsiveLayout" : false,
                      "RoundedCorners" : true,
                      "ShowCloseButton" : true,
                      "ShowDataLoading" : true,
                      "ShowMessageIfNoMashup" : false,
                      "SingleClickSelectOnTablets" : true,
                      "Style" : "PTC.SCA.SCO.NoStyle",
                      "TabSequence" : 0,
                      "TargetWindow" : "new",
                      "Text" : "",
                      "ToolTipField" : "",
                      "ToolTipStyle" : "DefaultTooltipStyle",
                      "Top" : 0,
                      "Transparent" : false,
                      "Type" : "navigation",
                      "Visible" : true,
                      "Width" : 128,
                      "Z-index" : 100,
                      "__TypeDisplayName" : "Navigation",
                      "__supportsTooltip" : true
                    },
                    "Widgets" : [ ]
                  } ]
                } ]
              },
              "mashupType" : "mashup"
            }
            ]]>
            </mashupContent>
            <preview></preview>
        </Mashup>
    </Mashups>
</Entities>
