<?xml version="1.0" encoding="utf-8"?><Entities><ExtensionPackages><ExtensionPackage name="analysisdeps-extension" description="Third party dependencies for Thingworx Analytics Manager" vendor="ThingWorx, a PTC Business." packageVersion="8.5.0" buildNumber="b2" minimumThingWorxVersion="8.3.0"><JarResources><FileResource file="analysisdeps-8.5.0-b2.jar" type="JAR"></FileResource><FileResource file="org.everit.json.schema-1.4.0.jar" type="JAR"></FileResource><FileResource file="resty-0.3.2.jar" type="JAR"></FileResource></JarResources></ExtensionPackage></ExtensionPackages></Entities>