<?xml version="1.0" encoding="UTF-8"?>
<Entities
 build="b5"
 majorVersion="8"
 minorVersion="1"
 modelPersistenceProviderPackage="PostgresPersistenceProviderPackage"
 revision="0"
 schemaVersion="1010">
    <DataShapes>
        <DataShape
         aspect.isEditableExtensionObject="false"
         aspect.isExtension="true"
         baseDataShape=""
         description="Additionnal Properties Action Result {PTC.SCA.SCO.AdditionalProperties.ActionResultDatashape}"
         documentationContent=""
         homeMashup=""
         lastModifiedDate="2017-10-03T20:13:30.824Z"
         name="PTC.SCA.SCO.AdditionalProperties.ActionResultDatashape"
         projectName="PTC.SCA.SCO.Production KPI"
         tags="PTC:sca-sco-productionkpi;PTC:DataShape;PTC:sca-mfg;PTC:KepServer">
            <avatar></avatar>
            <DesignTimePermissions>
                <Create></Create>
                <Read></Read>
                <Update></Update>
                <Delete></Delete>
                <Metadata></Metadata>
            </DesignTimePermissions>
            <RunTimePermissions></RunTimePermissions>
            <VisibilityPermissions>
                <Visibility></Visibility>
            </VisibilityPermissions>
            <ConfigurationTables></ConfigurationTables>
            <FieldDefinitions>
                <FieldDefinition
                 aspect.dataShape="PTC.Factory.PhysicalAssetPropertyDataShape"
                 baseType="INFOTABLE"
                 description=""
                 name="failedItems"
                 ordinal="4"></FieldDefinition>
                <FieldDefinition
                 baseType="STRING"
                 description=""
                 name="failedMsg"
                 ordinal="2"></FieldDefinition>
                <FieldDefinition
                 aspect.dataShape="PTC.Factory.PhysicalAssetPropertyDataShape"
                 baseType="INFOTABLE"
                 description=""
                 name="successItems"
                 ordinal="3"></FieldDefinition>
                <FieldDefinition
                 baseType="STRING"
                 description=""
                 name="successMsg"
                 ordinal="1"></FieldDefinition>
            </FieldDefinitions>
        </DataShape>
    </DataShapes>
</Entities>
