<?xml version="1.0" encoding="UTF-8"?>
<Entities>
	<ExtensionPackages>
		<ExtensionPackage name="TriggerWidget-extension"
						  description="Trigger Service Widget"
						  vendor="ThingWorx Customer Service + PTC R+D"
						  packageVersion="8.5.1"
						  buildNumber="01"
						  minimumThingWorxVersion="8.1.0" />
	</ExtensionPackages>
	<StyleDefinitions>
		<StyleDefinition name="Default sprite style" description="Default text style {Default sprite style}" documentationContent="" lastModifiedDate="2014-10-01T14:44:30.820-04:00" tags="PTC:sca-common;PTC:StyleDefinition"><content><![CDATA[{"displayString":"","fontEmphasisUnderline":false,"fontEmphasisItalic":false,"textSize":"normal","lineColor":"#000000","backgroundColor":"#1206ff","lineStyle":"solid","lineThickness":1,"secondaryBackgroundColor":"","fontEmphasisBold":false,"foregroundColor":""}]]></content></StyleDefinition>
	</StyleDefinitions>
	<Widgets>
		<Widget name="triggerButton">
			<UIResources>
				<!-- Studio ONLY -->
				<FileResource type="CSS" file="triggerButton.ide.css" description="" isDevelopment="true" isRuntime="false" />
				<FileResource type="JS" file="triggerButton.ide.js" description="" isDevelopment="true" isRuntime="false" />
				<!-- Runtime/Squeal ONLY -->
				<FileResource type="CSS" file="triggerButton.runtime.css" description="" isDevelopment="false" isRuntime="true" />
				<FileResource type="JS" file="triggerButton.runtime.js" description="" isDevelopment="false" isRuntime="true" />
				
			</UIResources>
		</Widget>
	</Widgets>
</Entities>
