<?xml version="1.0" encoding="UTF-8"?>
<Entities
 build="b50"
 majorVersion="7"
 minorVersion="3"
 modelPersistenceProviderPackage="NeoPersistenceProviderPackage"
 revision="0"
 schemaVersion="931">
    <MediaEntities>
        <MediaEntity
         aspect.isEditableExtensionObject="true"
         aspect.isExtension="true"
         description="***DEPRECATED-J*** This media entity will be removed in a future release. Blank icon {PTC.Factory.BlankUnassignedAsset}"
         documentationContent=""
         homeMashup=""
         lastModifiedDate="2017-02-10T07:58:50.159-05:00"
         name="PTC.Factory.BlankUnassignedAsset"
         projectName="PTC.SCA.SCO.Production KPI"
         tags="PTC:sca-sco-productionkpi;PTC:sca-mfg;PTC:MediaEntity">
            <avatar></avatar>
            <DesignTimePermissions>
                <Create></Create>
                <Read></Read>
                <Update></Update>
                <Delete></Delete>
                <Metadata></Metadata>
            </DesignTimePermissions>
            <RunTimePermissions></RunTimePermissions>
            <VisibilityPermissions>
                <Visibility>
                    <Principal
                     isPermitted="true"
                     name="PTC.Factory.MachineVisibility"
                     type="Organization"></Principal>
                </Visibility>
            </VisibilityPermissions>
            <ConfigurationTables></ConfigurationTables>
            <content>
            <![CDATA[
            iVBORw0KGgoAAAANSUhEUgAAACQAAAAkAQAAAADJe6U1AAAAAnRSTlMAAHaTzTgAAAAJcEhZcwAA
            AEgAAABIAEbJaz4AAAAMSURBVAjXY2AYngAAANgAAehTIP8AAAAldEVYdGRhdGU6Y3JlYXRlADIw
            MTctMDEtMzBUMTQ6MjM6NDMtMDY6MDAzpZvXAAAAJXRFWHRkYXRlOm1vZGlmeQAyMDE3LTAxLTMw
            VDE0OjIzOjQzLTA2OjAwQvgjawAAAABJRU5ErkJggg==
            ]]>
            </content>
        </MediaEntity>
    </MediaEntities>
</Entities>
