<?xml version="1.0" encoding="UTF-8"?>
<Entities build="latest" majorVersion="0" minorVersion="0" revision="0" schemaVersion="1010">
  <Things>
    <Thing description="Data Table used to persist RemoteSessions." documentationContent="" effectiveThingPackage="DataTableThing" enabled="true" homeMashup="" identifier="" lastModifiedDate="2018-09-12T14:52:18.707Z" name="RemoteSessionTable" projectName="" published="false" tags="" thingTemplate="DataTable" valueStream="">
      <Owner name="Administrator" type="User"/>
      <ConfigurationTables>
        <ConfigurationTable description="Data Thing Configuration" isMultiRow="false" name="DataThingSettings" ordinal="0">
          <DataShape>
            <FieldDefinitions>
              <FieldDefinition baseType="STRING" description="Persistence Provider Name" name="persistenceProvider" ordinal="0" />
            </FieldDefinitions>
          </DataShape>
          <Rows>
            <Row>
              <persistenceProvider><![CDATA[ThingworxPersistenceProvider]]></persistenceProvider>
            </Row>
          </Rows>
        </ConfigurationTable>
        <ConfigurationTable description="Index Settings" isMultiRow="true" name="Indexes" ordinal="1">
          <DataShape>
            <FieldDefinitions>
              <FieldDefinition aspect.friendlyName="Index Field Names" baseType="STRING" description="Index fields" name="fieldNames" ordinal="1" />
              <FieldDefinition aspect.friendlyName="Index Name" baseType="STRING" description="Index name" name="name" ordinal="0" />
            </FieldDefinitions>
          </DataShape>
          <Rows/>
        </ConfigurationTable>
        <ConfigurationTable description="Configurable options to tune Data Table performance" isMultiRow="false" name="PersistenceProviderCustomSettings" ordinal="2">
          <DataShape>
            <FieldDefinitions>
              <FieldDefinition aspect.friendlyName="Persistence Provider Custom Settings Table" baseType="INFOTABLE" description="Persistence Provider Custom Config Table" name="customConfigTable" ordinal="0" />
            </FieldDefinitions>
          </DataShape>
          <Rows>
            <Row>
              <customConfigTable>
                <infoTable>
                  <DataShape>
                    <FieldDefinitions/>
                  </DataShape>
                  <Rows/>
                </infoTable>
              </customConfigTable>
            </Row>
          </Rows>
        </ConfigurationTable>
        <ConfigurationTable description="Data Shape Configuration" isMultiRow="false" name="Settings" ordinal="0">
          <DataShape>
            <FieldDefinitions>
              <FieldDefinition aspect.friendlyName="Data Shape" baseType="DATASHAPENAME" description="Data shape" name="dataShape" ordinal="0" />
            </FieldDefinitions>
          </DataShape>
          <Rows>
            <Row>
              <accumulatedDataShape>
                <json><![CDATA[{"fieldDefinitions":{"agentDevice":{"name":"agentDevice","aspects":{"thingShape":"RemoteAccessible"},"description":"The name of the Thing this session is connected to","baseType":"THINGNAME","ordinal":0},"bytesTransferred":{"name":"bytesTransferred","aspects":{},"description":"the number of bytes transferred during the session","baseType":"LONG","ordinal":2},"remoteServer":{"name":"remoteServer","aspects":{"thingShape":"RemoteAccessServer"},"description":"the name of the server hosting this session","baseType":"THINGNAME","ordinal":8},"sessionId":{"name":"sessionId","aspects":{"isPrimaryKey":true},"description":"Unique server session ID","baseType":"GUID","ordinal":9},"agentIP":{"name":"agentIP","aspects":{},"description":"the agent's IP address","baseType":"STRING","ordinal":1},"createdBy":{"name":"createdBy","aspects":{},"description":"the user who created the session","baseType":"STRING","ordinal":3},"terminationCause":{"name":"terminationCause","aspects":{},"description":"reason for session termination","baseType":"TEXT","ordinal":11},"createdTime":{"name":"createdTime","aspects":{},"description":"the time at which the session was created","baseType":"DATETIME","ordinal":4},"userIP":{"name":"userIP","aspects":{},"description":"the user's IP address","baseType":"STRING","ordinal":12},"endTime":{"name":"endTime","aspects":{},"description":"the time at which the session was ended or terminated","baseType":"DATETIME","ordinal":5},"lastActivityTime":{"name":"lastActivityTime","aspects":{},"description":"When was the last time data was sent over the tunnel","baseType":"DATETIME","ordinal":6},"parameters":{"name":"parameters","aspects":{"dataShape":"RemoteSessionParameters"},"description":"the parameters used to start this session","baseType":"INFOTABLE","ordinal":7},"status":{"name":"status","aspects":{},"description":"the status of this session","baseType":"STRING","ordinal":10}}}]]></json>
              </accumulatedDataShape>
              <dataShape><![CDATA[RemoteSession]]></dataShape>
            </Row>
          </Rows>
        </ConfigurationTable>
      </ConfigurationTables>
    </Thing>
  </Things>
</Entities>
