<?xml version="1.0" encoding="UTF-8"?>
<Entities
 build="b1949"
 majorVersion="8"
 minorVersion="4"
 modelPersistenceProviderPackage="PostgresPersistenceProviderPackage"
 revision="0"
 schemaVersion="1040"
 universal="password">
    <DataShapes>
        <DataShape
         aspect.isEditableExtensionObject="false"
         aspect.isExtension="true"
         baseDataShape=""
         description="Trend {PTC.Factory.TrendDataShape}"
         documentationContent="&lt;p&gt;&lt;br&gt;&lt;/p&gt;"
         homeMashup=""
         lastModifiedDate="2019-01-14T09:19:05.144-05:00"
         name="PTC.Factory.TrendDataShape"
         projectName="PTC.SCA.SCO.Troubleshooting Tool"
         tags="PTC:sca-sco-troubleshootingtool;PTC:DataShape;PTC:sca-common;PTC:TroubleShootingTool">
            <avatar></avatar>
            <DesignTimePermissions>
                <Create></Create>
                <Read></Read>
                <Update></Update>
                <Delete></Delete>
                <Metadata></Metadata>
            </DesignTimePermissions>
            <RunTimePermissions></RunTimePermissions>
            <VisibilityPermissions>
                <Visibility>
                    <Principal
                     isPermitted="true"
                     name="PTC.Factory.MachineVisibility:Trend&amp;Troubleshooting"
                     type="OrganizationalUnit"></Principal>
                </Visibility>
            </VisibilityPermissions>
            <ConfigurationTableDefinitions></ConfigurationTableDefinitions>
            <ConfigurationTables></ConfigurationTables>
            <FieldDefinitions>
                <FieldDefinition
                 baseType="USERNAME"
                 description=""
                 name="CreatedBy"
                 ordinal="0"></FieldDefinition>
                <FieldDefinition
                 baseType="DATETIME"
                 description="CreateTimestamp"
                 name="CreateTimestamp"
                 ordinal="0"></FieldDefinition>
                <FieldDefinition
                 baseType="STRING"
                 description="description"
                 name="description"
                 ordinal="0"></FieldDefinition>
                <FieldDefinition
                 baseType="STRING"
                 description=""
                 name="DetailsPageLink"
                 ordinal="0"></FieldDefinition>
                <FieldDefinition
                 baseType="STRING"
                 description="Identifier of resource; unique within this provider's resources"
                 name="Id"
                 ordinal="0"></FieldDefinition>
                <FieldDefinition
                 aspect.isPrimaryKey="true"
                 baseType="STRING"
                 description=""
                 name="Name"
                 ordinal="0"></FieldDefinition>
                <FieldDefinition
                 baseType="STRING"
                 description=""
                 name="Range"
                 ordinal="0"></FieldDefinition>
                <FieldDefinition
                 baseType="STRING"
                 description=""
                 name="TrendFullName1"
                 ordinal="0"></FieldDefinition>
                <FieldDefinition
                 baseType="STRING"
                 description=""
                 name="TrendFullName2"
                 ordinal="0"></FieldDefinition>
                <FieldDefinition
                 baseType="STRING"
                 description=""
                 name="TrendFullName3"
                 ordinal="0"></FieldDefinition>
                <FieldDefinition
                 baseType="STRING"
                 description=""
                 name="TrendFullName4"
                 ordinal="0"></FieldDefinition>
                <FieldDefinition
                 baseType="STRING"
                 description=""
                 name="TrendFullName5"
                 ordinal="0"></FieldDefinition>
                <FieldDefinition
                 baseType="STRING"
                 description=""
                 name="TrendName"
                 ordinal="0"></FieldDefinition>
                <FieldDefinition
                 baseType="STRING"
                 description=""
                 name="TrendName1"
                 ordinal="0"></FieldDefinition>
                <FieldDefinition
                 baseType="STRING"
                 description=""
                 name="TrendName10"
                 ordinal="0"></FieldDefinition>
                <FieldDefinition
                 baseType="STRING"
                 description=""
                 name="TrendName2"
                 ordinal="0"></FieldDefinition>
                <FieldDefinition
                 baseType="STRING"
                 description=""
                 name="TrendName3"
                 ordinal="0"></FieldDefinition>
                <FieldDefinition
                 baseType="STRING"
                 description=""
                 name="TrendName4"
                 ordinal="0"></FieldDefinition>
                <FieldDefinition
                 baseType="STRING"
                 description=""
                 name="TrendName5"
                 ordinal="0"></FieldDefinition>
                <FieldDefinition
                 baseType="STRING"
                 description=""
                 name="TrendName6"
                 ordinal="0"></FieldDefinition>
                <FieldDefinition
                 baseType="STRING"
                 description=""
                 name="TrendName7"
                 ordinal="0"></FieldDefinition>
                <FieldDefinition
                 baseType="STRING"
                 description=""
                 name="TrendName8"
                 ordinal="0"></FieldDefinition>
                <FieldDefinition
                 baseType="STRING"
                 description=""
                 name="TrendName9"
                 ordinal="0"></FieldDefinition>
                <FieldDefinition
                 baseType="NUMBER"
                 description=""
                 name="TrendValue1"
                 ordinal="0"></FieldDefinition>
                <FieldDefinition
                 baseType="NUMBER"
                 description=""
                 name="TrendValue10"
                 ordinal="0"></FieldDefinition>
                <FieldDefinition
                 baseType="NUMBER"
                 description=""
                 name="TrendValue2"
                 ordinal="0"></FieldDefinition>
                <FieldDefinition
                 baseType="NUMBER"
                 description=""
                 name="TrendValue3"
                 ordinal="0"></FieldDefinition>
                <FieldDefinition
                 baseType="NUMBER"
                 description=""
                 name="TrendValue4"
                 ordinal="0"></FieldDefinition>
                <FieldDefinition
                 baseType="NUMBER"
                 description=""
                 name="TrendValue5"
                 ordinal="0"></FieldDefinition>
                <FieldDefinition
                 baseType="NUMBER"
                 description=""
                 name="TrendValue6"
                 ordinal="0"></FieldDefinition>
                <FieldDefinition
                 baseType="NUMBER"
                 description=""
                 name="TrendValue7"
                 ordinal="0"></FieldDefinition>
                <FieldDefinition
                 baseType="NUMBER"
                 description=""
                 name="TrendValue8"
                 ordinal="0"></FieldDefinition>
                <FieldDefinition
                 baseType="NUMBER"
                 description=""
                 name="TrendValue9"
                 ordinal="0"></FieldDefinition>
                <FieldDefinition
                 baseType="STRING"
                 description=""
                 name="Type"
                 ordinal="0"></FieldDefinition>
            </FieldDefinitions>
        </DataShape>
    </DataShapes>
</Entities>
