<?xml version="1.0" encoding="utf-8"?><Entities><ExtensionPackages><ExtensionPackage name="KEPServerPlantstatus-customization-8.5.1-01-extension" description="KEPServerPlantstatus Extension Customization" vendor="PTC" packageVersion="8.5.1" buildNumber="01" minimumThingWorxVersion="8.1.0" dependsOn="KEPServerPlantstatus-extension:8.5.1" licensed="true" licenseName="twx_prd_adv" namedLicensedGroup="twx_prd_adv_named"><Licensed><Entity name="PTC.Factory.C_PlantStatus_8.5.1_01"></Entity></Licensed><JarResources><FileResource file="mfg-KEPServerPlantstatus-customization-extension.jar" type="JAR"></FileResource></JarResources></ExtensionPackage></ExtensionPackages></Entities>