<?xml version="1.0" encoding="UTF-8" standalone="no"?>
<Entities>
    <ExtensionPackages>
        <ExtensionPackage dependsOn="" description="" minimumThingWorxVersion="8.3.0" name="ImageFromBase64" packageVersion="1.7.0" vendor=""> 
        </ExtensionPackage>
    </ExtensionPackages>
    <Widgets>
        <Widget name="ImageFromBase64">
            <UIResources>
                <FileResource description="" file="ImageFromBase64.ide.js" isDevelopment="true" isRuntime="false" type="JS"/>
                <FileResource description="" file="ImageFromBase64.ide.css" isDevelopment="true" isRuntime="false" type="CSS"/>
                <FileResource description="" file="ImageFromBase64.runtime.js" isDevelopment="false" isRuntime="true" type="JS"/>
                <FileResource description="" file="ImageFromBase64.runtime.css" isDevelopment="false" isRuntime="true" type="CSS"/>
            </UIResources>
        </Widget>
    </Widgets>
</Entities>
