<?xml version="1.0" encoding="UTF-8"?>
<Entities
 build="b66"
 majorVersion="7"
 minorVersion="2"
 modelPersistenceProviderPackage="NeoPersistenceProviderPackage"
 revision="2"
 schemaVersion="920">
    <DataShapes>
        <DataShape
         aspect.isEditableExtensionObject="false"
         aspect.isExtension="true"
         baseDataShape=""
         description="Usage Report {PTC.Factory.UsageReport}"
         documentationContent="&lt;p&gt;&lt;br&gt;&lt;/p&gt;&#xA;"
         homeMashup=""
         lastModifiedDate="2016-10-03T20:04:24.511Z"
         name="PTC.Factory.UsageReport"
         projectName="PTC.SCA.SCO.Common"
         tags="PTC:sca-sco-common;PTC:DataShape;PTC:sca-common;PTC:Common">
            <avatar></avatar>
            <DesignTimePermissions>
                <Create></Create>
                <Read></Read>
                <Update></Update>
                <Delete></Delete>
                <Metadata></Metadata>
            </DesignTimePermissions>
            <RunTimePermissions></RunTimePermissions>
            <VisibilityPermissions>
                <Visibility></Visibility>
            </VisibilityPermissions>
            <ConfigurationTables></ConfigurationTables>
            <FieldDefinitions>
                <FieldDefinition
                 baseType="STRING"
                 description="Report file name including date time"
                 name="Id"
                 ordinal="0"></FieldDefinition>
                <FieldDefinition
                 baseType="STRING"
                 description="Report file name including date time"
                 name="key"
                 ordinal="0"></FieldDefinition>
                <FieldDefinition
                 baseType="STRING"
                 description="The logged on user"
                 name="source"
                 ordinal="0"></FieldDefinition>
                <FieldDefinition
                 baseType="STRING"
                 description="user"
                 name="sourceType"
                 ordinal="0"></FieldDefinition>
                <FieldDefinition
                 baseType="INFOTABLE"
                 description="SystemInfo"
                 name="SystemInfo"
                 ordinal="0"></FieldDefinition>
                <FieldDefinition
                 baseType="INFOTABLE"
                 description="ThingworxInfo"
                 name="ThingworxInfo"
                 ordinal="0"></FieldDefinition>
                <FieldDefinition
                 baseType="DATETIME"
                 description="Time_Of_Execution"
                 name="Time_Of_Execution"
                 ordinal="0"></FieldDefinition>
                <FieldDefinition
                 baseType="DATETIME"
                 description="timestamp"
                 name="timestamp"
                 ordinal="0"></FieldDefinition>
            </FieldDefinitions>
        </DataShape>
    </DataShapes>
</Entities>
