<?xml version="1.0" encoding="UTF-8"?>
<Entities
 build="b88"
 majorVersion="8"
 minorVersion="2"
 modelPersistenceProviderPackage="PostgresPersistenceProviderPackage"
 revision="0"
 schemaVersion="1020"
 universal="">
    <DataShapes>
        <DataShape
         aspect.isEditableExtensionObject="false"
         aspect.isExtension="true"
         baseDataShape=""
         description="This datashape is used by the PTC.SCA.SCO.ManageResourceUtils.SetAdditionalPropertiesMashupController service to define all the widgets that should be controlled in the Additional Properties."
         documentationContent=""
         homeMashup=""
         lastModifiedDate="2018-01-15T10:47:38.857-05:00"
         name="PTC.Factory.ManufacturingElementPropertyDetailsDatashape"
         projectName="PTC.SCA.SCO.Common"
         tags="PTC:sca-sco-common;PTC:DataShape;PTC:sca-common;PTC:Common">
            <avatar></avatar>
            <DesignTimePermissions>
                <Create></Create>
                <Read></Read>
                <Update></Update>
                <Delete></Delete>
                <Metadata></Metadata>
            </DesignTimePermissions>
            <RunTimePermissions></RunTimePermissions>
            <VisibilityPermissions>
                <Visibility></Visibility>
            </VisibilityPermissions>
            <ConfigurationTables></ConfigurationTables>
            <FieldDefinitions>
                <FieldDefinition
                 baseType="BOOLEAN"
                 description="this use used to control the visibility of the add button."
                 name="btnAdd_Visible"
                 ordinal="1"></FieldDefinition>
                <FieldDefinition
                 baseType="BOOLEAN"
                 description="this use used to control the visibility of the edit button."
                 name="btnEdit_Visible"
                 ordinal="2"></FieldDefinition>
                <FieldDefinition
                 baseType="BOOLEAN"
                 description="this use used to control the visibility of the remove button."
                 name="btnRemove_Visible"
                 ordinal="3"></FieldDefinition>
                <FieldDefinition
                 baseType="BOOLEAN"
                 description="this use used to control the visibility of the static property drop down."
                 name="dropdownStaticPropertyType_Visible"
                 ordinal="9"></FieldDefinition>
                <FieldDefinition
                 baseType="BOOLEAN"
                 description="Boolean input to know if you should enable preserve selection. This controller should prevent the preserve selection on EDIT state."
                 name="isEquipmentSelectionPreserved"
                 ordinal="8"></FieldDefinition>
                <FieldDefinition
                 baseType="BOOLEAN"
                 description="this will make the radio property look like it is disable or enable."
                 name="radioProperty_Visible"
                 ordinal="5"></FieldDefinition>
                <FieldDefinition
                 baseType="BOOLEAN"
                 description="this should toggle the contained mashup to see single or multi tag selection."
                 name="setToSingleSelect"
                 ordinal="11"></FieldDefinition>
                <FieldDefinition
                 baseType="BOOLEAN"
                 description="This boolean is used to disable the preserve selection in  the session variable"
                 name="shouldDisablePreserveSelection"
                 ordinal="9"></FieldDefinition>
                <FieldDefinition
                 baseType="BOOLEAN"
                 description="this use used to disable the property text box."
                 name="txtStaticPropertyTypeDisable_Visible"
                 ordinal="11"></FieldDefinition>
            </FieldDefinitions>
        </DataShape>
    </DataShapes>
</Entities>
