<?xml version="1.0" encoding="UTF-8"?>
<Entities
 build="b50"
 majorVersion="7"
 minorVersion="3"
 modelPersistenceProviderPackage="NeoPersistenceProviderPackage"
 revision="0"
 schemaVersion="931">
    <DataShapes>
        <DataShape
         aspect.isEditableExtensionObject="false"
         aspect.isExtension="true"
         baseDataShape=""
         description="TWX Info {PTC.Factory.TWXInfo}"
         documentationContent=""
         homeMashup=""
         lastModifiedDate="2017-02-20T09:33:16.891-05:00"
         name="PTC.Factory.TWXInfo"
         projectName="PTC.SCA.SCO.Common"
         tags="PTC:sca-sco-common;PTC:DataShape;PTC:sca-common;PTC:Common">
            <avatar></avatar>
            <DesignTimePermissions>
                <Create></Create>
                <Read></Read>
                <Update></Update>
                <Delete></Delete>
                <Metadata></Metadata>
            </DesignTimePermissions>
            <RunTimePermissions></RunTimePermissions>
            <VisibilityPermissions>
                <Visibility></Visibility>
            </VisibilityPermissions>
            <ConfigurationTables></ConfigurationTables>
            <FieldDefinitions>
                <FieldDefinition
                 baseType="STRING"
                 description=""
                 name="thingworxVersion"
                 ordinal="1"></FieldDefinition>
                <FieldDefinition
                 baseType="STRING"
                 description=""
                 name="applicationVersion"
                 ordinal="2"></FieldDefinition>
                <FieldDefinition
                 baseType="INFOTABLE"
                 description=""
                 name="contactInformationOfControlsEngineer"
                 ordinal="12"></FieldDefinition>
                <FieldDefinition
                 baseType="INFOTABLE"
                 description=""
                 name="contactInformationOfMaintenanceEngineer"
                 ordinal="12"></FieldDefinition>
                <FieldDefinition
                 baseType="INFOTABLE"
                 description=""
                 name="contactInformationOfMaintenanceManager"
                 ordinal="12"></FieldDefinition>
                <FieldDefinition
                 baseType="INFOTABLE"
                 description=""
                 name="contactInformationOfProductionManager"
                 ordinal="12"></FieldDefinition>
                <FieldDefinition
                 baseType="INFOTABLE"
                 description=""
                 name="creationInfoOfTrend"
                 ordinal="5"></FieldDefinition>
                <FieldDefinition
                 baseType="INFOTABLE"
                 description=""
                 name="forEachAsset"
                 ordinal="14"></FieldDefinition>
                <FieldDefinition
                 baseType="INFOTABLE"
                 description=""
                 name="forEachLine"
                 ordinal="17"></FieldDefinition>
                <FieldDefinition
                 baseType="INFOTABLE"
                 description=""
                 name="forEachSite"
                 ordinal="17"></FieldDefinition>
                <FieldDefinition
                 baseType="INTEGER"
                 description=""
                 name="numberOfAssets"
                 ordinal="13"></FieldDefinition>
                <FieldDefinition
                 baseType="INTEGER"
                 description=""
                 name="numberOfControlsEngineerUsers"
                 ordinal="7"></FieldDefinition>
                <FieldDefinition
                 baseType="INFOTABLE"
                 description=""
                 name="numberOfDevicesAndTagsPerServer"
                 ordinal="4"></FieldDefinition>
                <FieldDefinition
                 baseType="INTEGER"
                 description=""
                 name="numberOfkepServers"
                 ordinal="1"></FieldDefinition>
                <FieldDefinition
                 baseType="INTEGER"
                 description=""
                 name="numberOfLines"
                 ordinal="16"></FieldDefinition>
                <FieldDefinition
                 baseType="INTEGER"
                 description=""
                 name="numberOfSites"
                 ordinal="16"></FieldDefinition>
                <FieldDefinition
                 baseType="INTEGER"
                 description=""
                 name="numberOfMaintenanceEngineerUsers"
                 ordinal="9"></FieldDefinition>
                <FieldDefinition
                 baseType="INTEGER"
                 description=""
                 name="numberOfMaintenanceManagerUsers"
                 ordinal="8"></FieldDefinition>
                <FieldDefinition
                 baseType="INTEGER"
                 description=""
                 name="numberOfProductionManagerUsers"
                 ordinal="10"></FieldDefinition>
                <FieldDefinition
                 baseType="INTEGER"
                 description="Total number of trends created by user"
                 name="numberOfTrends"
                 ordinal="3"></FieldDefinition>
                <FieldDefinition
                 baseType="INTEGER"
                 description="Number of users on thingworx"
                 name="numberOfUsers"
                 ordinal="6"></FieldDefinition>
                <FieldDefinition
                 baseType="INTEGER"
                 description="Total number of devices created on thingworx"
                 name="totalNumberOfDevice"
                 ordinal="2"></FieldDefinition>
            </FieldDefinitions>
        </DataShape>
    </DataShapes>
</Entities>
