<?xml version="1.0" encoding="UTF-8"?>
<Entities
 build="b13"
 majorVersion="7"
 minorVersion="2"
 modelPersistenceProviderPackage="NeoPersistenceProviderPackage"
 revision="5"
 schemaVersion="920">
    <DataShapes>
        <DataShape
         aspect.isEditableExtensionObject="false"
         aspect.isExtension="true"
         baseDataShape=""
         description="Device Summary {PTC.Factory.DevicesSummaryDataShape}"
         documentationContent="&lt;p&gt;&lt;br&gt;&lt;/p&gt;&#xA;"
         homeMashup=""
         lastModifiedDate="2016-12-01T18:54:24.360Z"
         name="PTC.Factory.DevicesSummaryDataShape"
         projectName="PTC.SCA.SCO.Common"
         tags="PTC:sca-sco-common;PTC:DataShape;PTC:sca-common;PTC:Common">
            <avatar></avatar>
            <DesignTimePermissions>
                <Create></Create>
                <Read></Read>
                <Update></Update>
                <Delete></Delete>
                <Metadata></Metadata>
            </DesignTimePermissions>
            <RunTimePermissions></RunTimePermissions>
            <VisibilityPermissions>
                <Visibility></Visibility>
            </VisibilityPermissions>
            <ConfigurationTables></ConfigurationTables>
            <FieldDefinitions>
                <FieldDefinition
                 baseType="INTEGER"
                 description=""
                 name="NumberOfDevices"
                 ordinal="1"></FieldDefinition>
                <FieldDefinition
                 baseType="INTEGER"
                 description=""
                 name="NumberOfDevicesDisabled"
                 ordinal="5"></FieldDefinition>
                <FieldDefinition
                 baseType="INTEGER"
                 description=""
                 name="NumberOfDevicesInError"
                 ordinal="2"></FieldDefinition>
                <FieldDefinition
                 baseType="INTEGER"
                 description=""
                 name="NumberOfDevicesInError24h"
                 ordinal="4"></FieldDefinition>
                <FieldDefinition
                 baseType="INTEGER"
                 description=""
                 name="NumberOfDevicesNotInError"
                 ordinal="3"></FieldDefinition>
                <FieldDefinition
                 baseType="INTEGER"
                 description=""
                 name="NumberOfDevicesUnavailable"
                 ordinal="6"></FieldDefinition>
            </FieldDefinitions>
        </DataShape>
    </DataShapes>
</Entities>
