<?xml version="1.0" encoding="UTF-8"?>
<Entities
 build="b52"
 majorVersion="8"
 minorVersion="1"
 modelPersistenceProviderPackage="PostgresPersistenceProviderPackage"
 revision="0"
 schemaVersion="1010">
    <DataShapes>
        <DataShape
         aspect.isEditableExtensionObject="false"
         aspect.isExtension="true"
         baseDataShape=""
         description="Equipment Configuration Menu Entry {PTC.SCA.SCO.EquipmentConfigurationMenuEntryDataShape}"
         documentationContent=""
         homeMashup=""
         lastModifiedDate="2017-10-26T08:07:38.872-04:00"
         name="PTC.SCA.SCO.EquipmentConfigurationMenuEntryDataShape"
         projectName="PTC.SCA.SCO.Common"
         tags="PTC:sca-sco-common;PTC:DataShape;PTC:sca-common">
            <avatar></avatar>
            <DesignTimePermissions>
                <Create></Create>
                <Read></Read>
                <Update></Update>
                <Delete></Delete>
                <Metadata></Metadata>
            </DesignTimePermissions>
            <RunTimePermissions></RunTimePermissions>
            <VisibilityPermissions>
                <Visibility></Visibility>
            </VisibilityPermissions>
            <ConfigurationTables></ConfigurationTables>
            <FieldDefinitions>
                <FieldDefinition
                 baseType="STRING"
                 description="Description for tooltip"
                 name="description"
                 ordinal="0"></FieldDefinition>
                <FieldDefinition
                 baseType="IMAGELINK"
                 description="Optional image URL"
                 name="imageURL"
                 ordinal="0"></FieldDefinition>
                <FieldDefinition
                 aspect.defaultValue="false"
                 baseType="BOOLEAN"
                 description="Is a default menu item"
                 name="isDefault"
                 ordinal="0"></FieldDefinition>
                <FieldDefinition
                 aspect.isPrimaryKey="true"
                 baseType="STRING"
                 description="Link destination"
                 name="linkDestination"
                 ordinal="0"></FieldDefinition>
                <FieldDefinition
                 baseType="STRING"
                 description="Link target (Popup, Mashup, New)"
                 name="linkTarget"
                 ordinal="0"></FieldDefinition>
                <FieldDefinition
                 aspect.isPrimaryKey="true"
                 baseType="STRING"
                 description="Link type (Mashup, Hyperlink, or Menu)"
                 name="linkType"
                 ordinal="0"></FieldDefinition>
                <FieldDefinition
                 baseType="STRING"
                 description="Menu entry id"
                 name="menuId"
                 ordinal="0"></FieldDefinition>
                <FieldDefinition
                 baseType="STRING"
                 description="Menu entry parent id"
                 name="parentMenuId"
                 ordinal="0"></FieldDefinition>
                <FieldDefinition
                 baseType="STRING"
                 description="Menu entry title"
                 name="title"
                 ordinal="0"></FieldDefinition>
                <FieldDefinition
                 baseType="STRING"
                 description="Nested mashup"
                 name="nestedMashup"
                 ordinal="0"></FieldDefinition>
            </FieldDefinitions>
        </DataShape>
    </DataShapes>
</Entities>
