<?xml version="1.0" encoding="UTF-8"?>
<Entities
 build="b2013"
 majorVersion="8"
 minorVersion="4"
 modelPersistenceProviderPackage="PostgresPersistenceProviderPackage"
 revision="0"
 schemaVersion="1040"
 universal="password">
    <DataShapes>
        <DataShape
         aspect.isEditableExtensionObject="false"
         baseDataShape=""
         description="Datashape that defines the fields for the equipment relationship definition data tables. {PTC.SCA.SCO.EquipmentRelationshipDataShape}"
         documentationContent=""
         homeMashup=""
         lastModifiedDate="2019-02-22T10:13:53.360-05:00"
         name="PTC.SCA.SCO.EquipmentRelationshipDataShape"
         projectName="PTC.SCA.SCO.Common"
         tags="PTC:sca-sco-common;PTC:factory-mv;PTC:DataShape">
            <avatar></avatar>
            <DesignTimePermissions>
                <Create></Create>
                <Read></Read>
                <Update></Update>
                <Delete></Delete>
                <Metadata></Metadata>
            </DesignTimePermissions>
            <RunTimePermissions></RunTimePermissions>
            <VisibilityPermissions>
                <Visibility></Visibility>
            </VisibilityPermissions>
            <ConfigurationTableDefinitions></ConfigurationTableDefinitions>
            <ConfigurationTables></ConfigurationTables>
            <FieldDefinitions>
                <FieldDefinition
                 aspect.isPrimaryKey="true"
                 baseType="STRING"
                 description="The parent type for this relationship definition."
                 name="Parent"
                 ordinal="1"></FieldDefinition>
                <FieldDefinition
                 aspect.isPrimaryKey="true"
                 baseType="STRING"
                 description="The child equipment type for this relationship definition."
                 name="Child"
                 ordinal="2"></FieldDefinition>
                <FieldDefinition
                 aspect.isPrimaryKey="false"
                 baseType="BOOLEAN"
                 description="Flag that determines whether the equipment belonging to this relationship can have multiple parents."
                 name="ManyToManyCardinality"
                 ordinal="3"></FieldDefinition>
                <FieldDefinition
                 aspect.defaultValue="true"
                 aspect.isPrimaryKey="false"
                 baseType="BOOLEAN"
                 description="Flag the determines whether this relationship is enabled or not."
                 name="Enabled"
                 ordinal="4"></FieldDefinition>
            </FieldDefinitions>
        </DataShape>
    </DataShapes>
</Entities>
