<?xml version="1.0" encoding="UTF-8"?>
<Entities
 build="b2122"
 majorVersion="8"
 minorVersion="4"
 modelPersistenceProviderPackage="PostgresPersistenceProviderPackage"
 revision="1"
 schemaVersion="1040"
 universal="password">
    <DataShapes>
        <DataShape
         aspect.isEditableExtensionObject="false"
         aspect.isExtension="true"
         baseDataShape=""
         description="DataShape to represent a list of string values {PTC.SCA.SCO.StringValueList}"
         documentationContent=""
         homeMashup=""
         lastModifiedDate="2019-02-27T15:38:58.263-05:00"
         name="PTC.SCA.SCO.StringValueList"
         projectName="PTC.SCA.SCO.Common"
         tags="PTC:sca-sco-common;">
            <avatar></avatar>
            <DesignTimePermissions>
                <Create></Create>
                <Read></Read>
                <Update></Update>
                <Delete></Delete>
                <Metadata></Metadata>
            </DesignTimePermissions>
            <RunTimePermissions></RunTimePermissions>
            <VisibilityPermissions>
                <Visibility></Visibility>
            </VisibilityPermissions>
            <ConfigurationTableDefinitions></ConfigurationTableDefinitions>
            <ConfigurationTables></ConfigurationTables>
            <FieldDefinitions>
                <FieldDefinition
                 baseType="STRING"
                 description="String value"
                 name="Value"
                 ordinal="1"></FieldDefinition>
            </FieldDefinitions>
        </DataShape>
    </DataShapes>
</Entities>
