<?xml version="1.0" encoding="UTF-8"?>
<Entities
 build="b50"
 majorVersion="7"
 minorVersion="3"
 modelPersistenceProviderPackage="NeoPersistenceProviderPackage"
 revision="0"
 schemaVersion="931">
    <DataShapes>
        <DataShape
         aspect.isEditableExtensionObject="false"
         baseDataShape=""
         description="Timeline chart data {PTC.Factory.TimelineChartData}"
         documentationContent=""
         homeMashup=""
         lastModifiedDate="2017-01-16T18:58:03.667Z"
         name="PTC.Factory.TimelineChartData"
         projectName="PTC.SCA.SCO.Common"
         tags="PTC:sca-sco-common;PTC:DataShape;PTC:sca-common;PTC:Common">
            <avatar></avatar>
            <DesignTimePermissions>
                <Create></Create>
                <Read></Read>
                <Update></Update>
                <Delete></Delete>
                <Metadata></Metadata>
            </DesignTimePermissions>
            <RunTimePermissions></RunTimePermissions>
            <VisibilityPermissions>
                <Visibility></Visibility>
            </VisibilityPermissions>
            <ConfigurationTables></ConfigurationTables>
            <FieldDefinitions>
                <FieldDefinition
                 baseType="STRING"
                 description=""
                 name="Data"
                 ordinal="4"></FieldDefinition>
                <FieldDefinition
                 baseType="LONG"
                 description=""
                 name="EndTimeMillis"
                 ordinal="4"></FieldDefinition>
                <FieldDefinition
                 baseType="LONG"
                 description=""
                 name="StartTimeMillis"
                 ordinal="2"></FieldDefinition>
            </FieldDefinitions>
        </DataShape>
    </DataShapes>
</Entities>
