<?xml version="1.0" encoding="UTF-8"?>
<Entities
 build="b13"
 majorVersion="7"
 minorVersion="2"
 modelPersistenceProviderPackage="NeoPersistenceProviderPackage"
 revision="5"
 schemaVersion="920">
    <DataShapes>
        <DataShape
         aspect.isEditableExtensionObject="false"
         aspect.isExtension="true"
         baseDataShape=""
         description="Data shape for resources provided by PTC.Factory.DeviceResourceProvider {PTC.Factory.DeviceTemplateDataShape}"
         documentationContent="&lt;p&gt;&lt;br&gt;&lt;/p&gt;&#xA;"
         homeMashup=""
         lastModifiedDate="2016-12-20T13:11:42.358Z"
         name="PTC.Factory.DeviceTemplateDataShape"
         projectName="PTC.SCA.SCO.Common"
         tags="PTC:sca-sco-common;PTC:DataShape;PTC:sca-common;PTC:Common">
            <avatar></avatar>
            <DesignTimePermissions>
                <Create></Create>
                <Read></Read>
                <Update></Update>
                <Delete></Delete>
                <Metadata></Metadata>
            </DesignTimePermissions>
            <RunTimePermissions></RunTimePermissions>
            <VisibilityPermissions>
                <Visibility>
                    <Principal
                     isPermitted="true"
                     name="PTC.Factory.MachineVisibility"
                     type="Organization"></Principal>
                </Visibility>
            </VisibilityPermissions>
            <ConfigurationTables></ConfigurationTables>
            <FieldDefinitions>
                <FieldDefinition
                 baseType="BOOLEAN"
                 description=""
                 name="_AutoDemoted"
                 ordinal="4"></FieldDefinition>
                <FieldDefinition
                 baseType="STRING"
                 description=""
                 name="_DeviceId"
                 ordinal="1"></FieldDefinition>
                <FieldDefinition
                 baseType="BOOLEAN"
                 description=""
                 name="_Enabled"
                 ordinal="26"></FieldDefinition>
                <FieldDefinition
                 baseType="BOOLEAN"
                 description=""
                 name="_Error"
                 ordinal="3"></FieldDefinition>
                <FieldDefinition
                 baseType="NUMBER"
                 description=""
                 name="_FailedReads"
                 ordinal="13"></FieldDefinition>
                <FieldDefinition
                 baseType="NUMBER"
                 description=""
                 name="_FailedWrites"
                 ordinal="14"></FieldDefinition>
                <FieldDefinition
                 baseType="NUMBER"
                 description=""
                 name="_PendingReads"
                 ordinal="15"></FieldDefinition>
                <FieldDefinition
                 baseType="NUMBER"
                 description=""
                 name="_PendingWrites"
                 ordinal="16"></FieldDefinition>
                <FieldDefinition
                 baseType="NUMBER"
                 description=""
                 name="_RxBytes"
                 ordinal="10"></FieldDefinition>
                <FieldDefinition
                 baseType="STRING"
                 description=""
                 name="_ScanMode"
                 ordinal="5"></FieldDefinition>
                <FieldDefinition
                 baseType="NUMBER"
                 description=""
                 name="_ScanRateMs"
                 ordinal="6"></FieldDefinition>
                <FieldDefinition
                 baseType="NUMBER"
                 description=""
                 name="_SecondsInError"
                 ordinal="7"></FieldDefinition>
                <FieldDefinition
                 baseType="BOOLEAN"
                 description=""
                 name="_Simulated"
                 ordinal="8"></FieldDefinition>
                <FieldDefinition
                 baseType="NUMBER"
                 description=""
                 name="_SuccessfulReads"
                 ordinal="11"></FieldDefinition>
                <FieldDefinition
                 baseType="NUMBER"
                 description=""
                 name="_SuccessfulWrites"
                 ordinal="12"></FieldDefinition>
                <FieldDefinition
                 baseType="NUMBER"
                 description=""
                 name="_TxBytes"
                 ordinal="9"></FieldDefinition>
                <FieldDefinition
                 baseType="STRING"
                 description=""
                 name="AlertIcon"
                 ordinal="27"></FieldDefinition>
                <FieldDefinition
                 baseType="STRING"
                 description=""
                 name="Channel"
                 ordinal="18"></FieldDefinition>
                <FieldDefinition
                 baseType="STRING"
                 description=""
                 name="ConnectionType"
                 ordinal="2"></FieldDefinition>
                <FieldDefinition
                 baseType="STRING"
                 description=""
                 name="DeviceName"
                 ordinal="2"></FieldDefinition>
                <FieldDefinition
                 baseType="BOOLEAN"
                 description=""
                 name="hasAlert"
                 ordinal="28"></FieldDefinition>
                <FieldDefinition
                 baseType="BOOLEAN"
                 description=""
                 name="hasStatisticsTags"
                 ordinal="0"></FieldDefinition>
                <FieldDefinition
                 baseType="BOOLEAN"
                 description=""
                 name="hasSystemTags"
                 ordinal="0"></FieldDefinition>
                <FieldDefinition
                 baseType="STRING"
                 description=""
                 name="Host"
                 ordinal="17"></FieldDefinition>
                <FieldDefinition
                 baseType="INTEGER"
                 description=""
                 name="inError"
                 ordinal="19"></FieldDefinition>
                <FieldDefinition
                 baseType="STRING"
                 description=""
                 name="inErrorHTMLString"
                 ordinal="29"></FieldDefinition>
                <FieldDefinition
                 aspect.isPrimaryKey="true"
                 baseType="STRING"
                 description=""
                 name="Name"
                 ordinal="20"></FieldDefinition>
                <FieldDefinition
                 baseType="STRING"
                 description=""
                 name="OPCDAThingName"
                 ordinal="2"></FieldDefinition>
                <FieldDefinition
                 baseType="STRING"
                 description=""
                 name="ServerName"
                 ordinal="18"></FieldDefinition>
            </FieldDefinitions>
        </DataShape>
    </DataShapes>
</Entities>
