<?xml version="1.0" encoding="UTF-8"?>
<Entities
 build="b2122"
 majorVersion="8"
 minorVersion="4"
 modelPersistenceProviderPackage="PostgresPersistenceProviderPackage"
 revision="1"
 schemaVersion="1040"
 universal="password">
    <DataShapes>
        <DataShape
         aspect.isEditableExtensionObject="false"
         aspect.isExtension="true"
         baseDataShape=""
         description="Data shape for resources provided by PTC.SCA.SCO.EquipmentResourceProvider"
         documentationContent=""
         homeMashup=""
         lastModifiedDate="2019-03-21T09:24:32.160-04:00"
         name="PTC.SCA.SCO.EquipmentDataShape"
         projectName="PTC.SCA.SCO.Common"
         tags="PTC:sca-sco-common;PTC:sca-common;PTC:Provider;PTC:Thing">
            <avatar></avatar>
            <DesignTimePermissions>
                <Create></Create>
                <Read></Read>
                <Update></Update>
                <Delete></Delete>
                <Metadata></Metadata>
            </DesignTimePermissions>
            <RunTimePermissions></RunTimePermissions>
            <VisibilityPermissions>
                <Visibility>
                    <Principal
                     isPermitted="true"
                     name="PTC.Factory.MachineVisibility"
                     type="Organization"></Principal>
                </Visibility>
            </VisibilityPermissions>
            <ConfigurationTableDefinitions></ConfigurationTableDefinitions>
            <ConfigurationTables></ConfigurationTables>
            <FieldDefinitions>
                <FieldDefinition
                 baseType="THINGTEMPLATENAME"
                 description="AssetType"
                 name="AssetType"
                 ordinal="0"></FieldDefinition>
                <FieldDefinition
                 baseType="DATETIME"
                 description=""
                 name="CreateTimestamp"
                 ordinal="0"></FieldDefinition>
                <FieldDefinition
                 baseType="STRING"
                 description=""
                 name="Id"
                 ordinal="0"></FieldDefinition>
                <FieldDefinition
                 baseType="IMAGE"
                 description="Image"
                 name="Image"
                 ordinal="0"></FieldDefinition>
                <FieldDefinition
                 baseType="BOOLEAN"
                 description="IsActive"
                 name="IsActive"
                 ordinal="0"></FieldDefinition>
                <FieldDefinition
                 baseType="BOOLEAN"
                 description="IsConnected"
                 name="IsConnected"
                 ordinal="0"></FieldDefinition>
                <FieldDefinition
                 baseType="BOOLEAN"
                 description="isReporting"
                 name="isReporting"
                 ordinal="0"></FieldDefinition>
                <FieldDefinition
                 baseType="DATETIME"
                 description="LastConnection"
                 name="LastConnection"
                 ordinal="0"></FieldDefinition>
                <FieldDefinition
                 baseType="STRING"
                 description="Name"
                 name="Name"
                 ordinal="0"></FieldDefinition>
            </FieldDefinitions>
        </DataShape>
    </DataShapes>
</Entities>
