<?xml version="1.0" encoding="UTF-8"?>
<Entities
 build="b198"
 majorVersion="8"
 minorVersion="3"
 modelPersistenceProviderPackage="PostgresPersistenceProviderPackage"
 revision="0"
 schemaVersion="1030"
 universal="">
    <DataShapes>
        <DataShape
         aspect.isEditableExtensionObject="false"
         aspect.isExtension="true"
         baseDataShape=""
         description="The structure of the RemoteConnectionSettings configuration table in the LaunchPointConfigurationThing"
         documentationContent=""
         homeMashup=""
         lastModifiedDate="2018-05-03T10:26:31.217-04:00"
         name="PTC.SCA.SCO.RemoteConnectionSettingsTableDataShape"
         projectName="PTC.SCA.SCO.Common"
         tags="PTC:sca-sco-common;PTC:DataShape;PTC:sca-common;PTC:Common">
            <avatar></avatar>
            <DesignTimePermissions>
                <Create></Create>
                <Read></Read>
                <Update></Update>
                <Delete></Delete>
                <Metadata></Metadata>
            </DesignTimePermissions>
            <RunTimePermissions></RunTimePermissions>
            <VisibilityPermissions>
                <Visibility>
                    <Principal
                     isPermitted="true"
                     name="PTC.Factory.MachineVisibility:Administration&amp;Configuration"
                     type="OrganizationalUnit"></Principal>
                    <Principal
                     isPermitted="true"
                     name="PTC.Factory.MachineVisibility:Trend&amp;Troubleshooting"
                     type="OrganizationalUnit"></Principal>
                </Visibility>
            </VisibilityPermissions>
            <ConfigurationTableDefinitions></ConfigurationTableDefinitions>
            <ConfigurationTables></ConfigurationTables>
            <FieldDefinitions>
                <FieldDefinition
                 baseType="STRING"
                 description="connection type name."
                 name="ConnectionType"
                 ordinal="1"></FieldDefinition>
                <FieldDefinition
                 baseType="THINGNAME"
                 description="name of the resource provider."
                 name="ResourceProviderName"
                 ordinal="2"></FieldDefinition>
                <FieldDefinition
                 baseType="THINGTEMPLATENAME"
                 description="name of the base template used for any asset linked to this resource provider."
                 name="RemoteConnectionThingTemplateName"
                 ordinal="3"></FieldDefinition>
                <FieldDefinition
                 baseType="MASHUPNAME"
                 description="mashup name of footer mashup."
                 name="FooterMashupName"
                 ordinal="4"></FieldDefinition>
                <FieldDefinition
                 baseType="MASHUPNAME"
                 description="mashup name of the server detail page."
                 name="ServerDetailMashupName"
                 ordinal="5"></FieldDefinition>
                <FieldDefinition
                 baseType="MASHUPNAME"
                 description="mashup name of the connection information page."
                 name="ConnectionInfoMashupName"
                 ordinal="6"></FieldDefinition>
                <FieldDefinition
                 baseType="BOOLEAN"
                 description="Whether it is enabled or not in the Tag Picker"
                 name="EnabledInTagPicker"
                 ordinal="7"></FieldDefinition>
                <FieldDefinition
                 baseType="BOOLEAN"
                 description="Whether it is enabled or not in the Controls Advisor"
                 name="EnabledInControlsAdvisor"
                 ordinal="8"></FieldDefinition>
            </FieldDefinitions>
        </DataShape>
    </DataShapes>
</Entities>
