<?xml version="1.0" encoding="UTF-8"?>
<Entities
 build="b50"
 majorVersion="7"
 minorVersion="3"
 modelPersistenceProviderPackage="NeoPersistenceProviderPackage"
 revision="0"
 schemaVersion="931">
    <DataShapes>
        <DataShape
         aspect.isEditableExtensionObject="false"
         aspect.isExtension="true"
         baseDataShape=""
         description="***DEPRECATED-J*** This data shape will be deleted in a future release. KPIs {PTC.Factory.KPIsDataShape}"
         documentationContent=""
         homeMashup=""
         lastModifiedDate="2017-02-13T11:48:25.053-05:00"
         name="PTC.Factory.KPIsDataShape"
         projectName="PTC.SCA.SCO.Common"
         tags="PTC:sca-sco-common;PTC:DataShape;PTC:sca-common;PTC:Common">
            <avatar></avatar>
            <DesignTimePermissions>
                <Create></Create>
                <Read></Read>
                <Update></Update>
                <Delete></Delete>
                <Metadata></Metadata>
            </DesignTimePermissions>
            <RunTimePermissions></RunTimePermissions>
            <VisibilityPermissions>
                <Visibility>
                    <Principal
                     isPermitted="true"
                     name="PTC.Factory.MachineVisibility"
                     type="Organization"></Principal>
                </Visibility>
            </VisibilityPermissions>
            <ConfigurationTables></ConfigurationTables>
            <FieldDefinitions>
                <FieldDefinition
                 baseType="NUMBER"
                 description=""
                 name="availability"
                 ordinal="10"></FieldDefinition>
                <FieldDefinition
                 baseType="INTEGER"
                 description=""
                 name="availability_MaxThreshold"
                 ordinal="25"></FieldDefinition>
                <FieldDefinition
                 baseType="INTEGER"
                 description=""
                 name="availability_MinThreshold"
                 ordinal="26"></FieldDefinition>
                <FieldDefinition
                 baseType="NUMBER"
                 description=""
                 name="availabilityTrending"
                 ordinal="5"></FieldDefinition>
                <FieldDefinition
                 baseType="NUMBER"
                 description=""
                 name="durationDowntime"
                 ordinal="5"></FieldDefinition>
                <FieldDefinition
                 baseType="NUMBER"
                 description=""
                 name="durationPlannedDownTime"
                 ordinal="5"></FieldDefinition>
                <FieldDefinition
                 baseType="NUMBER"
                 description=""
                 name="durationRuningTime"
                 ordinal="5"></FieldDefinition>
                <FieldDefinition
                 baseType="NUMBER"
                 description=""
                 name="durationStatusUnavailableTime"
                 ordinal="5"></FieldDefinition>
                <FieldDefinition
                 baseType="NUMBER"
                 description=""
                 name="durationUnPlannedDownTime"
                 ordinal="5"></FieldDefinition>
                <FieldDefinition
                 baseType="NUMBER"
                 description=""
                 name="durationUpTime"
                 ordinal="5"></FieldDefinition>
                <FieldDefinition
                 baseType="NUMBER"
                 description=""
                 name="durationWarningTime"
                 ordinal="5"></FieldDefinition>
                <FieldDefinition
                 baseType="STRING"
                 description=""
                 name="EXP_E_goodCount"
                 ordinal="6"></FieldDefinition>
                <FieldDefinition
                 baseType="STRING"
                 description=""
                 name="EXP_E_idealRunRate"
                 ordinal="6"></FieldDefinition>
                <FieldDefinition
                 baseType="STRING"
                 description=""
                 name="EXP_E_PlannedDowntime"
                 ordinal="36"></FieldDefinition>
                <FieldDefinition
                 baseType="STRING"
                 description=""
                 name="EXP_E_Running"
                 ordinal="37"></FieldDefinition>
                <FieldDefinition
                 baseType="STRING"
                 description=""
                 name="EXP_E_totalCount"
                 ordinal="6"></FieldDefinition>
                <FieldDefinition
                 baseType="STRING"
                 description=""
                 name="EXP_E_UnplannedDowntime"
                 ordinal="38"></FieldDefinition>
                <FieldDefinition
                 baseType="STRING"
                 description=""
                 name="EXP_E_Warning"
                 ordinal="39"></FieldDefinition>
                <FieldDefinition
                 baseType="NUMBER"
                 description=""
                 name="goodCount"
                 ordinal="4"></FieldDefinition>
                <FieldDefinition
                 baseType="NUMBER"
                 description=""
                 name="idealRunRate"
                 ordinal="6"></FieldDefinition>
                <FieldDefinition
                 baseType="DATETIME"
                 description=""
                 name="lastUpdateTime"
                 ordinal="5"></FieldDefinition>
                <FieldDefinition
                 baseType="NUMBER"
                 description=""
                 name="oee"
                 ordinal="8"></FieldDefinition>
                <FieldDefinition
                 baseType="INTEGER"
                 description=""
                 name="oEE_MaxThreshold"
                 ordinal="19"></FieldDefinition>
                <FieldDefinition
                 baseType="INTEGER"
                 description=""
                 name="oEE_MinThreshold"
                 ordinal="20"></FieldDefinition>
                <FieldDefinition
                 baseType="NUMBER"
                 description=""
                 name="oeeTrending"
                 ordinal="5"></FieldDefinition>
                <FieldDefinition
                 baseType="NUMBER"
                 description=""
                 name="performance"
                 ordinal="11"></FieldDefinition>
                <FieldDefinition
                 baseType="INTEGER"
                 description=""
                 name="performance_MaxThreshold"
                 ordinal="21"></FieldDefinition>
                <FieldDefinition
                 baseType="INTEGER"
                 description=""
                 name="performance_MinThreshold"
                 ordinal="22"></FieldDefinition>
                <FieldDefinition
                 baseType="NUMBER"
                 description=""
                 name="performanceTrending"
                 ordinal="5"></FieldDefinition>
                <FieldDefinition
                 baseType="NUMBER"
                 description=""
                 name="quality"
                 ordinal="13"></FieldDefinition>
                <FieldDefinition
                 baseType="INTEGER"
                 description=""
                 name="quality_MaxThreshold"
                 ordinal="23"></FieldDefinition>
                <FieldDefinition
                 baseType="INTEGER"
                 description=""
                 name="quality_MinThreshold"
                 ordinal="24"></FieldDefinition>
                <FieldDefinition
                 baseType="NUMBER"
                 description=""
                 name="qualityTrending"
                 ordinal="5"></FieldDefinition>
                <FieldDefinition
                 baseType="NUMBER"
                 description=""
                 name="shiftDuration"
                 ordinal="5"></FieldDefinition>
                <FieldDefinition
                 baseType="NUMBER"
                 description=""
                 name="shiftDurationTillTime"
                 ordinal="5"></FieldDefinition>
                <FieldDefinition
                 baseType="DATETIME"
                 description=""
                 name="shiftEndTime"
                 ordinal="5"></FieldDefinition>
                <FieldDefinition
                 baseType="DATETIME"
                 description=""
                 name="shiftStartTime"
                 ordinal="5"></FieldDefinition>
                <FieldDefinition
                 baseType="INTEGER"
                 description=""
                 name="status"
                 ordinal="7"></FieldDefinition>
                <FieldDefinition
                 baseType="NUMBER"
                 description=""
                 name="totalCount"
                 ordinal="5"></FieldDefinition>
                <FieldDefinition
                 baseType="STRING"
                 description=""
                 name="goodCountExpressionValue"
                 ordinal="40"></FieldDefinition>
                <FieldDefinition
                 baseType="STRING"
                 description=""
                 name="idealRunRateExpressionValue"
                 ordinal="41"></FieldDefinition>
                <FieldDefinition
                 baseType="STRING"
                 description=""
                 name="totalCountExpressionValue"
                 ordinal="42"></FieldDefinition>
            </FieldDefinitions>
        </DataShape>
    </DataShapes>
</Entities>
