<?xml version="1.0" encoding="UTF-8"?>
<Entities
 build="b36"
 majorVersion="8"
 minorVersion="2"
 modelPersistenceProviderPackage="PostgresPersistenceProviderPackage"
 revision="3"
 schemaVersion="1020"
 universal="">
    <DataShapes>
        <DataShape
         aspect.isEditableExtensionObject="false"
         aspect.isExtension="true"
         baseDataShape=""
         description="DataShape used by the connection type dropdown list in controls advisor when creating a new server.​"
         documentationContent=""
         homeMashup=""
         lastModifiedDate="2018-03-27T17:13:57.768-04:00"
         name="PTC.SCA.SCO.ControlsAdvisor.ConnectionTypeDropdownListDataShape"
         projectName="PTC.SCA.SCO.Common"
         tags="PTC:sca-sco-common;PTC:sca-sco">
            <avatar></avatar>
            <DesignTimePermissions>
                <Create></Create>
                <Read></Read>
                <Update></Update>
                <Delete></Delete>
                <Metadata></Metadata>
            </DesignTimePermissions>
            <RunTimePermissions></RunTimePermissions>
            <VisibilityPermissions>
                <Visibility>
                    <Principal
                     isPermitted="true"
                     name="PTC.Factory.MachineVisibility"
                     type="Organization"></Principal>
                </Visibility>
            </VisibilityPermissions>
            <ConfigurationTables></ConfigurationTables>
            <FieldDefinitions>
                <FieldDefinition
                 aspect.isPrimaryKey="true"
                 baseType="STRING"
                 description="Display name of the remote connection type."
                 name="ConnectionTypeDisplayName"
                 ordinal="1"></FieldDefinition>
                <FieldDefinition
                 baseType="BOOLEAN"
                 description="Whether this connection type is a legacy and non-Kepware OPC server."
                 name="IsLegacy"
                 ordinal="4"></FieldDefinition>
                <FieldDefinition
                 baseType="THINGTEMPLATENAME"
                 description="The name of the thing template used to create a new server thing of this remote connection type."
                 name="RemoteConnectionThingTemplateName"
                 ordinal="2"></FieldDefinition>
                <FieldDefinition
                 baseType="THINGNAME"
                 description="Resource provider name of the corresponding remote connection type."
                 name="ResourceProviderName"
                 ordinal="3"></FieldDefinition>
            </FieldDefinitions>
        </DataShape>
    </DataShapes>
</Entities>
