<?xml version="1.0" encoding="UTF-8"?>
<Entities
 build="b3079"
 majorVersion="0"
 minorVersion="0"
 modelPersistenceProviderPackage="NeoPersistenceProviderPackage"
 revision="0"
 schemaVersion="940">
    <DataShapes>
        <DataShape
         aspect.isEditableExtensionObject="false"
         aspect.isExtension="true"
         baseDataShape=""
         description="Shift {PTC.Factory.ShiftDataShape}"
         documentationContent=""
         homeMashup=""
         lastModifiedDate="2017-05-03T18:13:24.721-04:00"
         name="PTC.Factory.ShiftDataShape"
         projectName="PTC.SCA.SCO.Common"
         tags="PTC:sca-sco-common;PTC:DataShape;PTC:sca-common;PTC:Common">
            <avatar></avatar>
            <DesignTimePermissions>
                <Create></Create>
                <Read></Read>
                <Update></Update>
                <Delete></Delete>
                <Metadata></Metadata>
            </DesignTimePermissions>
            <RunTimePermissions></RunTimePermissions>
            <VisibilityPermissions>
                <Visibility></Visibility>
            </VisibilityPermissions>
            <ConfigurationTables></ConfigurationTables>
            <FieldDefinitions>
                <FieldDefinition
                 baseType="DATETIME"
                 description=""
                 name="endTime"
                 ordinal="2"></FieldDefinition>
                <FieldDefinition
                 baseType="STRING"
                 description=""
                 name="shiftDuration"
                 ordinal="4"></FieldDefinition>
                <FieldDefinition
                 baseType="STRING"
                 description=""
                 name="shiftStartTime"
                 ordinal="3"></FieldDefinition>
                <FieldDefinition
                 baseType="DATETIME"
                 description=""
                 name="startTime"
                 ordinal="1"></FieldDefinition>
            </FieldDefinitions>
        </DataShape>
    </DataShapes>
</Entities>
