<?xml version="1.0" encoding="UTF-8"?>
<Entities
 build="b18"
 majorVersion="7"
 minorVersion="1"
 modelPersistenceProviderPackage="NeoPersistenceProviderPackage"
 revision="0"
 schemaVersion="910">
    <DataShapes>
        <DataShape
         aspect.isEditableExtensionObject="false"
         baseDataShape=""
         description="Data shape for services provided by PTC.Factory.DecodedKepServerValueDataShape {PTC.Factory.DecodedKepServerValueDataShape}"
         documentationContent="&lt;p&gt;&lt;br&gt;&lt;/p&gt;"
         homeMashup=""
         lastModifiedDate="2016-06-15T14:17:39.726Z"
         name="PTC.Factory.DecodedKepServerValueDataShape"
         projectName="PTC.SCA.SCO.Common"
         tags="PTC:sca-sco-common;PTC:DataShape;PTC:sca-common;PTC:Common">
            <avatar></avatar>
            <DesignTimePermissions>
                <Create></Create>
                <Read></Read>
                <Update></Update>
                <Delete></Delete>
                <Metadata></Metadata>
            </DesignTimePermissions>
            <RunTimePermissions></RunTimePermissions>
            <VisibilityPermissions>
                <Visibility>
                    <Principal
                     isPermitted="true"
                     name="PTC.Factory.MachineVisibility:KEPServerMonitoring"
                     type="OrganizationalUnit"></Principal>
                </Visibility>
            </VisibilityPermissions>
            <ConfigurationTables></ConfigurationTables>
            <FieldDefinitions>
                <FieldDefinition
                 baseType="STRING"
                 description=""
                 name="stringValue"
                 ordinal="4"></FieldDefinition>
                <FieldDefinition
                 baseType="BOOLEAN"
                 description=""
                 name="boolValue"
                 ordinal="3"></FieldDefinition>
                <FieldDefinition
                 baseType="INTEGER"
                 description=""
                 name="intValue"
                 ordinal="2"></FieldDefinition>
                <FieldDefinition
                 baseType="NUMBER"
                 description=""
                 name="numValue"
                 ordinal="1"></FieldDefinition>
            </FieldDefinitions>
        </DataShape>
    </DataShapes>
</Entities>
