<?xml version="1.0" encoding="UTF-8"?>
<Entities
 build="b6741"
 majorVersion="0"
 minorVersion="0"
 modelPersistenceProviderPackage="PostgresPersistenceProviderPackage"
 revision="0"
 schemaVersion="1041"
 universal="password">
    <DataShapes>
        <DataShape
         aspect.isEditableExtensionObject="false"
         aspect.isExtension="true"
         baseDataShape=""
         description="DataShape to store the default context name and row index in the context list of context picker. {PTC.SCA.SCO.DefaultContextPickerSelectionDataShape}"
         documentationContent=""
         homeMashup=""
         lastModifiedDate="2019-05-13T16:00:15.732-04:00"
         name="PTC.SCA.SCO.DefaultContextPickerSelectionDataShape"
         projectName="PTC.SCA.SCO.Common"
         tags="PTC:DataShape;PTC:sca-sco-common;PTC:Context">
            <avatar></avatar>
            <DesignTimePermissions>
                <Create></Create>
                <Read></Read>
                <Update></Update>
                <Delete></Delete>
                <Metadata></Metadata>
            </DesignTimePermissions>
            <RunTimePermissions></RunTimePermissions>
            <VisibilityPermissions>
                <Visibility></Visibility>
            </VisibilityPermissions>
            <ConfigurationTableDefinitions></ConfigurationTableDefinitions>
            <ConfigurationTables></ConfigurationTables>
            <FieldDefinitions>
                <FieldDefinition
                 aspect.isPrimaryKey="true"
                 baseType="STRING"
                 description="Context name."
                 name="ContextName"
                 ordinal="1"></FieldDefinition>
                <FieldDefinition
                 aspect.isPrimaryKey="false"
                 baseType="STRING"
                 description="Localized context name"
                 name="LocalizedContextName"
                 ordinal="3"></FieldDefinition>
                <FieldDefinition
                 aspect.isPrimaryKey="false"
                 baseType="INTEGER"
                 description="Row index for the context name in the context list of context picker starting from 1."
                 name="RowIndex"
                 ordinal="2"></FieldDefinition>
            </FieldDefinitions>
        </DataShape>
    </DataShapes>
</Entities>
