<?xml version="1.0" encoding="UTF-8"?>
<Entities
 build="b349"
 majorVersion="8"
 minorVersion="3"
 modelPersistenceProviderPackage="PostgresPersistenceProviderPackage"
 revision="0"
 schemaVersion="1030"
 universal="">
    <DataShapes>
        <DataShape
         aspect.isEditableExtensionObject="false"
         aspect.isExtension="true"
         baseDataShape=""
         description="Alert Monitor Template {PTC.Factory.AlertMonitorTemplateDataShape}"
         documentationContent="&lt;p&gt;&lt;br&gt;&lt;/p&gt; "
         homeMashup=""
         lastModifiedDate="2018-06-12T13:33:06.275-04:00"
         name="PTC.Factory.AlertMonitorTemplateDataShape"
         projectName="PTC.SCA.SCO.Common"
         tags="PTC:sca-sco-common;PTC:DataShape;PTC:sca-common;PTC:Common">
            <avatar></avatar>
            <DesignTimePermissions>
                <Create></Create>
                <Read></Read>
                <Update></Update>
                <Delete></Delete>
                <Metadata></Metadata>
            </DesignTimePermissions>
            <RunTimePermissions></RunTimePermissions>
            <VisibilityPermissions>
                <Visibility></Visibility>
            </VisibilityPermissions>
            <ConfigurationTableDefinitions></ConfigurationTableDefinitions>
            <ConfigurationTables></ConfigurationTables>
            <FieldDefinitions>
                <FieldDefinition
                 baseType="STRING"
                 description="Alert type"
                 name="AlertType"
                 ordinal="1"></FieldDefinition>
                <FieldDefinition
                 baseType="STRING"
                 description="Alert message"
                 name="AlertValue"
                 ordinal="2"></FieldDefinition>
                <FieldDefinition
                 baseType="STRING"
                 description="Entity Display Name"
                 name="entityDisplayName"
                 ordinal="3"></FieldDefinition>
                <FieldDefinition
                 baseType="STRING"
                 description="Alert source thing name"
                 name="BaseType"
                 ordinal="4"></FieldDefinition>
                <FieldDefinition
                 baseType="STRING"
                 description="Alert description"
                 name="Description"
                 ordinal="5"></FieldDefinition>
                <FieldDefinition
                 baseType="STRING"
                 description=""
                 name="DetailsPageLink"
                 ordinal="6"></FieldDefinition>
                <FieldDefinition
                 aspect.isPrimaryKey="false"
                 baseType="BOOLEAN"
                 description="true if alert is inherited from ThingTemplate or ThingShape at Thing level"
                 name="isAlertInherited"
                 ordinal="17"></FieldDefinition>
                <FieldDefinition
                 aspect.isPrimaryKey="false"
                 baseType="BOOLEAN"
                 description="true if alert is overridden at thing level"
                 name="isAlertOverridden"
                 ordinal="17"></FieldDefinition>
                <FieldDefinition
                 baseType="STRING"
                 description="Alert name"
                 name="Name"
                 ordinal="7"></FieldDefinition>
                <FieldDefinition
                 aspect.defaultValue="1"
                 aspect.maximumValue="10"
                 aspect.minimumValue="1"
                 baseType="INTEGER"
                 description="Alert priority. Valid values range from 1 (the highest) to 10 (the lowest)"
                 name="AlertPriority"
                 ordinal="8"></FieldDefinition>
                <FieldDefinition
                 baseType="STRING"
                 description="Alert property"
                 name="PropertyName"
                 ordinal="9"></FieldDefinition>
                <FieldDefinition
                 aspect.isPrimaryKey="true"
                 baseType="STRING"
                 description=""
                 name="sortKey"
                 ordinal="10"></FieldDefinition>
                <FieldDefinition
                 baseType="STRING"
                 description="Alert source property"
                 name="SourceOrPropertyName"
                 ordinal="11"></FieldDefinition>
                <FieldDefinition
                 baseType="STRING"
                 description="Alert source property"
                 name="sourcePropertyDisplayName"
                 ordinal="12"></FieldDefinition>
                <FieldDefinition
                 baseType="STRING"
                 description="Alert source thing name"
                 name="ThingName"
                 ordinal="13"></FieldDefinition>
                <FieldDefinition
                 baseType="BOOLEAN"
                 description="Alert is defined at template level"
                 name="isTemplateAlert"
                 ordinal="14"></FieldDefinition>
                <FieldDefinition
                 baseType="STRING"
                 description="Type of entities (Thing, ThingTemplate)"
                 name="entityType"
                 ordinal="15"></FieldDefinition>
                <FieldDefinition
                 baseType="STRING"
                 description="HTML representation of the name of the equipment or template where the alert is defined"
                 name="entityDisplayNameHTML"
                 ordinal="18"></FieldDefinition>
            </FieldDefinitions>
        </DataShape>
    </DataShapes>
</Entities>
