<?xml version="1.0" encoding="UTF-8"?>
<Entities
 build="b50"
 majorVersion="7"
 minorVersion="3"
 modelPersistenceProviderPackage="NeoPersistenceProviderPackage"
 revision="0"
 schemaVersion="931">
    <DataShapes>
        <DataShape
         aspect.isEditableExtensionObject="false"
         baseDataShape=""
         description="Data shape for resources provided by PTC.Factory.SiteResourceProvider {PTC.Factory.SiteDataShape}"
         documentationContent=""
         homeMashup=""
         lastModifiedDate="2017-02-10T14:57:47.558-05:00"
         name="PTC.Factory.SiteDataShape"
         projectName="PTC.SCA.SCO.Common"
         tags="PTC:sca-sco-common;PTC:DataShape;PTC:sca-common;PTC:Common">
            <avatar></avatar>
            <DesignTimePermissions>
                <Create></Create>
                <Read></Read>
                <Update></Update>
                <Delete></Delete>
                <Metadata></Metadata>
            </DesignTimePermissions>
            <RunTimePermissions></RunTimePermissions>
            <VisibilityPermissions>
                <Visibility>
                    <Principal
                     isPermitted="true"
                     name="PTC.Factory.MachineVisibility"
                     type="Organization"></Principal>
                </Visibility>
            </VisibilityPermissions>
            <ConfigurationTables></ConfigurationTables>
            <FieldDefinitions>
                <FieldDefinition
                 baseType="THINGTEMPLATENAME"
                 description="AssetType"
                 name="AssetType"
                 ordinal="0"></FieldDefinition>
                <FieldDefinition
                 baseType="DATETIME"
                 description=""
                 name="CreateTimestamp"
                 ordinal="0"></FieldDefinition>
                <FieldDefinition
                 baseType="STRING"
                 description=""
                 name="Id"
                 ordinal="0"></FieldDefinition>
                <FieldDefinition
                 baseType="IMAGE"
                 description="Image"
                 name="Image"
                 ordinal="0"></FieldDefinition>
                <FieldDefinition
                 baseType="BOOLEAN"
                 description="IsActive"
                 name="IsActive"
                 ordinal="0"></FieldDefinition>
                <FieldDefinition
                 baseType="BOOLEAN"
                 description="IsConnected"
                 name="IsConnected"
                 ordinal="0"></FieldDefinition>
                <FieldDefinition
                 baseType="DATETIME"
                 description="LastConnection"
                 name="LastConnection"
                 ordinal="0"></FieldDefinition>
                <FieldDefinition
                 baseType="STRING"
                 description="Name"
                 name="Name"
                 ordinal="0"></FieldDefinition>
            </FieldDefinitions>
        </DataShape>
    </DataShapes>
</Entities>
