<?xml version="1.0" encoding="UTF-8"?>
<Entities
 build="b39"
 majorVersion="8"
 minorVersion="0"
 modelPersistenceProviderPackage="NeoPersistenceProviderPackage"
 revision="1"
 schemaVersion="1000">
    <DataShapes>
        <DataShape
         aspect.isEditableExtensionObject="false"
         aspect.isExtension="true"
         baseDataShape=""
         description="Plant Status Tree {PTC.Factory.PlantStatusTreeDataShape}"
         documentationContent=""
         homeMashup=""
         lastModifiedDate="2017-07-13T16:06:54.181-04:00"
         name="PTC.Factory.PlantStatusTreeDataShape"
         projectName="PTC.SCA.SCO.Common"
         tags="PTC:sca-sco-common;PTC:DataShape;PTC:sca-common;PTC:Common">
            <avatar></avatar>
            <DesignTimePermissions>
                <Create></Create>
                <Read></Read>
                <Update></Update>
                <Delete></Delete>
                <Metadata></Metadata>
            </DesignTimePermissions>
            <RunTimePermissions></RunTimePermissions>
            <VisibilityPermissions>
                <Visibility>
                    <Principal
                     isPermitted="true"
                     name="PTC.Factory.MachineVisibility:AssetPerformance"
                     type="OrganizationalUnit"></Principal>
                    <Principal
                     isPermitted="true"
                     name="PTC.Factory.MachineVisibility:PlantStatus"
                     type="OrganizationalUnit"></Principal>
                </Visibility>
            </VisibilityPermissions>
            <ConfigurationTables></ConfigurationTables>
            <FieldDefinitions>
                <FieldDefinition
                 baseType="STRING"
                 description=""
                 name="AlertHTMLString"
                 ordinal="39"></FieldDefinition>
                <FieldDefinition
                 baseType="NUMBER"
                 description=""
                 name="availability"
                 ordinal="14"></FieldDefinition>
                <FieldDefinition
                 baseType="STRING"
                 description=""
                 name="availability_displaycirclehtml"
                 ordinal="10"></FieldDefinition>
                <FieldDefinition
                 baseType="INTEGER"
                 description="***DEPRECATED-J*** This property will be deleted in a future release."
                 name="availability_MaxThreshold"
                 ordinal="25"></FieldDefinition>
                <FieldDefinition
                 baseType="INTEGER"
                 description="***DEPRECATED-J*** This property will be deleted in a future release."
                 name="availability_MinThreshold"
                 ordinal="26"></FieldDefinition>
                <FieldDefinition
                 baseType="NUMBER"
                 description="***DEPRECATED-J*** This property will be deleted in a future release."
                 name="availabilityTrending"
                 ordinal="18"></FieldDefinition>
                <FieldDefinition
                 baseType="STRING"
                 description=""
                 name="description"
                 ordinal="6"></FieldDefinition>
                <FieldDefinition
                 baseType="STRING"
                 description=""
                 name="displayName"
                 ordinal="36"></FieldDefinition>
                <FieldDefinition
                 baseType="STRING"
                 description="***DEPRECATED-J*** This property will be deleted in a future release."
                 name="EXP_E_goodCount"
                 ordinal="28"></FieldDefinition>
                <FieldDefinition
                 baseType="STRING"
                 description="***DEPRECATED-J*** This property will be deleted in a future release."
                 name="EXP_E_idealRunRate"
                 ordinal="30"></FieldDefinition>
                <FieldDefinition
                 baseType="STRING"
                 description="***DEPRECATED-J*** This property will be deleted in a future release."
                 name="EXP_E_performanceTag"
                 ordinal="43"></FieldDefinition>
                <FieldDefinition
                 baseType="STRING"
                 description="***DEPRECATED-J*** This property will be deleted in a future release."
                 name="EXP_E_PlannedDowntime"
                 ordinal="32"></FieldDefinition>
                <FieldDefinition
                 baseType="STRING"
                 description="***DEPRECATED-J*** This property will be deleted in a future release."
                 name="EXP_E_qualityTag"
                 ordinal="41"></FieldDefinition>
                <FieldDefinition
                 baseType="STRING"
                 description="***DEPRECATED-J*** This property will be deleted in a future release."
                 name="EXP_E_Running"
                 ordinal="33"></FieldDefinition>
                <FieldDefinition
                 baseType="STRING"
                 description="***DEPRECATED-J*** This property will be deleted in a future release."
                 name="EXP_E_totalCount"
                 ordinal="29"></FieldDefinition>
                <FieldDefinition
                 baseType="STRING"
                 description="***DEPRECATED-J*** This property will be deleted in a future release."
                 name="EXP_E_UnplannedDowntime"
                 ordinal="34"></FieldDefinition>
                <FieldDefinition
                 baseType="STRING"
                 description="***DEPRECATED-J*** This property will be deleted in a future release."
                 name="EXP_E_Warning"
                 ordinal="35"></FieldDefinition>
                <FieldDefinition
                 baseType="STRING"
                 description=""
                 name="from"
                 ordinal="1"></FieldDefinition>
                <FieldDefinition
                 baseType="BOOLEAN"
                 description=""
                 name="hasAlert"
                 ordinal="40"></FieldDefinition>
                <FieldDefinition
                 aspect.isPrimaryKey="false"
                 baseType="STRING"
                 description=""
                 name="Id"
                 ordinal="27"></FieldDefinition>
                <FieldDefinition
                 baseType="INTEGER"
                 description=""
                 name="kpisCalculationPeriod"
                 ordinal="47"></FieldDefinition>
                <FieldDefinition
                 baseType="DATETIME"
                 description=""
                 name="lastCalculationTime"
                 ordinal="47"></FieldDefinition>
                <FieldDefinition
                 baseType="STRING"
                 description=""
                 name="name"
                 ordinal="3"></FieldDefinition>
                <FieldDefinition
                 baseType="NUMBER"
                 description=""
                 name="oee"
                 ordinal="11"></FieldDefinition>
                <FieldDefinition
                 baseType="STRING"
                 description=""
                 name="oee_displaycirclehtml"
                 ordinal="7"></FieldDefinition>
                <FieldDefinition
                 baseType="INTEGER"
                 description="***DEPRECATED-J*** This property will be deleted in a future release."
                 name="oEE_MaxThreshold"
                 ordinal="19"></FieldDefinition>
                <FieldDefinition
                 baseType="INTEGER"
                 description="***DEPRECATED-J*** This property will be deleted in a future release."
                 name="oEE_MinThreshold"
                 ordinal="20"></FieldDefinition>
                <FieldDefinition
                 baseType="NUMBER"
                 description="***DEPRECATED-J*** This property will be deleted in a future release."
                 name="oeeTrending"
                 ordinal="15"></FieldDefinition>
                <FieldDefinition
                 baseType="NUMBER"
                 description="Equivalent to effectiveness."
                 name="performance"
                 ordinal="12"></FieldDefinition>
                <FieldDefinition
                 baseType="STRING"
                 description=""
                 name="performance_displaycirclehtml"
                 ordinal="8"></FieldDefinition>
                <FieldDefinition
                 baseType="INTEGER"
                 description="***DEPRECATED-J*** This property will be deleted in a future release."
                 name="performance_MaxThreshold"
                 ordinal="21"></FieldDefinition>
                <FieldDefinition
                 baseType="INTEGER"
                 description="***DEPRECATED-J*** This property will be deleted in a future release."
                 name="performance_MinThreshold"
                 ordinal="22"></FieldDefinition>
                <FieldDefinition
                 baseType="NUMBER"
                 description="***DEPRECATED-J*** This property will be deleted in a future release."
                 name="performanceTrending"
                 ordinal="16"></FieldDefinition>
                <FieldDefinition
                 baseType="NUMBER"
                 description=""
                 name="quality"
                 ordinal="13"></FieldDefinition>
                <FieldDefinition
                 baseType="STRING"
                 description=""
                 name="quality_displaycirclehtml"
                 ordinal="9"></FieldDefinition>
                <FieldDefinition
                 baseType="INTEGER"
                 description="***DEPRECATED-J*** This property will be deleted in a future release."
                 name="quality_MaxThreshold"
                 ordinal="23"></FieldDefinition>
                <FieldDefinition
                 baseType="INTEGER"
                 description="***DEPRECATED-J*** This property will be deleted in a future release."
                 name="quality_MinThreshold"
                 ordinal="24"></FieldDefinition>
                <FieldDefinition
                 baseType="NUMBER"
                 description="***DEPRECATED-J*** This property will be deleted in a future release."
                 name="qualityTrending"
                 ordinal="17"></FieldDefinition>
                <FieldDefinition
                 baseType="STRING"
                 description=""
                 name="relatedSite"
                 ordinal="44"></FieldDefinition>
                <FieldDefinition
                 baseType="STRING"
                 description=""
                 name="relatedSiteID"
                 ordinal="45"></FieldDefinition>
                <FieldDefinition
                 baseType="STRING"
                 description=""
                 name="status"
                 ordinal="5"></FieldDefinition>
                <FieldDefinition
                 baseType="INTEGER"
                 description=""
                 name="statusIndex"
                 ordinal="43"></FieldDefinition>
                <FieldDefinition
                 baseType="STRING"
                 description=""
                 name="thingTemplate"
                 ordinal="37"></FieldDefinition>
                <FieldDefinition
                 baseType="STRING"
                 description=""
                 name="to"
                 ordinal="2"></FieldDefinition>
                <FieldDefinition
                 aspect.isPrimaryKey="true"
                 baseType="STRING"
                 description=""
                 name="treeNodeDisplay"
                 ordinal="31"></FieldDefinition>
                <FieldDefinition
                 aspect.isPrimaryKey="true"
                 baseType="STRING"
                 description=""
                 name="treeNodeId"
                 ordinal="31"></FieldDefinition>
                <FieldDefinition
                 baseType="STRING"
                 description=""
                 name="type"
                 ordinal="4"></FieldDefinition>
                <FieldDefinition
                 baseType="BOOLEAN"
                 description=""
                 name="HasChildren"
                 ordinal="48"></FieldDefinition>
                <FieldDefinition
                 baseType="STRING"
                 description=""
                 name="displayNameHTML"
                 ordinal="49"></FieldDefinition>
                <FieldDefinition
                 baseType="STRING"
                 description="Localized name for the equipment status"
                 name="statusLocalizedName"
                 ordinal="53"></FieldDefinition>
            </FieldDefinitions>
        </DataShape>
    </DataShapes>
</Entities>
