<?xml version="1.0" encoding="UTF-8"?>
<Entities
 build="b2122"
 majorVersion="8"
 minorVersion="4"
 modelPersistenceProviderPackage="PostgresPersistenceProviderPackage"
 revision="1"
 schemaVersion="1040"
 universal="password">
    <DataShapes>
        <DataShape
         aspect.isEditableExtensionObject="false"
         aspect.isExtension="true"
         baseDataShape=""
         description="DataShape to represent the fields of the configuration table of the Equipment Context {PTC.SCA.SCO.EquipmentContextSettingsDataShape}"
         documentationContent=""
         homeMashup=""
         lastModifiedDate="2019-02-27T15:38:58.263-05:00"
         name="PTC.SCA.SCO.EquipmentContextSettingsDataShape"
         projectName="PTC.SCA.SCO.Common"
         tags="PTC:sca-sco-common;">
            <avatar></avatar>
            <DesignTimePermissions>
                <Create></Create>
                <Read></Read>
                <Update></Update>
                <Delete></Delete>
                <Metadata></Metadata>
            </DesignTimePermissions>
            <RunTimePermissions></RunTimePermissions>
            <VisibilityPermissions>
                <Visibility></Visibility>
            </VisibilityPermissions>
            <ConfigurationTableDefinitions></ConfigurationTableDefinitions>
            <ConfigurationTables></ConfigurationTables>
            <FieldDefinitions>
                <FieldDefinition
                 aspect.isPrimaryKey="true"
                 baseType="STRING"
                 description="Context Name served as a primary Key"
                 name="ContextName"
                 ordinal="1"></FieldDefinition>
                <FieldDefinition
                 aspect.defaultValue="true"
                 aspect.isPrimaryKey="false"
                 baseType="BOOLEAN"
                 description="Boolean representing the context to be enabled"
                 name="Enabled"
                 ordinal="6"></FieldDefinition>
                <FieldDefinition
                 aspect.isPrimaryKey="false"
                 baseType="THINGNAME"
                 description="DataTable representing the relationship settings"
                 name="EquipmentRelationshipSettings"
                 ordinal="5"></FieldDefinition>
                <FieldDefinition
                 aspect.isPrimaryKey="false"
                 baseType="STRING"
                 description="Localization token"
                 name="LocalizationToken"
                 ordinal="4"></FieldDefinition>
                <FieldDefinition
                 aspect.isPrimaryKey="false"
                 baseType="STRING"
                 description="String representing the network context"
                 name="Network"
                 ordinal="2"></FieldDefinition>
                <FieldDefinition
                 aspect.isPrimaryKey="false"
                 baseType="STRING"
                 description="Description of the context"
                 name="Description"
                 ordinal="3"></FieldDefinition>
            </FieldDefinitions>
        </DataShape>
    </DataShapes>
</Entities>
