<?xml version="1.0" encoding="UTF-8"?>
<Entities
 build="b120"
 majorVersion="8"
 minorVersion="2"
 modelPersistenceProviderPackage="PostgresPersistenceProviderPackage"
 revision="1"
 schemaVersion="1020"
 universal="">
    <DataShapes>
        <DataShape
         aspect.isEditableExtensionObject="false"
         aspect.isExtension="true"
         baseDataShape=""
         description="Device Summary used to display device info  {PTC.Factory.DevicesSummaryForChartDataShape}"
         documentationContent=""
         homeMashup=""
         lastModifiedDate="2018-02-02T11:52:34.978-05:00"
         name="PTC.Factory.DevicesSummaryForChartDataShape"
         projectName="PTC.SCA.SCO.Common"
         tags="PTC:sca-sco-common;PTC:DataShape;PTC:sca-common;PTC:Common">
            <avatar></avatar>
            <DesignTimePermissions>
                <Create></Create>
                <Read></Read>
                <Update></Update>
                <Delete></Delete>
                <Metadata></Metadata>
            </DesignTimePermissions>
            <RunTimePermissions></RunTimePermissions>
            <VisibilityPermissions>
                <Visibility></Visibility>
            </VisibilityPermissions>
            <ConfigurationTables></ConfigurationTables>
            <FieldDefinitions>
                <FieldDefinition
                 baseType="INTEGER"
                 description=""
                 name="NumberOfDevices"
                 ordinal="1"></FieldDefinition>
                <FieldDefinition
                 baseType="INFOTABLE"
                 description=""
                 name="NumberOfDevicesDisabled"
                 ordinal="5"></FieldDefinition>
                <FieldDefinition
                 baseType="INFOTABLE"
                 description=""
                 name="NumberOfDevicesInError"
                 ordinal="2"></FieldDefinition>
                <FieldDefinition
                 baseType="INFOTABLE"
                 description=""
                 name="NumberOfDevicesInError24h"
                 ordinal="4"></FieldDefinition>
                <FieldDefinition
                 baseType="INFOTABLE"
                 description=""
                 name="NumberOfDevicesNotInError"
                 ordinal="3"></FieldDefinition>
                <FieldDefinition
                 baseType="INFOTABLE"
                 description=""
                 name="NumberOfDevicesUnavailable"
                 ordinal="6"></FieldDefinition>
            </FieldDefinitions>
        </DataShape>
    </DataShapes>
</Entities>
