<?xml version="1.0" encoding="UTF-8"?>
<Entities>
    <DataShapes>
        <DataShape
         aspect.isEditableExtensionObject="false"
         description=""
         documentationContent="&#xA;"
         homeMashup=""
         lastModifiedDate="2016-06-22T13:32:35.074Z"
         name="PTC.SCA.SCO.Resource.Asset.AssetDataShape"
         projectName="PTC.SCA.SCO.Common"
         tags="PTC:sca-sco-common;PTC:DataShape;PTC:sca-common;PTC:Common">
            <avatar></avatar>
            <DesignTimePermissions>
                <Create></Create>
                <Read></Read>
                <Update></Update>
                <Delete></Delete>
                <Metadata></Metadata>
            </DesignTimePermissions>
            <RunTimePermissions></RunTimePermissions>
            <VisibilityPermissions>
                <Visibility></Visibility>
            </VisibilityPermissions>
            <ConfigurationTables></ConfigurationTables>
            <FieldDefinitions>
                <FieldDefinition
                 baseType="STRING"
                 description="The model number of the resource"
                 name="ModelNumber"
                 ordinal="0"></FieldDefinition>
                <FieldDefinition
                 baseType="STRING"
                 description="The foreign key of the operating resource related to this operatable resource"
                 name="Operator"
                 ordinal="0"></FieldDefinition>
                <FieldDefinition
                 baseType="STRING"
                 description=""
                 name="OperatorContact"
                 ordinal="0"></FieldDefinition>
                <FieldDefinition
                 baseType="BOOLEAN"
                 description="A boolean flag indicating the alert status of the alertable resource"
                 name="IsAlerted"
                 ordinal="0"></FieldDefinition>
                <FieldDefinition
                 baseType="STRING"
                 description="The foreign key of the owning resource related to this ownable resource"
                 name="Owner"
                 ordinal="0"></FieldDefinition>
                <FieldDefinition
                 baseType="STRING"
                 description=""
                 name="OwnerContact"
                 ordinal="0"></FieldDefinition>
                <FieldDefinition
                 baseType="IMAGE"
                 description="The link of the image associated to the resource"
                 name="Image"
                 ordinal="0"></FieldDefinition>
                <FieldDefinition
                 baseType="STRING"
                 description=""
                 name="Name"
                 ordinal="0"></FieldDefinition>
                <FieldDefinition
                 baseType="THINGTEMPLATENAME"
                 description="Asset type"
                 name="AssetType"
                 ordinal="0"></FieldDefinition>
                <FieldDefinition
                 baseType="STRING"
                 description="The serial number of the resource"
                 name="SerialNumber"
                 ordinal="0"></FieldDefinition>
                <FieldDefinition
                 baseType="STRING"
                 description=""
                 name="Id"
                 ordinal="0"></FieldDefinition>
                <FieldDefinition
                 baseType="THINGNAME"
                 description="The name of the Blog Thing associated to the resource"
                 name="Blog"
                 ordinal="0"></FieldDefinition>
                <FieldDefinition
                 baseType="BOOLEAN"
                 description="Whether asset Thing is connected"
                 name="IsConnected"
                 ordinal="0"></FieldDefinition>
                <FieldDefinition
                 baseType="LOCATION"
                 description="The geoposition of the locatable resource"
                 name="Location"
                 ordinal="0"></FieldDefinition>
                <FieldDefinition
                 baseType="BOOLEAN"
                 description="Whether asset Thing is active (enabled)"
                 name="IsActive"
                 ordinal="0"></FieldDefinition>
            </FieldDefinitions>
        </DataShape>
    </DataShapes>
</Entities>
