<?xml version="1.0" encoding="UTF-8"?>
<Entities>
    <DataShapes>
        <DataShape
         aspect.isEditableExtensionObject="false"
         baseDataShape=""
         description="Alert Summary DataShape"
         name="PTC.SCA.SCO.Alert.AlertSummary"
         projectName="PTC.SCA.SCO.Common"
         tags="PTC:sca-sco-common;PTC:DataShape;PTC:sca-common;PTC:Common">
            <avatar></avatar>
            <DesignTimePermissions>
                <Create></Create>
                <Read></Read>
                <Update></Update>
                <Delete></Delete>
                <Metadata></Metadata>
            </DesignTimePermissions>
            <RunTimePermissions></RunTimePermissions>
            <VisibilityPermissions>
                <Visibility>
                    <Principal
                     isPermitted="true"
                     name="PTC.Factory.MachineVisibility"
                     type="Organization"></Principal>
                </Visibility>
            </VisibilityPermissions>
            <ConfigurationTables></ConfigurationTables>
            <FieldDefinitions>
                <FieldDefinition
                 baseType="STRING"
                 description="Alert message"
                 name="message"
                 ordinal="2"></FieldDefinition>
                <FieldDefinition
                 baseType="BOOLEAN"
                 description="Alert acknowledge state"
                 name="ack"
                 ordinal="3"></FieldDefinition>
                <FieldDefinition
                 baseType="DATETIME"
                 description="Alert acknowledge timestamp"
                 name="ackTimestamp"
                 ordinal="4"></FieldDefinition>
                <FieldDefinition
                 baseType="STRING"
                 description="Alert type"
                 name="alertType"
                 ordinal="5"></FieldDefinition>
                <FieldDefinition
                 baseType="STRING"
                 description="Alert description"
                 name="description"
                 ordinal="6"></FieldDefinition>
                <FieldDefinition
                 baseType="NUMBER"
                 description="Alert duration"
                 name="duration"
                 ordinal="7"></FieldDefinition>
                <FieldDefinition
                 baseType="STRING"
                 description="Alert acknowledged by"
                 name="ackBy"
                 ordinal="8"></FieldDefinition>
                <FieldDefinition
                 baseType="STRING"
                 description="Alert name"
                 name="name"
                 ordinal="9"></FieldDefinition>
                <FieldDefinition
                 baseType="INTEGER"
                 description="Alert priority"
                 name="priority"
                 ordinal="10"></FieldDefinition>
                <FieldDefinition
                 aspect.isPrimaryKey="false"
                 baseType="STRING"
                 description="Alert source thing"
                 name="source"
                 ordinal="11"></FieldDefinition>
                <FieldDefinition
                 aspect.isPrimaryKey="false"
                 baseType="STRING"
                 description="Alert source property"
                 name="sourceProperty"
                 ordinal="12"></FieldDefinition>
                <FieldDefinition
                 aspect.isPrimaryKey="false"
                 baseType="DATETIME"
                 description="Alert timestamp"
                 name="timestamp"
                 ordinal="13"></FieldDefinition>
            </FieldDefinitions>
        </DataShape>
    </DataShapes>
</Entities>
