<?xml version="1.0" encoding="UTF-8"?>
<Entities>
    <DataShapes>
        <DataShape
         aspect.isEditableExtensionObject="false"
         baseDataShape=""
         description="Navigation menu entry"
         documentationContent="&#xA;"
         homeMashup=""
         lastModifiedDate="2016-06-22T13:32:35.074Z"
         name="PTC.SCA.SCO.Asset.MenuEntry"
         projectName="PTC.SCA.SCO.Common"
         tags="PTC:sca-sco-common;PTC:DataShape;PTC:sca-common;PTC:Common">
            <avatar></avatar>
            <DesignTimePermissions>
                <Create></Create>
                <Read></Read>
                <Update></Update>
                <Delete></Delete>
                <Metadata></Metadata>
            </DesignTimePermissions>
            <RunTimePermissions></RunTimePermissions>
            <VisibilityPermissions>
                <Visibility></Visibility>
            </VisibilityPermissions>
            <ConfigurationTables></ConfigurationTables>
            <FieldDefinitions>
                <FieldDefinition
                 aspect.isPrimaryKey="true"
                 baseType="STRING"
                 description="Link destination"
                 name="linkDestination"
                 ordinal="0"></FieldDefinition>
                <FieldDefinition
                 aspect.defaultValue="false"
                 baseType="BOOLEAN"
                 description="Is a default menu item"
                 name="isDefault"
                 ordinal="0"></FieldDefinition>
                <FieldDefinition
                 baseType="STRING"
                 description="Menu entry parent id"
                 name="parentMenuId"
                 ordinal="0"></FieldDefinition>
                <FieldDefinition
                 baseType="STRING"
                 description="Link target (Popup, Mashup, New)"
                 name="linkTarget"
                 ordinal="0"></FieldDefinition>
                <FieldDefinition
                 baseType="IMAGELINK"
                 description="Optional image URL"
                 name="imageURL"
                 ordinal="0"></FieldDefinition>
                <FieldDefinition
                 baseType="STRING"
                 description="Description for tooltip"
                 name="description"
                 ordinal="0"></FieldDefinition>
                <FieldDefinition
                 baseType="STRING"
                 description="Menu entry id"
                 name="menuId"
                 ordinal="0"></FieldDefinition>
                <FieldDefinition
                 baseType="THINGNAME"
                 description=""
                 name="thingName"
                 ordinal="11"></FieldDefinition>
                <FieldDefinition
                 aspect.isPrimaryKey="true"
                 baseType="STRING"
                 description="Link type (Mashup, Hyperlink, or Menu)"
                 name="linkType"
                 ordinal="0"></FieldDefinition>
                <FieldDefinition
                 baseType="MASHUPNAME"
                 description=""
                 name="section"
                 ordinal="10"></FieldDefinition>
                <FieldDefinition
                 baseType="STRING"
                 description="Menu entry title"
                 name="title"
                 ordinal="0"></FieldDefinition>
                <FieldDefinition
                 baseType="STRING"
                 description=""
                 name="group"
                 ordinal="12"></FieldDefinition>
            </FieldDefinitions>
        </DataShape>
    </DataShapes>
</Entities>
