<?xml version="1.0" encoding="UTF-8"?>
<Entities
 build="b18"
 majorVersion="7"
 minorVersion="1"
 revision="0"
 schemaVersion="910">
    <DataShapes>
        <DataShape
         aspect.isEditableExtensionObject="false"
         baseDataShape=""
         description="Datashape for Asset Search Configuration"
         documentationContent="&lt;p&gt;&lt;br&gt;&lt;/p&gt;&#xA;"
         homeMashup=""
         lastModifiedDate="2016-06-22T13:32:35.074Z"
         name="PTC.SCA.SCO.Asset.AssetSearchConfig"
         projectName="PTC.SCA.SCO.Common"
         tags="PTC:sca-sco-common;PTC:DataShape;PTC:sca-common;PTC:Common">
            <avatar></avatar>
            <DesignTimePermissions>
                <Create></Create>
                <Read></Read>
                <Update></Update>
                <Delete></Delete>
                <Metadata></Metadata>
            </DesignTimePermissions>
            <RunTimePermissions></RunTimePermissions>
            <VisibilityPermissions>
                <Visibility></Visibility>
            </VisibilityPermissions>
            <ConfigurationTables></ConfigurationTables>
            <FieldDefinitions>
                <FieldDefinition
                 aspect.isPrimaryKey="true"
                 baseType="BASETYPENAME"
                 description=""
                 name="BaseType"
                 ordinal="4"></FieldDefinition>
                <FieldDefinition
                 aspect.defaultValue="false"
                 aspect.isPrimaryKey="true"
                 baseType="BOOLEAN"
                 description=""
                 name="ConfigDefault"
                 ordinal="12"></FieldDefinition>
                <FieldDefinition
                 aspect.isPrimaryKey="true"
                 baseType="STRING"
                 description=""
                 name="ConfigName"
                 ordinal="11"></FieldDefinition>
                <FieldDefinition
                 aspect.defaultValue="{}"
                 baseType="JSON"
                 description=""
                 name="ExtraData"
                 ordinal="9"></FieldDefinition>
                <FieldDefinition
                 baseType="STRING"
                 description=""
                 name="id"
                 ordinal="1"></FieldDefinition>
                <FieldDefinition
                 aspect.defaultValue="false"
                 baseType="BOOLEAN"
                 description=""
                 name="IsFilterField"
                 ordinal="6"></FieldDefinition>
                <FieldDefinition
                 aspect.defaultValue="false"
                 baseType="BOOLEAN"
                 description=""
                 name="IsGridField"
                 ordinal="7"></FieldDefinition>
                <FieldDefinition
                 baseType="STRING"
                 description=""
                 name="Label"
                 ordinal="5"></FieldDefinition>
                <FieldDefinition
                 aspect.isPrimaryKey="true"
                 baseType="STRING"
                 description="Equates to Normalized Field in Resource Provider"
                 name="Name"
                 ordinal="3"></FieldDefinition>
                <FieldDefinition
                 aspect.defaultValue="false"
                 baseType="BOOLEAN"
                 description=""
                 name="Required"
                 ordinal="2"></FieldDefinition>
                <FieldDefinition
                 aspect.defaultValue="false"
                 baseType="BOOLEAN"
                 description=""
                 name="Selected"
                 ordinal="8"></FieldDefinition>
                <FieldDefinition
                 aspect.defaultValue="0"
                 baseType="INTEGER"
                 description=""
                 name="SortOrder"
                 ordinal="10"></FieldDefinition>
                <FieldDefinition
                 aspect.isPrimaryKey="true"
                 baseType="USERNAME"
                 description=""
                 name="userName"
                 ordinal="13"></FieldDefinition>
            </FieldDefinitions>
        </DataShape>
    </DataShapes>
</Entities>
