<?xml version="1.0" encoding="UTF-8"?>
<Entities>
    <LocalizationTables>
        <LocalizationTable
         description="zh-TW localization table"
         homeMashup=""
         name="zh-TW"
         tags="PTC:factory-mv">
            <avatar></avatar>
            <DesignTimePermissions>
                <Create></Create>
                <Read></Read>
                <Update></Update>
                <Delete></Delete>
                <Metadata></Metadata>
            </DesignTimePermissions>
            <RunTimePermissions></RunTimePermissions>
            <VisibilityPermissions>
                <Visibility>
                    <Principal
                     isPermitted="true"
                     name="PTC.Factory.MachineVisibility"
                     type="Organization"></Principal>
                </Visibility>
            </VisibilityPermissions>
            <ConfigurationTables>
                <ConfigurationTable
                 description="Localization Tokens"
                 isMultiRow="true"
                 name="LocalizationTokens"
                 ordinal="0">
                    <DataShape>
                        <FieldDefinitions>
                            <FieldDefinition
                             aspect.friendlyName="Translation context"
                             baseType="STRING"
                             description="Translation context"
                             name="context"
                             ordinal="3"></FieldDefinition>
                            <FieldDefinition
                             aspect.friendlyName="Token name"
                             baseType="STRING"
                             description="Token name"
                             name="name"
                             ordinal="0"></FieldDefinition>
                            <FieldDefinition
                             aspect.friendlyName="Token usage"
                             baseType="STRING"
                             description="Token usage"
                             name="usage"
                             ordinal="2"></FieldDefinition>
                            <FieldDefinition
                             aspect.friendlyName="Localized value"
                             baseType="STRING"
                             description="Localized value"
                             name="value"
                             ordinal="1"></FieldDefinition>
                        </FieldDefinitions>
                    </DataShape>
                    <Rows>
                        <Row>
                            <name>
                            <![CDATA[
                            PTC.Factory.PlantStatus.Availability_Day
                            ]]>
                            </name>
                            <value>
                            <![CDATA[
                            狀態摘要
                            ]]>
                            </value>
                        </Row>
                        <Row>
                            <name>
                            <![CDATA[
                            PTC.Factory.MetricsWidget.TITLE
                            ]]>
                            </name>
                            <value>
                            <![CDATA[
                            整體設備效率
                            ]]>
                            </value>
                        </Row>
                        <Row>
                            <name>
                            <![CDATA[
                            PTC.Factory.MetricsWidget.day.TITLE
                            ]]>
                            </name>
                            <value>
                            <![CDATA[
                            整體設備效益 (以天為單位)
                            ]]>
                            </value>
                        </Row>
                        <Row>
                            <name>
                            <![CDATA[
                            PTC.Factory.KPI.OEE.Percentage
                            ]]>
                            </name>
                            <value>
                            <![CDATA[
                            整體設備效率 (%)
                            ]]>
                            </value>
                        </Row>
                        <Row>
                            <name>
                            <![CDATA[
                            PTC.Factory.KPI.Availability.Percentage
                            ]]>
                            </name>
                            <value>
                            <![CDATA[
                            可用性 (%)
                            ]]>
                            </value>
                        </Row>
                        <Row>
                            <name>
                            <![CDATA[
                            PTC.Factory.KPI.Quality.Percentage
                            ]]>
                            </name>
                            <value>
                            <![CDATA[
                            品質 (%)
                            ]]>
                            </value>
                        </Row>
                        <Row>
                            <name>
                            <![CDATA[
                            PTC.Factory.KPI.Effectiveness.Percentage
                            ]]>
                            </name>
                            <value>
                            <![CDATA[
                            效益 (%)
                            ]]>
                            </value>
                        </Row>
                        <Row>
                            <name>
                            <![CDATA[
                            PTC.Factory.LastModified
                            ]]>
                            </name>
                            <value>
                            <![CDATA[
                            最後修改
                            ]]>
                            </value>
                        </Row>
                        <Row>
                            <name>
                            <![CDATA[
                            PTC.Factory.AlertsThisWeek
                            ]]>
                            </name>
                            <value>
                            <![CDATA[
                            本週 {0} 次警示
                            ]]>
                            </value>
                        </Row>
                        <Row>
                            <name>
                            <![CDATA[
                            PTC.Factory.AlertThisWeek
                            ]]>
                            </name>
                            <value>
                            <![CDATA[
                            本週 1 次警示
                            ]]>
                            </value>
                        </Row>
                        <Row>
                            <name>
                            <![CDATA[
                            PTC.Factory.GeneralInfoTitle
                            ]]>
                            </name>
                            <value>
                            <![CDATA[
                            一般資訊
                            ]]>
                            </value>
                        </Row>
                        <Row>
                            <name>
                            <![CDATA[
                            PTC.Factory.AlertTitle
                            ]]>
                            </name>
                            <value>
                            <![CDATA[
                            警示
                            ]]>
                            </value>
                        </Row>
                        <Row>
                            <name>
                            <![CDATA[
                            PTC.Factory.ProductionHistoryData
                            ]]>
                            </name>
                            <value>
                            <![CDATA[
                            {0} 生產歷史資料
                            ]]>
                            </value>
                        </Row>
                        <Row>
                            <name>
                            <![CDATA[
                            PTC.Factory.ViewProductionHistoryData
                            ]]>
                            </name>
                            <value>
                            <![CDATA[
                            檢視生產歷史資料
                            ]]>
                            </value>
                        </Row>
                        <Row>
                            <name>
                            <![CDATA[
                            PTC.Factory.StatusHistory.StatusSummary
                            ]]>
                            </name>
                            <value>
                            <![CDATA[
                            狀態摘要
                            ]]>
                            </value>
                        </Row>
                        <Row>
                            <name>
                            <![CDATA[
                            PTC.SCA.Mfg.PlantStatus.GoodCountExpression
                            ]]>
                            </name>
                            <value>
                            <![CDATA[
                            「佳」計數運算式
                            ]]>
                            </value>
                        </Row>
                        <Row>
                            <name>
                            <![CDATA[
                            PTC.SCA.Mfg.PlantStatus.GoodCountExpression
                            ]]>
                            </name>
                            <value>
                            <![CDATA[
                            「佳」計數運算式
                            ]]>
                            </value>
                        </Row>
                        <Row>
                            <name>
                            <![CDATA[
                            PTC.SCA.Mfg.PlantStatus.IdealRunRateExpression
                            ]]>
                            </name>
                            <value>
                            <![CDATA[
                            理想的執行率運算式
                            ]]>
                            </value>
                        </Row>
                        <Row>
                            <name>
                            <![CDATA[
                            PTC.SCA.Mfg.PlantStatus.TotalCountExpression
                            ]]>
                            </name>
                            <value>
                            <![CDATA[
                            總計數運算式
                            ]]>
                            </value>
                        </Row>
                        <Row>
                            <name>
                            <![CDATA[
                            PTC.SCA.Mfg.PlantStatus.ChangeEvent
                            ]]>
                            </name>
                            <value>
                            <![CDATA[
                            更改事件
                            ]]>
                            </value>
                        </Row>
                        <Row>
                            <name>
                            <![CDATA[
                            PTC.SCA.Mfg.PlantStatus.DisplayChangeEvents
                            ]]>
                            </name>
                            <value>
                            <![CDATA[
                            顯示更改事件
                            ]]>
                            </value>
                        </Row>
                        <Row>
                            <name>
                            <![CDATA[
                            PTC.SCA.Mfg.PlantStatus.NotInstantiableType
                            ]]>
                            </name>
                            <value>
                            <![CDATA[
                            類型不可具現化
                            ]]>
                            </value>
                        </Row>
                        <Row>
                            <name>
                            <![CDATA[
                            PTC.SCA.Mfg.PlantStatus.NotInstantiableTypeList
                            ]]>
                            </name>
                            <value>
                            <![CDATA[
                            {0}*{1}* (不可具現化)
                            ]]>
                            </value>
                        </Row>
                        <Row>
                            <name>
                            <![CDATA[
                            PTC.SCA.Mfg.PlantStatus.TypeListIndent
                            ]]>
                            </name>
                            <value>
                            <![CDATA[
                            -
                            ]]>
                            </value>
                        </Row>
                        <Row>
                            <name>
                            <![CDATA[
                            PTC.SCA.Mfg.PlantStatus.ConnectedProductionEquipment
                            ]]>
                            </name>
                            <value>
                            <![CDATA[
                            已連線的生產設備
                            ]]>
                            </value>
                        </Row>
                    </Rows>
                </ConfigurationTable>
            </ConfigurationTables>
        </LocalizationTable>
    </LocalizationTables>
</Entities>
