<?xml version="1.0" encoding="UTF-8"?>
<Entities>
    <LocalizationTables>
        <LocalizationTable
         description="es localization table"
         homeMashup=""
         name="es"
         tags="PTC:factory-mv">
            <avatar></avatar>
            <DesignTimePermissions>
                <Create></Create>
                <Read></Read>
                <Update></Update>
                <Delete></Delete>
                <Metadata></Metadata>
            </DesignTimePermissions>
            <RunTimePermissions></RunTimePermissions>
            <VisibilityPermissions>
                <Visibility>
                    <Principal
                     isPermitted="true"
                     name="PTC.Factory.MachineVisibility"
                     type="Organization"></Principal>
                </Visibility>
            </VisibilityPermissions>
            <ConfigurationTables>
                <ConfigurationTable
                 description="Localization Tokens"
                 isMultiRow="true"
                 name="LocalizationTokens"
                 ordinal="0">
                    <DataShape>
                        <FieldDefinitions>
                            <FieldDefinition
                             aspect.friendlyName="Translation context"
                             baseType="STRING"
                             description="Translation context"
                             name="context"
                             ordinal="3"></FieldDefinition>
                            <FieldDefinition
                             aspect.friendlyName="Token name"
                             baseType="STRING"
                             description="Token name"
                             name="name"
                             ordinal="0"></FieldDefinition>
                            <FieldDefinition
                             aspect.friendlyName="Token usage"
                             baseType="STRING"
                             description="Token usage"
                             name="usage"
                             ordinal="2"></FieldDefinition>
                            <FieldDefinition
                             aspect.friendlyName="Localized value"
                             baseType="STRING"
                             description="Localized value"
                             name="value"
                             ordinal="1"></FieldDefinition>
                        </FieldDefinitions>
                    </DataShape>
                    <Rows>
                        <Row>
                            <name>
                            <![CDATA[
                            PTC.Factory.PlantStatus.Availability_Day
                            ]]>
                            </name>
                            <value>
                            <![CDATA[
                            Resumen del estado
                            ]]>
                            </value>
                        </Row>
                        <Row>
                            <name>
                            <![CDATA[
                            PTC.Factory.MetricsWidget.TITLE
                            ]]>
                            </name>
                            <value>
                            <![CDATA[
                            Eficacia de equipo global
                            ]]>
                            </value>
                        </Row>
                        <Row>
                            <name>
                            <![CDATA[
                            PTC.Factory.MetricsWidget.day.TITLE
                            ]]>
                            </name>
                            <value>
                            <![CDATA[
                            Eficacia de equipo global (día)
                            ]]>
                            </value>
                        </Row>
                        <Row>
                            <name>
                            <![CDATA[
                            PTC.Factory.KPI.OEE.Percentage
                            ]]>
                            </name>
                            <value>
                            <![CDATA[
                            EEG (%)
                            ]]>
                            </value>
                        </Row>
                        <Row>
                            <name>
                            <![CDATA[
                            PTC.Factory.KPI.Availability.Percentage
                            ]]>
                            </name>
                            <value>
                            <![CDATA[
                            Disponibilidad (%)
                            ]]>
                            </value>
                        </Row>
                        <Row>
                            <name>
                            <![CDATA[
                            PTC.Factory.KPI.Quality.Percentage
                            ]]>
                            </name>
                            <value>
                            <![CDATA[
                            Calidad (%)
                            ]]>
                            </value>
                        </Row>
                        <Row>
                            <name>
                            <![CDATA[
                            PTC.Factory.KPI.Effectiveness.Percentage
                            ]]>
                            </name>
                            <value>
                            <![CDATA[
                            Eficacia (%)
                            ]]>
                            </value>
                        </Row>
                        <Row>
                            <name>
                            <![CDATA[
                            PTC.Factory.LastModified
                            ]]>
                            </name>
                            <value>
                            <![CDATA[
                            Última modificación
                            ]]>
                            </value>
                        </Row>
                        <Row>
                            <name>
                            <![CDATA[
                            PTC.Factory.AlertsThisWeek
                            ]]>
                            </name>
                            <value>
                            <![CDATA[
                            {0} alertas esta semana
                            ]]>
                            </value>
                        </Row>
                        <Row>
                            <name>
                            <![CDATA[
                            PTC.Factory.AlertThisWeek
                            ]]>
                            </name>
                            <value>
                            <![CDATA[
                            1 alerta esta semana
                            ]]>
                            </value>
                        </Row>
                        <Row>
                            <name>
                            <![CDATA[
                            PTC.Factory.GeneralInfoTitle
                            ]]>
                            </name>
                            <value>
                            <![CDATA[
                            Información general
                            ]]>
                            </value>
                        </Row>
                        <Row>
                            <name>
                            <![CDATA[
                            PTC.Factory.AlertTitle
                            ]]>
                            </name>
                            <value>
                            <![CDATA[
                            Alerta
                            ]]>
                            </value>
                        </Row>
                        <Row>
                            <name>
                            <![CDATA[
                            PTC.Factory.ProductionHistoryData
                            ]]>
                            </name>
                            <value>
                            <![CDATA[
                            Datos históricos de producción de {0}
                            ]]>
                            </value>
                        </Row>
                        <Row>
                            <name>
                            <![CDATA[
                            PTC.Factory.ViewProductionHistoryData
                            ]]>
                            </name>
                            <value>
                            <![CDATA[
                            Ver datos históricos de producción
                            ]]>
                            </value>
                        </Row>
                        <Row>
                            <name>
                            <![CDATA[
                            PTC.Factory.StatusHistory.StatusSummary
                            ]]>
                            </name>
                            <value>
                            <![CDATA[
                            Resumen del estado
                            ]]>
                            </value>
                        </Row>
                        <Row>
                            <name>
                            <![CDATA[
                            PTC.SCA.Mfg.PlantStatus.GoodCountExpression
                            ]]>
                            </name>
                            <value>
                            <![CDATA[
                            Expresión de número de piezas conformes
                            ]]>
                            </value>
                        </Row>
                        <Row>
                            <name>
                            <![CDATA[
                            PTC.SCA.Mfg.PlantStatus.GoodCountExpression
                            ]]>
                            </name>
                            <value>
                            <![CDATA[
                            Expresión de número de piezas conformes
                            ]]>
                            </value>
                        </Row>
                        <Row>
                            <name>
                            <![CDATA[
                            PTC.SCA.Mfg.PlantStatus.IdealRunRateExpression
                            ]]>
                            </name>
                            <value>
                            <![CDATA[
                            Expresión de rendimiento ideal
                            ]]>
                            </value>
                        </Row>
                        <Row>
                            <name>
                            <![CDATA[
                            PTC.SCA.Mfg.PlantStatus.TotalCountExpression
                            ]]>
                            </name>
                            <value>
                            <![CDATA[
                            Expresión de recuento total
                            ]]>
                            </value>
                        </Row>
                        <Row>
                            <name>
                            <![CDATA[
                            PTC.SCA.Mfg.PlantStatus.ChangeEvent
                            ]]>
                            </name>
                            <value>
                            <![CDATA[
                            Evento de cambio
                            ]]>
                            </value>
                        </Row>
                        <Row>
                            <name>
                            <![CDATA[
                            PTC.SCA.Mfg.PlantStatus.DisplayChangeEvents
                            ]]>
                            </name>
                            <value>
                            <![CDATA[
                            Mostrar eventos de cambio
                            ]]>
                            </value>
                        </Row>
                        <Row>
                            <name>
                            <![CDATA[
                            PTC.SCA.Mfg.PlantStatus.NotInstantiableType
                            ]]>
                            </name>
                            <value>
                            <![CDATA[
                            El tipo no es instanciable
                            ]]>
                            </value>
                        </Row>
                        <Row>
                            <name>
                            <![CDATA[
                            PTC.SCA.Mfg.PlantStatus.NotInstantiableTypeList
                            ]]>
                            </name>
                            <value>
                            <![CDATA[
                            {0}*{1}* (no instanciable)
                            ]]>
                            </value>
                        </Row>
                        <Row>
                            <name>
                            <![CDATA[
                            PTC.SCA.Mfg.PlantStatus.TypeListIndent
                            ]]>
                            </name>
                            <value>
                            <![CDATA[
                            -
                            ]]>
                            </value>
                        </Row>
                        <Row>
                            <name>
                            <![CDATA[
                            PTC.SCA.Mfg.PlantStatus.ConnectedProductionEquipment
                            ]]>
                            </name>
                            <value>
                            <![CDATA[
                            EQUIPO DE PRODUCCIÓN CONECTADO
                            ]]>
                            </value>
                        </Row>
                    </Rows>
                </ConfigurationTable>
            </ConfigurationTables>
        </LocalizationTable>
    </LocalizationTables>
</Entities>
