<?xml version="1.0" encoding="UTF-8"?>
<Entities>
    <LocalizationTables>
        <LocalizationTable
         description="ru localization table"
         homeMashup=""
         name="ru"
         tags="PTC:factory-mv">
            <avatar></avatar>
            <DesignTimePermissions>
                <Create></Create>
                <Read></Read>
                <Update></Update>
                <Delete></Delete>
                <Metadata></Metadata>
            </DesignTimePermissions>
            <RunTimePermissions></RunTimePermissions>
            <VisibilityPermissions>
                <Visibility>
                    <Principal
                     isPermitted="true"
                     name="PTC.Factory.MachineVisibility"
                     type="Organization"></Principal>
                </Visibility>
            </VisibilityPermissions>
            <ConfigurationTables>
                <ConfigurationTable
                 description="Localization Tokens"
                 isMultiRow="true"
                 name="LocalizationTokens"
                 ordinal="0">
                    <DataShape>
                        <FieldDefinitions>
                            <FieldDefinition
                             aspect.friendlyName="Translation context"
                             baseType="STRING"
                             description="Translation context"
                             name="context"
                             ordinal="3"></FieldDefinition>
                            <FieldDefinition
                             aspect.friendlyName="Token name"
                             baseType="STRING"
                             description="Token name"
                             name="name"
                             ordinal="0"></FieldDefinition>
                            <FieldDefinition
                             aspect.friendlyName="Token usage"
                             baseType="STRING"
                             description="Token usage"
                             name="usage"
                             ordinal="2"></FieldDefinition>
                            <FieldDefinition
                             aspect.friendlyName="Localized value"
                             baseType="STRING"
                             description="Localized value"
                             name="value"
                             ordinal="1"></FieldDefinition>
                        </FieldDefinitions>
                    </DataShape>
                    <Rows>
                        <Row>
                            <name>
                            <![CDATA[
                            PTC.Factory.PlantStatus.Availability_Day
                            ]]>
                            </name>
                            <value>
                            <![CDATA[
                            Сводка состояния
                            ]]>
                            </value>
                        </Row>
                        <Row>
                            <name>
                            <![CDATA[
                            PTC.Factory.MetricsWidget.TITLE
                            ]]>
                            </name>
                            <value>
                            <![CDATA[
                            Коэффициент общей эффективности оборудования
                            ]]>
                            </value>
                        </Row>
                        <Row>
                            <name>
                            <![CDATA[
                            PTC.Factory.MetricsWidget.day.TITLE
                            ]]>
                            </name>
                            <value>
                            <![CDATA[
                            Коэффициент общей эффективности оборудования (день)
                            ]]>
                            </value>
                        </Row>
                        <Row>
                            <name>
                            <![CDATA[
                            PTC.Factory.KPI.OEE.Percentage
                            ]]>
                            </name>
                            <value>
                            <![CDATA[
                            OEE (%)
                            ]]>
                            </value>
                        </Row>
                        <Row>
                            <name>
                            <![CDATA[
                            PTC.Factory.KPI.Availability.Percentage
                            ]]>
                            </name>
                            <value>
                            <![CDATA[
                            Доступность (%)
                            ]]>
                            </value>
                        </Row>
                        <Row>
                            <name>
                            <![CDATA[
                            PTC.Factory.KPI.Quality.Percentage
                            ]]>
                            </name>
                            <value>
                            <![CDATA[
                            Качество (%)
                            ]]>
                            </value>
                        </Row>
                        <Row>
                            <name>
                            <![CDATA[
                            PTC.Factory.KPI.Effectiveness.Percentage
                            ]]>
                            </name>
                            <value>
                            <![CDATA[
                            Эффективность (%)
                            ]]>
                            </value>
                        </Row>
                        <Row>
                            <name>
                            <![CDATA[
                            PTC.Factory.LastModified
                            ]]>
                            </name>
                            <value>
                            <![CDATA[
                            Последнее изменение
                            ]]>
                            </value>
                        </Row>
                        <Row>
                            <name>
                            <![CDATA[
                            PTC.Factory.AlertsThisWeek
                            ]]>
                            </name>
                            <value>
                            <![CDATA[
                            Оповещений на этой неделе: {0}
                            ]]>
                            </value>
                        </Row>
                        <Row>
                            <name>
                            <![CDATA[
                            PTC.Factory.AlertThisWeek
                            ]]>
                            </name>
                            <value>
                            <![CDATA[
                            Оповещений на этой неделе: 1
                            ]]>
                            </value>
                        </Row>
                        <Row>
                            <name>
                            <![CDATA[
                            PTC.Factory.GeneralInfoTitle
                            ]]>
                            </name>
                            <value>
                            <![CDATA[
                            Общие сведения
                            ]]>
                            </value>
                        </Row>
                        <Row>
                            <name>
                            <![CDATA[
                            PTC.Factory.AlertTitle
                            ]]>
                            </name>
                            <value>
                            <![CDATA[
                            Оповещение
                            ]]>
                            </value>
                        </Row>
                        <Row>
                            <name>
                            <![CDATA[
                            PTC.Factory.ProductionHistoryData
                            ]]>
                            </name>
                            <value>
                            <![CDATA[
                            {0} Сведения об истории производства
                            ]]>
                            </value>
                        </Row>
                        <Row>
                            <name>
                            <![CDATA[
                            PTC.Factory.ViewProductionHistoryData
                            ]]>
                            </name>
                            <value>
                            <![CDATA[
                            Просмотр сведений об истории производства
                            ]]>
                            </value>
                        </Row>
                        <Row>
                            <name>
                            <![CDATA[
                            PTC.Factory.StatusHistory.StatusSummary
                            ]]>
                            </name>
                            <value>
                            <![CDATA[
                            Сводка состояния
                            ]]>
                            </value>
                        </Row>
                        <Row>
                            <name>
                            <![CDATA[
                            PTC.SCA.Mfg.PlantStatus.GoodCountExpression
                            ]]>
                            </name>
                            <value>
                            <![CDATA[
                            Выражение рейтинга оптимального прогона
                            ]]>
                            </value>
                        </Row>
                        <Row>
                            <name>
                            <![CDATA[
                            PTC.SCA.Mfg.PlantStatus.GoodCountExpression
                            ]]>
                            </name>
                            <value>
                            <![CDATA[
                            Выражение рейтинга оптимального прогона
                            ]]>
                            </value>
                        </Row>
                        <Row>
                            <name>
                            <![CDATA[
                            PTC.SCA.Mfg.PlantStatus.IdealRunRateExpression
                            ]]>
                            </name>
                            <value>
                            <![CDATA[
                            Выражение успешного количества
                            ]]>
                            </value>
                        </Row>
                        <Row>
                            <name>
                            <![CDATA[
                            PTC.SCA.Mfg.PlantStatus.TotalCountExpression
                            ]]>
                            </name>
                            <value>
                            <![CDATA[
                            Выражение общего количества
                            ]]>
                            </value>
                        </Row>
                        <Row>
                            <name>
                            <![CDATA[
                            PTC.SCA.Mfg.PlantStatus.ChangeEvent
                            ]]>
                            </name>
                            <value>
                            <![CDATA[
                            Изменить событие
                            ]]>
                            </value>
                        </Row>
                        <Row>
                            <name>
                            <![CDATA[
                            PTC.SCA.Mfg.PlantStatus.DisplayChangeEvents
                            ]]>
                            </name>
                            <value>
                            <![CDATA[
                            Отображение измененных событий
                            ]]>
                            </value>
                        </Row>
                        <Row>
                            <name>
                            <![CDATA[
                            PTC.SCA.Mfg.PlantStatus.NotInstantiableType
                            ]]>
                            </name>
                            <value>
                            <![CDATA[
                            Тип, не допускающий создание экземпляров
                            ]]>
                            </value>
                        </Row>
                        <Row>
                            <name>
                            <![CDATA[
                            PTC.SCA.Mfg.PlantStatus.NotInstantiableTypeList
                            ]]>
                            </name>
                            <value>
                            <![CDATA[
                            {0}*{1}* (не допускает создание экземпляров)
                            ]]>
                            </value>
                        </Row>
                        <Row>
                            <name>
                            <![CDATA[
                            PTC.SCA.Mfg.PlantStatus.TypeListIndent
                            ]]>
                            </name>
                            <value>
                            <![CDATA[
                            -
                            ]]>
                            </value>
                        </Row>
                        <Row>
                            <name>
                            <![CDATA[
                            PTC.SCA.Mfg.PlantStatus.ConnectedProductionEquipment
                            ]]>
                            </name>
                            <value>
                            <![CDATA[
                            ПОДКЛЮЧЕННОЕ ОБОРУДОВАНИЕ ДЛЯ ПРОИЗВОДСТВА
                            ]]>
                            </value>
                        </Row>
                    </Rows>
                </ConfigurationTable>
            </ConfigurationTables>
        </LocalizationTable>
    </LocalizationTables>
</Entities>
