<?xml version="1.0" encoding="UTF-8"?>
<Entities>
	<ExtensionPackages>
		<ExtensionPackage name="WebSocketTunnelLibrary_ExtensionPackage"
						  description="Web Socket Tunnel Libraries"
						  vendor="ThingWorx Customer Service"
						  packageVersion="2.0" 
						  minimumThingWorxVersion="4.0.0" />
	</ExtensionPackages>
	<Widgets>
		<Widget name="websockettunnellibrary">
			<UIResources>
				<!-- Runtime/Squeal ONLY -->
				<FileResource type="JS" file="base64.js" description="" isDevelopment="false" isRuntime="true" />
				<FileResource type="JS" file="des.js" description="" isDevelopment="false" isRuntime="true" />
				<FileResource type="JS" file="display.js" description="" isDevelopment="false" isRuntime="true" />
				<FileResource type="JS" file="input.js" description="" isDevelopment="false" isRuntime="true" />
				<FileResource type="JS" file="jsunzip.js" description="" isDevelopment="false" isRuntime="true" />
				<FileResource type="JS" file="rfb.js" description="" isDevelopment="false" isRuntime="true" />
				<FileResource type="JS" file="util.js" description="" isDevelopment="false" isRuntime="true" />
				<FileResource type="JS" file="websock.js" description="" isDevelopment="false" isRuntime="true" />
				<FileResource type="JS" file="webutil.js" description="" isDevelopment="false" isRuntime="true" />
			</UIResources>
		</Widget>
	</Widgets>
</Entities>
