<?xml version="1.0" encoding="UTF-8"?>
<Entities
 build="b18"
 majorVersion="7"
 minorVersion="1"
 modelPersistenceProviderPackage="NeoPersistenceProviderPackage"
 revision="0"
 schemaVersion="910">
    <ModelTags>
        <ModelTagVocabulary
         aspect.isExtension="true"
         description="General PTC model tags {PTC}"
         documentationContent="&lt;p&gt;&lt;br&gt;&lt;/p&gt; "
         homeMashup=""
         isDynamic="true"
         lastModifiedDate="2016-04-28T02:39:26.713Z"
         name="PTC"
         projectName="PTC.SCA.SCO.Application Home Page"
         tags="PTC:sca-sco-applicationhomepage;PTC:sca-common;PTC:Menu">
            <avatar></avatar>
            <DesignTimePermissions>
                <Create></Create>
                <Read></Read>
                <Update></Update>
                <Delete></Delete>
                <Metadata></Metadata>
            </DesignTimePermissions>
            <RunTimePermissions></RunTimePermissions>
            <VisibilityPermissions>
                <Visibility>
                    <Principal
                     isPermitted="true"
                     name="PTC.Factory.MachineVisibility"
                     type="Organization"></Principal>
                </Visibility>
            </VisibilityPermissions>
            <ConfigurationTables></ConfigurationTables>
            <VocabularyTerm
             description="FactoryAgileMonitoring"
             name="FactoryAgileMonitoring"></VocabularyTerm>
            <VocabularyTerm
             description="FactoryConsole"
             name="FactoryConsole"></VocabularyTerm>
            <VocabularyTerm
             description="FactoryConfiguration"
             name="FactoryConfiguration"></VocabularyTerm>
            <VocabularyTerm
             description="FactoryPlantStatus"
             name="FactoryPlantStatus"></VocabularyTerm>
            <VocabularyTerm
             description="factory-mv"
             name="factory-mv"></VocabularyTerm>
            <VocabularyTerm
             description="FactoryTrendTroubleshooting"
             name="FactoryTrendTroubleshooting"></VocabularyTerm>
            <VocabularyTerm
             description="FactoryKEPServerEX"
             name="FactoryKEPServerEX"></VocabularyTerm>
            <VocabularyTerm
             description="FactoryAdministration"
             name="FactoryAdministration"></VocabularyTerm>
            <VocabularyTerm
             description="FactoryAlertMonitor"
             name="FactoryAlertMonitor"></VocabularyTerm>
            <VocabularyTerm
             description="Tags used for every instance of KEPServer"
             name="FactoryKEPServerExInstance"></VocabularyTerm>
            <VocabularyTerm
             description="Tags used for import and export. Used to identify application key entities."
             name="FactoryAppKey"></VocabularyTerm>
            <VocabularyTerm
             description="Tags used for import and export. Used to identify device instances."
             name="FactoryDeviceInstance"></VocabularyTerm>
            <VocabularyTerm
             description="Tags used for import and export. Used to identify physical asset instances."
             name="FactoryPhysicalAssetInstance"></VocabularyTerm>
            <VocabularyTerm
             description="Tags used for import and export. Used to identify line instances."
             name="FactoryLineInstance"></VocabularyTerm>
            <VocabularyTerm
             description="Tags used for import and export. Used to identify site instances."
             name="FactorySiteInstance"></VocabularyTerm>
            <VocabularyTerm
             description="Tags used for import and export. Used to identify asset instances."
             name="FactoryAssetInstance"></VocabularyTerm>
            <VocabularyTerm
             description="Tags used for import and export. Used to identify trend instances."
             name="FactoryTrendInstance"></VocabularyTerm>
            <VocabularyTerm
             description="Tags used for import and export. Used to identify remote connection instances."
             name="FactoryConnectionInstance"></VocabularyTerm>
            <VocabularyTerm
             description="Tags used for import and export. Used to identify equipment instances."
             name="FactoryEquipmentInstance"></VocabularyTerm>
            <VocabularyTerm
             description="Tags used for import and export. Used to identify data tables."
             name="FactoryDataTable"></VocabularyTerm>
            <VocabularyTerm
             description="Tags used for import and export. Used to identify plant network entities."
             name="FactoryPlantNetwork"></VocabularyTerm>
            <VocabularyTerm
             description="Tag used to denote a deprecated entity or one with deprecated services"
             name="deprecated"></VocabularyTerm>
        </ModelTagVocabulary>
    </ModelTags>
</Entities>
