<?xml version="1.0" encoding="UTF-8"?>
<Entities
 build="b3226"
 majorVersion="0"
 minorVersion="0"
 modelPersistenceProviderPackage="NeoPersistenceProviderPackage"
 revision="0"
 schemaVersion="1000">
    <Things>
        <Thing
         aspect.isEditableExtensionObject="true"
         aspect.isExtension="true"
         description="Configure the Mashups or other entities bound to certain launch points for customization. Please use PTC.Factory.C-LaunchPointConfigurationThing-[PackageVersion] for customization, and PTC.Factory.LaunchPointConfigurationThing should remain the default values. {PTC.Factory.LaunchPointConfigurationThing}"
         documentationContent=""
         effectiveThingPackage="PTC.Factory.LaunchPointConfigurationPackage"
         enabled="true"
         homeMashup=""
         identifier=""
         lastModifiedDate="2017-05-23T18:21:19.648-04:00"
         name="PTC.Factory.C_LaunchPointConfigurationThing_8.5.1_01"
         projectName="PTC.SCA.SCO.Common"
         published="false"
         tags="PTC:sca-sco-common;PTC:sca-common;PTC:Thing"
         thingTemplate="PTC.Factory.LaunchPointConfigurationThingTemplate"
         valueStream="">
            <avatar></avatar>
            <DesignTimePermissions>
                <Create></Create>
                <Read></Read>
                <Update></Update>
                <Delete></Delete>
                <Metadata></Metadata>
            </DesignTimePermissions>
            <RunTimePermissions>
                <Permissions
                 resourceName="*">
                    <PropertyRead>
                        <Principal
                         isPermitted="true"
                         name="FactoryUsers"
                         type="Group"></Principal>
                    </PropertyRead>
                    <PropertyWrite></PropertyWrite>
                    <ServiceInvoke>
                        <Principal
                         isPermitted="true"
                         name="FactoryUsers"
                         type="Group"></Principal>
                    </ServiceInvoke>
                    <EventInvoke></EventInvoke>
                    <EventSubscribe></EventSubscribe>
                </Permissions>
            </RunTimePermissions>
            <VisibilityPermissions>
                <Visibility>
                    <Principal
                     isPermitted="true"
                     name="PTC.Factory.MachineVisibility"
                     type="Organization"></Principal>
                </Visibility>
            </VisibilityPermissions>
            <ConfigurationTables>
                <ConfigurationTable
                 description="A list of launch point description with the corresponding entity name"
                 isMultiRow="false"
                 name="LaunchPointEntitySettings"
                 ordinal="1">
                    <DataShape>
                        <FieldDefinitions>
                            <FieldDefinition
                             baseType="MASHUPNAME"
                             description="alerts configuration mashup."
                             name="AlertsConfigurationMashup"
                             ordinal="10"></FieldDefinition>
                            <FieldDefinition
                             baseType="MASHUPNAME"
                             description="Asset detail container mashup providing layout for Asset Detail page."
                             name="AssetDetailContainerMashup"
                             ordinal="6"></FieldDefinition>
                            <FieldDefinition
                             baseType="MENUNAME"
                             description="Menu used for navigation on the Asset Detail page."
                             name="AssetDetailMenu"
                             ordinal="7"></FieldDefinition>
                            <FieldDefinition
                             baseType="MASHUPNAME"
                             description="Asset list Entry mashup containing asset information."
                             name="AssetListEntryMashup"
                             ordinal="5"></FieldDefinition>
                            <FieldDefinition
                             baseType="MASHUPNAME"
                             description="Asset list filter mashup."
                             name="AssetListFilterMashup"
                             ordinal="4"></FieldDefinition>
                            <FieldDefinition
                             baseType="MASHUPNAME"
                             description="Device list mashup."
                             name="DeviceListMashup"
                             ordinal="8"></FieldDefinition>
                            <FieldDefinition
                             baseType="MASHUPNAME"
                             description="email and text configuration mashup."
                             name="EmailAndTextConfigurationMashup"
                             ordinal="11"></FieldDefinition>
                            <FieldDefinition
                             baseType="MASHUPNAME"
                             description="equipment configuration mashup."
                             name="EquipmentConfigurationMashup"
                             ordinal="9"></FieldDefinition>
                            <FieldDefinition
                             baseType="ORGANIZATIONNAME"
                             description="Login Welcome Page."
                             name="LoginWelcome"
                             ordinal="2"></FieldDefinition>
                            <FieldDefinition
                             baseType="THINGNAME"
                             description="DataTable for tiles of the Factory Application."
                             name="TilesDataTable"
                             ordinal="3"></FieldDefinition>
                            <FieldDefinition
                             baseType="THINGNAME"
                             description="DataTable for tiles of the Shift And Crew Hub."
                             name="ShiftAndCrewTilesDataTable"
                             ordinal="20"></FieldDefinition>
                            <FieldDefinition
                             baseType="MASHUPNAME"
                             description="Master mashup for titles."
                             name="TitleMashup"
                             ordinal="1"></FieldDefinition>
                            <FieldDefinition
                             baseType="MASHUPNAME"
                             description="users configuration mashup."
                             name="UsersConfigurationMashup"
                             ordinal="12"></FieldDefinition>
                            <FieldDefinition
                             baseType="MASHUPNAME"
                             description="PlantStatus footer mashup."
                             name="PlantStatusFooterMashup"
                             ordinal="13"></FieldDefinition>
                            <FieldDefinition
                             baseType="MASHUPNAME"
                             description="Import Export mashup."
                             name="ImportExportMashup"
                             ordinal="15"></FieldDefinition>
                        </FieldDefinitions>
                    </DataShape>
                    <Rows>
                        <Row>
                            <AlertsConfigurationMashup>
                            <![CDATA[
                            PTC.SCA.SCO.ConfigurationAndSetup.AlertsConfigurationMashup
                            ]]>
                            </AlertsConfigurationMashup>
                            <AssetDetailContainerMashup>
                            <![CDATA[
                            PTC.SCA.SCO.AssetMonitor.AssetDetailContainerMashup
                            ]]>
                            </AssetDetailContainerMashup>
                            <AssetDetailMenu>
                            <![CDATA[
                            PTC.SCA.SCO.AssetMonitor.AssetDetail.ActionMenu
                            ]]>
                            </AssetDetailMenu>
                            <AssetListEntryMashup>
                            <![CDATA[
                            PTC.SCA.SCO.AssetMonitor.AssetSummaryMashup
                            ]]>
                            </AssetListEntryMashup>
                            <AssetListFilterMashup>
                            <![CDATA[
                            PTC.SCA.SCO.AssetMonitor.AssetList.FilterMashup
                            ]]>
                            </AssetListFilterMashup>
                            <DeviceListMashup>
                            <![CDATA[
                            PTC.Factory.KEPServerEX.DeviceList
                            ]]>
                            </DeviceListMashup>
                            <EmailAndTextConfigurationMashup>
                            <![CDATA[
                            PTC.SCA.SCO.ConfigurationAndSetup.EmailAndTextConfigurationMashup
                            ]]>
                            </EmailAndTextConfigurationMashup>
                            <EquipmentConfigurationMashup>
                            <![CDATA[
                            PTC.SCA.SCO.ConfigurationAndSetup.EquipmentConfigurationMashup
                            ]]>
                            </EquipmentConfigurationMashup>
                            <LoginWelcome>
                            <![CDATA[
                            Welcome
                            ]]>
                            </LoginWelcome>
                            <TilesDataTable>
                            <![CDATA[
                            PTC.FactoryConsole.DataTable
                            ]]>
                            </TilesDataTable>
                            <ShiftAndCrewTilesDataTable>
                            <![CDATA[
                            PTC.SCA.SCO.ShiftAndCrewHubDataTable
                            ]]>
                            </ShiftAndCrewTilesDataTable>
                            <TitleMashup>
                            <![CDATA[
                            PTC.Factory.MasterMashupTitle
                            ]]>
                            </TitleMashup>
                            <UsersConfigurationMashup>
                            <![CDATA[
                            PTC.SCA.SCO.ConfigurationAndSetup.UserManagerMashup
                            ]]>
                            </UsersConfigurationMashup>
                            <PlantStatusFooterMashup>
                            <![CDATA[
                            PTC.SCA.SCO.DefaultProductionKPIsFooterMashup
                            ]]>
                            </PlantStatusFooterMashup>
                            <ImportExportMashup>
                            <![CDATA[
                            PTC.SCA.SCO.ConfigurationAndSetup.PopupMashup
                            ]]>
                            </ImportExportMashup>
                        </Row>
                    </Rows>
                </ConfigurationTable>
                <ConfigurationTable
                 description="Equipment type settings configuration table."
                 isMultiRow="true"
                 name="EquipmentTypeSettings"
                 ordinal="2">
                    <DataShape>
                        <FieldDefinitions>
                            <FieldDefinition
                             aspect.defaultValue="PTC.SCA.SCO.EquipmentConfigurationMenu"
                             baseType="MENUNAME"
                             description="Configuration menu shown in Configuration and Setup for the equipment type"
                             name="ConfigurationMenu"
                             ordinal="6"></FieldDefinition>
                            <FieldDefinition
                             aspect.defaultValue="true"
                             baseType="BOOLEAN"
                             description="Whether the alerts for the equipment type is enabled"
                             name="EnableTemplateAlerts"
                             ordinal="8"></FieldDefinition>
                            <FieldDefinition
                             aspect.defaultValue="true"
                             baseType="BOOLEAN"
                             description="Whether the creation of the equipment type is enabled"
                             name="EnableCreation"
                             ordinal="7"></FieldDefinition>
                            <FieldDefinition
                             aspect.isPrimaryKey="true"
                             baseType="STRING"
                             description="Equipment type"
                             name="EquipmentType"
                             ordinal="1"></FieldDefinition>
                            <FieldDefinition
                             baseType="STRING"
                             description="Localization token name for the equipment type"
                             name="LocalizationToken"
                             ordinal="5"></FieldDefinition>
                            <FieldDefinition
                             aspect.defaultValue="PTC.SCA.SCO.EquipmentResourceProvider"
                             baseType="THINGNAME"
                             description="Resource provider Thing for the equipment type"
                             name="ResourceProvider"
                             ordinal="4"></FieldDefinition>
                            <FieldDefinition
                             aspect.defaultValue="PTC.ISA95.EquipmentThingTemplate"
                             baseType="THINGTEMPLATENAME"
                             description="ThingTemplate for the equipment type"
                             name="ThingTemplate"
                             ordinal="3"></FieldDefinition>
                            <FieldDefinition
                             baseType="STRING"
                             description="The EquipmentType from which this EquipmentType derives from"
                             name="DerivesFrom"
                             ordinal="2"></FieldDefinition>
                        </FieldDefinitions>
                    </DataShape>
                    <Rows>
                        <Row>
                            <ConfigurationMenu>
                            <![CDATA[
                            PTC.SCA.SCO.PhysicalAssetMenu
                            ]]>
                            </ConfigurationMenu>
                            <EnableTemplateAlerts>true</EnableTemplateAlerts>
                            <EnableCreation>true</EnableCreation>
                            <EquipmentType>
                            <![CDATA[
                            Asset
                            ]]>
                            </EquipmentType>
                            <LocalizationToken>
                            <![CDATA[
                            PTC.ISA95.PhysicalAssetThingTemplate.displayName
                            ]]>
                            </LocalizationToken>
                            <ResourceProvider>
                            <![CDATA[
                            PTC.SCA.SCO.AssetResourceProvider
                            ]]>
                            </ResourceProvider>
                            <ThingTemplate>
                            <![CDATA[
                            PTC.ISA95.PhysicalAssetThingTemplate
                            ]]>
                            </ThingTemplate>
                            <DerivesFrom></DerivesFrom>
                        </Row>
                        <Row>
                            <ConfigurationMenu>
                            <![CDATA[
                            PTC.SCA.SCO.ManageLineMenu
                            ]]>
                            </ConfigurationMenu>
                            <EnableTemplateAlerts>true</EnableTemplateAlerts>
                            <EnableCreation>true</EnableCreation>
                            <EquipmentType>
                            <![CDATA[
                            Line
                            ]]>
                            </EquipmentType>
                            <LocalizationToken>
                            <![CDATA[
                            PTC.ISA95.ProductionLineThingTemplate.displayName
                            ]]>
                            </LocalizationToken>
                            <ResourceProvider>
                            <![CDATA[
                            PTC.Factory.ProductionLineResourceProvider
                            ]]>
                            </ResourceProvider>
                            <ThingTemplate>
                            <![CDATA[
                            PTC.ISA95.ProductionLineThingTemplate
                            ]]>
                            </ThingTemplate>
                            <DerivesFrom></DerivesFrom>
                        </Row>
                        <Row>
                            <ConfigurationMenu>
                            <![CDATA[
                            PTC.SCA.SCO.ManageSiteMenu
                            ]]>
                            </ConfigurationMenu>
                            <EnableTemplateAlerts>true</EnableTemplateAlerts>
                            <EnableCreation>true</EnableCreation>
                            <EquipmentType>
                            <![CDATA[
                            Site
                            ]]>
                            </EquipmentType>
                            <LocalizationToken>
                            <![CDATA[
                            PTC.ISA95.SiteThingTemplate.displayName
                            ]]>
                            </LocalizationToken>
                            <ResourceProvider>
                            <![CDATA[
                            PTC.Factory.SiteResourceProvider
                            ]]>
                            </ResourceProvider>
                            <ThingTemplate>
                            <![CDATA[
                            PTC.ISA95.SiteThingTemplate
                            ]]>
                            </ThingTemplate>
                            <DerivesFrom></DerivesFrom>
                        </Row>
                    </Rows>
                </ConfigurationTable>
                <ConfigurationTable
                 description="Remote connection settings configuration table, including the mapping between the connection type and resource provider name."
                 isMultiRow="true"
                 name="RemoteConnectionSettings"
                 ordinal="6">
                    <DataShape>
                        <FieldDefinitions>
                            <FieldDefinition
                             aspect.isPrimaryKey="true"
                             baseType="STRING"
                             description="Type of connection"
                             name="ConnectionType"
                             ordinal="1"></FieldDefinition>
                            <FieldDefinition
                             baseType="THINGNAME"
                             description="Resource provider thing associated with a given connection type"
                             name="ResourceProviderName"
                             ordinal="2"></FieldDefinition>
                            <FieldDefinition
                             baseType="THINGTEMPLATENAME"
                             description="Remote connection ThingTemplate name"
                             name="RemoteConnectionThingTemplateName"
                             ordinal="3"></FieldDefinition>
                            <FieldDefinition
                             aspect.defaultValue="PTC.SCA.SCO.ControlsAdvisor.GenericFooterMashup"
                             baseType="MASHUPNAME"
                             description="Footer mashup name for this connection type"
                             name="FooterMashupName"
                             ordinal="4"></FieldDefinition>
                            <FieldDefinition
                             aspect.defaultValue="PTC.SCA.SCO.ControlsAdvisor.GenericDetailPageMashup"
                             baseType="MASHUPNAME"
                             description="Server detail Mashup name for this connection type"
                             name="ServerDetailMashupName"
                             ordinal="5"></FieldDefinition>
                            <FieldDefinition
                             aspect.defaultValue="PTC.SCA.SCO.ControlsAdvisor.GenericInstructionMashup"
                             baseType="MASHUPNAME"
                             description="Connection information mashup name for this connection type"
                             name="ConnectionInfoMashupName"
                             ordinal="6"></FieldDefinition>
                            <FieldDefinition
                             aspect.defaultValue="true"
                             baseType="BOOLEAN"
                             description="Whether it is enabled or not in the Tag Picker"
                             name="EnabledInTagPicker"
                             ordinal="7"></FieldDefinition>
                            <FieldDefinition
                             aspect.defaultValue="true"
                             baseType="BOOLEAN"
                             description="Whether it is enabled or not in the Controls Advisor"
                             name="EnabledInControlsAdvisor"
                             ordinal="8"></FieldDefinition>
                        </FieldDefinitions>
                    </DataShape>
                    <Rows>
                        <Row>
                            <ConnectionType>
                            <![CDATA[
                            KEPServerEX
                            ]]>
                            </ConnectionType>
                            <ResourceProviderName>
                            <![CDATA[
                            PTC.Factory.KepServerResourceProvider
                            ]]>
                            </ResourceProviderName>
                            <RemoteConnectionThingTemplateName>
                            <![CDATA[
                            PTC.Factory.KepServerThingTemplate
                            ]]>
                            </RemoteConnectionThingTemplateName>
                            <FooterMashupName>
                            <![CDATA[
                            PTC.SCA.Mfg.ControlsAdvisor.KEPServerFooterMashup
                            ]]>
                            </FooterMashupName>
                            <ServerDetailMashupName>
                            <![CDATA[
                            PTC.Factory.KEPServerEX.DetailPage
                            ]]>
                            </ServerDetailMashupName>
                            <ConnectionInfoMashupName>
                            <![CDATA[
                            PTC.SCA.SCO.ControlsAdvisor.KEPServerEXInstructionMashup
                            ]]>
                            </ConnectionInfoMashupName>
                            <EnabledInTagPicker>true</EnabledInTagPicker>
                            <EnabledInControlsAdvisor>true</EnabledInControlsAdvisor>
                        </Row>
                        <Row>
                            <ConnectionType>
                            <![CDATA[
                            NI TestStand
                            ]]>
                            </ConnectionType>
                            <ResourceProviderName>
                            <![CDATA[
                            PTC.SCA.SCO.NITestStandResourceProvider
                            ]]>
                            </ResourceProviderName>
                            <RemoteConnectionThingTemplateName>
                            <![CDATA[
                            PTC.SCA.SCO.NITestStandThingTemplate
                            ]]>
                            </RemoteConnectionThingTemplateName>
                            <FooterMashupName>
                            <![CDATA[
                            PTC.SCA.Mfg.ControlsAdvisor.NITestStandConnectionFooterMashup
                            ]]>
                            </FooterMashupName>
                            <ServerDetailMashupName>
                            <![CDATA[
                            PTC.SCA.SCO.ControlsAdvisor.NITestStandDetailPageMashup
                            ]]>
                            </ServerDetailMashupName>
                            <ConnectionInfoMashupName>
                            <![CDATA[
                            PTC.SCA.SCO.ControlsAdvisor.NITestStandInstructionMashup
                            ]]>
                            </ConnectionInfoMashupName>
                            <EnabledInTagPicker>true</EnabledInTagPicker>
                            <EnabledInControlsAdvisor>true</EnabledInControlsAdvisor>
                        </Row>
                    </Rows>
                </ConfigurationTable>
                <ConfigurationTable
                 description="***DEPRECATED-J***Configuration table for equipment relationships"
                 isHidden="true"
                 isMultiRow="true"
                 name="EquipmentRelationshipSettings"
                 ordinal="4">
                    <DataShape>
                        <FieldDefinitions>
                            <FieldDefinition
                             baseType="STRING"
                             description="Child Relationship"
                             name="Child"
                             ordinal="2"></FieldDefinition>
                            <FieldDefinition
                             aspect.defaultValue="true"
                             baseType="BOOLEAN"
                             description="Enable Option"
                             name="Enabled"
                             ordinal="4"></FieldDefinition>
                            <FieldDefinition
                             baseType="STRING"
                             description="Parent Relationship"
                             name="Parent"
                             ordinal="1"></FieldDefinition>
                            <FieldDefinition
                             baseType="BOOLEAN"
                             description="Many to many cardinality"
                             name="ManyToManyCardinality"
                             ordinal="3"></FieldDefinition>
                        </FieldDefinitions>
                    </DataShape>
                    <Rows>
                        <Row>
                            <Parent>
                            <![CDATA[
                            Site
                            ]]>
                            </Parent>
                            <Child>
                            <![CDATA[
                            Line
                            ]]>
                            </Child>
                            <ManyToManyCardinality>false</ManyToManyCardinality>
                            <Enabled>true</Enabled>
                        </Row>
                        <Row>
                            <Parent>
                            <![CDATA[
                            Site
                            ]]>
                            </Parent>
                            <Child>
                            <![CDATA[
                            Asset
                            ]]>
                            </Child>
                            <ManyToManyCardinality>false</ManyToManyCardinality>
                            <Enabled>true</Enabled>
                        </Row>
                        <Row>
                            <Parent>
                            <![CDATA[
                            Line
                            ]]>
                            </Parent>
                            <Child>
                            <![CDATA[
                            Asset
                            ]]>
                            </Child>
                            <ManyToManyCardinality>false</ManyToManyCardinality>
                            <Enabled>true</Enabled>
                        </Row>
                        <Row>
                            <Parent>
                            <![CDATA[
                            Asset
                            ]]>
                            </Parent>
                            <Child>
                            <![CDATA[
                            Asset
                            ]]>
                            </Child>
                            <ManyToManyCardinality>false</ManyToManyCardinality>
                            <Enabled>true</Enabled>
                        </Row>
                    </Rows>
                </ConfigurationTable>
                <ConfigurationTable
                 description="Configuration table for mapping equipment types to mashups."
                 isMultiRow="true"
                 name="EquipmentUserInterfaceSettings"
                 ordinal="5">
                    <DataShape>
                        <FieldDefinitions>
                            <FieldDefinition
                             aspect.isPrimaryKey="true"
                             baseType="STRING"
                             description="Equipment type internal key"
                             name="EquipmentType"
                             ordinal="1"></FieldDefinition>
                            <FieldDefinition
                             aspect.isPrimaryKey="false"
                             baseType="MASHUPNAME"
                             description="Mashup name of the detail page associated to the equipment type."
                             name="ProductionHistoricalDataMashup"
                             ordinal="3"></FieldDefinition>
                            <FieldDefinition
                             aspect.isPrimaryKey="false"
                             baseType="MASHUPNAME"
                             description="Mashup name of the footer for the associated equipment type."
                             name="PlantStatusFooterMashup"
                             ordinal="2"></FieldDefinition>
                            <FieldDefinition
                             aspect.isPrimaryKey="false"
                             baseType="MASHUPNAME"
                             description="Asset monitor detail mashup. The mashup shown when clicking on an asset from Asset Advisor list page."
                             name="AssetDetailContainerMashup"
                             ordinal="3"></FieldDefinition>
                            <FieldDefinition
                             aspect.isPrimaryKey="false"
                             baseType="MENUNAME"
                             description="Asset monitor detail menu. The menu shown when clicking on an asset from Asset Advisor list page."
                             name="AssetDetailMenu"
                             ordinal="4"></FieldDefinition>
                        </FieldDefinitions>
                    </DataShape>
                    <Rows>
                        <Row>
                            <EquipmentType>
                            <![CDATA[
                            Asset
                            ]]>
                            </EquipmentType>
                            <ProductionHistoricalDataMashup>
                            <![CDATA[
                            PTC.Factory.ProductionHistoricalData
                            ]]>
                            </ProductionHistoricalDataMashup>
                            <PlantStatusFooterMashup>
                            <![CDATA[
                            PTC.SCA.MFG.PlantStatusWidgetsFooter
                            ]]>
                            </PlantStatusFooterMashup>
                            <AssetDetailContainerMashup>
                            <![CDATA[
                            PTC.SCA.SCO.AssetMonitor.AssetDetailContainerMashup
                            ]]>
                            </AssetDetailContainerMashup>
                            <AssetDetailMenu>
                            <![CDATA[
                            PTC.SCA.SCO.AssetMonitor.AssetDetail.ActionMenu
                            ]]>
                            </AssetDetailMenu>
                        </Row>
                        <Row>
                            <EquipmentType>
                            <![CDATA[
                            Line
                            ]]>
                            </EquipmentType>
                            <ProductionHistoricalDataMashup>
                            <![CDATA[
                            PTC.Factory.ProductionHistoricalData
                            ]]>
                            </ProductionHistoricalDataMashup>
                            <PlantStatusFooterMashup>
                            <![CDATA[
                            PTC.SCA.MFG.PlantStatusWidgetsFooter
                            ]]>
                            </PlantStatusFooterMashup>
                            <AssetDetailContainerMashup></AssetDetailContainerMashup>
                            <AssetDetailMenu></AssetDetailMenu>
                        </Row>
                    </Rows>
                </ConfigurationTable>
                <ConfigurationTable
                 description="Configuration table for customizable settings of Alerts."
                 isMultiRow="false"
                 name="AlertCustomizableSettings"
                 ordinal="8">
                    <DataShape>
                        <FieldDefinitions>
                            <FieldDefinition
                             aspect.defaultValue="10000"
                             baseType="INTEGER"
                             description="Default limit setting for Alert tagCountAboveLimt"
                             name="defaultTagCountAboveLimit"
                             ordinal="1"></FieldDefinition>
                        </FieldDefinitions>
                    </DataShape>
                    <Rows>
                        <Row>
                            <defaultTagCountAboveLimit>10000</defaultTagCountAboveLimit>
                        </Row>
                    </Rows>
                </ConfigurationTable>
                <ConfigurationTable
                 description="Equipment structure configuration settings."
                 isMultiRow="false"
                 name="EquipmentStructureConfigurationSettings"
                 ordinal="7">
                    <DataShape>
                        <FieldDefinitions>
                            <FieldDefinition
                             aspect.defaultValue="false"
                             baseType="BOOLEAN"
                             description="Display assets in the structure tree for filtering."
                             name="DisplayAssetsInStructureTree"
                             ordinal="1"></FieldDefinition>
                        </FieldDefinitions>
                    </DataShape>
                    <Rows>
                        <Row>
                            <defaultTagCountAboveLimit>10000</defaultTagCountAboveLimit>
                        </Row>
                    </Rows>
                </ConfigurationTable>
                <ConfigurationTable
                 description=""
                 isMultiRow="false"
                 name="DatabaseConfigurationSettings"
                 ordinal="9">
                    <DataShape>
                        <FieldDefinitions>
                            <FieldDefinition
                             aspect.isPrimaryKey="true"
                             aspect.thingShape="PTC.SCA.SCO.DatabaseThingShape"
                             aspect.thingTemplate="PTC.SCA.SCO.DatabaseThingTemplate"
                             baseType="THINGNAME"
                             description=""
                             name="DBConnection"
                             ordinal="1"></FieldDefinition>
                        </FieldDefinitions>
                    </DataShape>
                    <Rows>
                        <Row>
                            <DBConnection>
                            <![CDATA[
                            PTC.SCA.SCO.PostgresDatabase
                            ]]>
                            </DBConnection>
                        </Row>
                    </Rows>
                </ConfigurationTable>
                <ConfigurationTable
                 description=""
                 isMultiRow="true"
                 name="ManagerConfigurationSettings"
                 ordinal="0">
                    <DataShape>
                        <FieldDefinitions>
                            <FieldDefinition
                             aspect.isPrimaryKey="true"
                             baseType="STRING"
                             description=""
                             name="Name"
                             ordinal="1"></FieldDefinition>
                            <FieldDefinition
                             aspect.isPrimaryKey="false"
                             aspect.thingShape="PTC.SCA.SCO.DBManagementThingShape"
                             baseType="THINGNAME"
                             description=""
                             name="Value"
                             ordinal="2"></FieldDefinition>
                        </FieldDefinitions>
                    </DataShape>
                    <Rows>
                        <Row>
                            <Name>
                            <![CDATA[
                            StatusManager
                            ]]>
                            </Name>
                            <Value>
                            <![CDATA[
                            PTC.SCA.SCO.DefaultStatusManager
                            ]]>
                            </Value>
                        </Row>
                        <Row>
                            <Name>
                            <![CDATA[
                            KPIManager
                            ]]>
                            </Name>
                            <Value>
                            <![CDATA[
                            PTC.SCA.SCO.DefaultKPIManager
                            ]]>
                            </Value>
                        </Row>
                        <Row>
                            <Name>
                            <![CDATA[
                            ProductionOrderManager
                            ]]>
                            </Name>
                            <Value>
                            <![CDATA[
                            PTC.SCA.SCO.DefaultProductionOrderManager
                            ]]>
                            </Value>
                        </Row>
                        <Row>
                            <Name>
                            <![CDATA[
                            ShiftManager
                            ]]>
                            </Name>
                            <Value>
                            <![CDATA[
                            PTC.SCA.SCO.DefaultShiftManager
                            ]]>
                            </Value>
                        </Row>
                        <Row>
                            <Name>
                            <![CDATA[
                            WorkforceManager
                            ]]>
                            </Name>
                            <Value>
                            <![CDATA[
                            PTC.SCA.SCO.DefaultWorkforceManager
                            ]]>
                            </Value>
                        </Row>
                    </Rows>
                </ConfigurationTable>
            </ConfigurationTables>
            <ThingShape>
                <PropertyDefinitions></PropertyDefinitions>
                <ServiceDefinitions></ServiceDefinitions>
                <EventDefinitions></EventDefinitions>
                <ServiceMappings></ServiceMappings>
                <ServiceImplementations></ServiceImplementations>
                <Subscriptions></Subscriptions>
            </ThingShape>
            <PropertyBindings></PropertyBindings>
            <RemotePropertyBindings></RemotePropertyBindings>
            <RemoteServiceBindings></RemoteServiceBindings>
            <RemoteEventBindings></RemoteEventBindings>
            <AlertConfigurations></AlertConfigurations>
            <ImplementedShapes></ImplementedShapes>
            <ThingProperties>
                <Enabled>
                    <Value>true</Value>
                    <Timestamp>2017-05-23T18:21:19.707-04:00</Timestamp>
                    <Quality>GOOD</Quality>
                </Enabled>
            </ThingProperties>
        </Thing>
    </Things>
</Entities>
