<?xml version="1.0" encoding="UTF-8" standalone="no"?>
<Entities build="latest" majorVersion="7" minorVersion="2" modelPersistenceProviderPackage="NeoPersistenceProviderPackage" revision="0" schemaVersion="940">
    <StyleDefinitions>
        <StyleDefinition aspect.isExtension="true" aspect.isThemeObject="true" description="Default cell border style" documentationContent="" homeMashup="" lastModifiedDate="2017-04-17T11:08:48.540-04:00" name="DefaultGridAdvancedCellBorderStyle" projectName="" tags="">
            <Owner name="SuperUser" type="User"/>
            <avatar/>
            <DesignTimePermissions>
                <Create/>
                <Read/>
                <Update/>
                <Delete/>
                <Metadata/>
            </DesignTimePermissions>
            <RunTimePermissions/>
            <VisibilityPermissions>
                <Visibility/>
            </VisibilityPermissions>
            <ConfigurationTables/>
            <content><![CDATA[{"image":"","backgroundColor":"#e6e6e6","textSize":"normal","lineStyle":"none","fontEmphasisUnderline":false,"displayString":"","fontEmphasisItalic":false,"lineThickness":0,"lineColor":"","foregroundColor":"","fontEmphasisBold":false,"secondaryBackgroundColor":"#ffffff"}]]></content>
            <ConfigurationChanges>
                <ConfigurationChange changeAction="CREATE" changeReason="Importing Extension Package Metadata" timestamp="2017-04-17T11:08:48.540-04:00" user="SuperUser"/>
            </ConfigurationChanges>
        </StyleDefinition>
    </StyleDefinitions>
</Entities>
