<?xml version="1.0" encoding="UTF-8"?>
<Entities
 build="0"
 majorVersion="5"
 minorVersion="4"
 revision="1"
 schemaVersion="796">
    <StateDefinitions>
        <StateDefinition
         aspect.isEditableExtensionObject="false"
         description="Used to highlight an object in a Grid if the object has been newly created"
         documentationContent=""
         homeMashup=""
         lastModifiedDate="2016-06-22T13:32:35.074Z"
         name="PTC.SCA.SCO.Core.IsNew"
         projectName="PTC.SCA.SCO.Common"
         tags="PTC:sca-sco-common;PTC:sca-common;PTC:StateDefinition">
            <avatar></avatar>
            <DesignTimePermissions>
                <Create></Create>
                <Read></Read>
                <Update></Update>
                <Delete></Delete>
                <Metadata></Metadata>
            </DesignTimePermissions>
            <RunTimePermissions></RunTimePermissions>
            <VisibilityPermissions>
                <Visibility>
                    <Principal
                     isPermitted="true"
                     name="PTC.Factory.MachineVisibility"
                     type="Organization"></Principal>
                </Visibility>
            </VisibilityPermissions>
            <ConfigurationTables></ConfigurationTables>
            <content>
            <![CDATA[
            {"stateType":"string","stateDefinitions":[{"displayString":"","description":"","name":"","defaultStyleDefinition":{"displayString":"","fontEmphasisUnderline":false,"textSize":"normal","fontEmphasisItalic":false,"lineColor":"","backgroundColor":"","lineStyle":"solid","lineThickness":1,"image":"","secondaryBackgroundColor":"","fontEmphasisBold":true,"foregroundColor":""},"defaultValue":"true"},{"displayString":"","description":"","name":"","defaultStyleDefinition":{"displayString":"","fontEmphasisUnderline":false,"textSize":"normal","fontEmphasisItalic":false,"lineColor":"","backgroundColor":"","lineStyle":"solid","lineThickness":1,"image":"","secondaryBackgroundColor":"","fontEmphasisBold":false,"foregroundColor":""},"defaultValue":"false"},{"displayString":"","description":"","name":"","defaultStyleDefinition":{"displayString":"","fontEmphasisUnderline":false,"textSize":"normal","fontEmphasisItalic":false,"lineColor":"","backgroundColor":"","lineStyle":"solid","lineThickness":1,"image":"","secondaryBackgroundColor":"","fontEmphasisBold":false,"foregroundColor":""}}]}
            ]]>
            </content>
        </StateDefinition>
    </StateDefinitions>
</Entities>
