<?xml version="1.0" encoding="UTF-8"?>
<Entities
 build="b50"
 majorVersion="7"
 minorVersion="3"
 modelPersistenceProviderPackage="NeoPersistenceProviderPackage"
 revision="0"
 schemaVersion="931">
    <StateDefinitions>
        <StateDefinition
         aspect.isEditableExtensionObject="false"
         aspect.isExtension="true"
         description="State for displaying trends in percentage versus hours {PTC.Factory.TrendDisplay}"
         documentationContent=""
         homeMashup=""
         lastModifiedDate="2017-02-21T10:18:34.188-05:00"
         name="PTC.Factory.TrendDisplay"
         projectName="PTC.SCA.SCO.Common"
         tags="PTC:sca-sco-common;PTC:sca-common;PTC:StateDefinition">
            <avatar></avatar>
            <DesignTimePermissions>
                <Create></Create>
                <Read></Read>
                <Update></Update>
                <Delete></Delete>
                <Metadata></Metadata>
            </DesignTimePermissions>
            <RunTimePermissions></RunTimePermissions>
            <VisibilityPermissions>
                <Visibility>
                    <Principal
                     isPermitted="true"
                     name="PTC.Factory.MachineVisibility"
                     type="Organization"></Principal>
                </Visibility>
            </VisibilityPermissions>
            <ConfigurationTables></ConfigurationTables>
            <content>
            <![CDATA[
            {"stateDefinitions":[{"displayString":"%","defaultStyleDefinition":"","defaultValue":"p","name":"%","description":""},{"displayString":"Hours","defaultStyleDefinition":"","defaultValue":"h","name":"Hours","description":""},{"displayString":"","defaultStyleDefinition":"","name":"","description":""}],"stateType":"string"}
            ]]>
            </content>
        </StateDefinition>
    </StateDefinitions>
</Entities>
