<?xml version="1.0" encoding="UTF-8"?>
<Entities
 build="b3226"
 majorVersion="0"
 minorVersion="0"
 modelPersistenceProviderPackage="PostgresPersistenceProviderPackage"
 revision="0"
 schemaVersion="1000">
    <StateDefinitions>
        <StateDefinition
         aspect.isEditableExtensionObject="false"
         aspect.isExtension="true"
         description="Colour-coded states indicating asset status {PTC.Factory.StatusColorStateDefinition}"
         documentationContent=""
         homeMashup=""
         lastModifiedDate="2017-05-25T13:05:42.765-04:00"
         name="PTC.Factory.StatusColorStateDefinition"
         projectName="PTC.SCA.SCO.Common"
         tags="PTC:sca-sco-common;PTC:sca-common;PTC:StateDefinition;PTC:Asset">
            <avatar></avatar>
            <DesignTimePermissions>
                <Create></Create>
                <Read></Read>
                <Update></Update>
                <Delete></Delete>
                <Metadata></Metadata>
            </DesignTimePermissions>
            <RunTimePermissions></RunTimePermissions>
            <VisibilityPermissions>
                <Visibility></Visibility>
            </VisibilityPermissions>
            <ConfigurationTables></ConfigurationTables>
            <content>
            <![CDATA[
            {"stateDefinitions":[{"displayString":"","defaultStyleDefinition":"PTC.Factory.Status.Running","defaultValue":"Running","name":"","description":""},{"displayString":"","defaultStyleDefinition":"PTC.Factory.Status.Warning","defaultValue":"Warning","name":"","description":""},{"displayString":"","defaultStyleDefinition":"PTC.Factory.Status.PlannedDowntime","defaultValue":"PlannedDowntime","name":"","description":""},{"displayString":"","defaultStyleDefinition":"PTC.Factory.Status.UnplannedDowntime","defaultValue":"UnplannedDowntime","name":"","description":""},{"displayString":"","defaultStyleDefinition":"PTC.Factory.Status.NotConfigured","defaultValue":"NotConfigured","name":"","description":""},{"displayString":"","defaultStyleDefinition":"PTC.Factory.Status.Unavailable","defaultValue":"Unavailable","name":"","description":""},{"displayString":"","defaultStyleDefinition":"PTC.Factory.Status.Unavailable","name":"","description":""}],"stateType":"string"}
            ]]>
            </content>
        </StateDefinition>
    </StateDefinitions>
</Entities>
