<?xml version="1.0" encoding="UTF-8"?>
<Entities
 build="b39"
 majorVersion="8"
 minorVersion="0"
 modelPersistenceProviderPackage="NeoPersistenceProviderPackage"
 revision="1"
 schemaVersion="1000">
    <StateDefinitions>
        <StateDefinition
         aspect.isEditableExtensionObject="false"
         aspect.isExtension="true"
         description="State used when creating different server types {PTC.SCA.SCO.Common.CreateConnectionStateDefinition}"
         documentationContent=""
         homeMashup=""
         lastModifiedDate="2017-08-29T09:37:10.420-04:00"
         name="PTC.SCA.SCO.Common.CreateConnectionStateDefinition"
         projectName="PTC.SCA.SCO.Common"
         tags="PTC:sca-sco-common;PTC:sca-common;PTC:StateDefinition;PTC:KepServer">
            <avatar></avatar>
            <DesignTimePermissions>
                <Create></Create>
                <Read></Read>
                <Update></Update>
                <Delete></Delete>
                <Metadata></Metadata>
            </DesignTimePermissions>
            <RunTimePermissions></RunTimePermissions>
            <VisibilityPermissions>
                <Visibility>
                    <Principal
                     isPermitted="true"
                     name="PTC.Factory.MachineVisibility"
                     type="Organization"></Principal>
                </Visibility>
            </VisibilityPermissions>
            <ConfigurationTables></ConfigurationTables>
            <content>
            <![CDATA[
            {"stateDefinitions":[{"displayString":"KEPServerEX","defaultStyleDefinition":"","defaultValue":"RemoteServers","name":"KEPServerEX","description":""},{"displayString":"Legacy and Non-Kepware OPC server","defaultStyleDefinition":"","defaultValue":"AgregateServers","name":"Legacy and Non-Kepware OPC server","description":""},{"displayString":"RemoteServers","defaultStyleDefinition":"","name":"RemoteServers","description":""}],"stateType":"string"}
            ]]>
            </content>
        </StateDefinition>
    </StateDefinitions>
</Entities>
