<?xml version="1.0" encoding="UTF-8" standalone="no"?>
<Entities>
    <ExtensionPackages>
        <ExtensionPackage dependsOn="" description="" minimumThingWorxVersion="8.3.0" name="SplineAreaWidgetExt" packageVersion="1.9.0" vendor="Pfizer"> 
        </ExtensionPackage>
    </ExtensionPackages>
    <Widgets>
        <Widget name="splineareacolorextwidget">
            <UIResources>
                <FileResource description="" file="splineareacolorextwidget.ide.js" isDevelopment="true" isRuntime="false" type="JS"/>
                <FileResource description="" file="splineareacolorextwidget.ide.css" isDevelopment="true" isRuntime="false" type="CSS"/>
                <FileResource description="" file="splineareacolorextwidget.runtime.js" isDevelopment="false" isRuntime="true" type="JS"/>
                <FileResource description="" file="ChartForExtension.min.js" isDevelopment="false" isRuntime="true" type="JS"/>
                <!-- <FileResource description="" file="Chart.min.js.runtime.js" isDevelopment="false" isRuntime="true" type="JS"/> -->
                <FileResource description="" file="splineareacolorextwidget.runtime.css" isDevelopment="false" isRuntime="true" type="CSS"/>
            </UIResources>
        </Widget>
    </Widgets>
</Entities>
