<?xml version="1.0" encoding="UTF-8"?>
<Entities
 build="b52"
 majorVersion="8"
 minorVersion="1"
 revision="0"
 schemaVersion="1010">
    <Groups>
        <Group
         description="***DEPRECATED-J*** Should no longer be used and could be removed in a later release. &#xA;Users with permissions to create, edit, and rename customers and assign assets to customers."
         documentationContent=""
         homeMashup=""
         lastModifiedDate="2017-11-02T19:11:31.675Z"
         name="PTC.SCA.SCO.ProductRelationshipAdministrators"
         projectName="PTC.SCA.SCO.Common"
         scimDisplayName=""
         scimExternalId=""
         scimId=""
         tags="PTC:sca-sco-common;PTC:factory-mv">
            <avatar></avatar>
            <DesignTimePermissions>
                <Create></Create>
                <Read></Read>
                <Update></Update>
                <Delete></Delete>
                <Metadata></Metadata>
            </DesignTimePermissions>
            <RunTimePermissions></RunTimePermissions>
            <VisibilityPermissions>
                <Visibility></Visibility>
            </VisibilityPermissions>
            <ConfigurationTables></ConfigurationTables>
            <Members>
                <Members></Members>
            </Members>
        </Group>
    </Groups>
</Entities>
