<?xml version="1.0" encoding="UTF-8"?>
<Entities>
	<ExtensionPackages>
		<ExtensionPackage name="BackButtonWidget-extension"
			description="Button that brings you to the previous page"
			vendor="ThingWorx UIUX + PTC"
			packageVersion="8.5.1"
			buildNumber="01"
			minimumThingWorxVersion="8.1.0" />
	</ExtensionPackages>
	<Widgets>
		<Widget name="backButton">
			<UIResources>
				<!-- Studio ONLY -->
				<FileResource type="CSS" file="backButton.ide.css"
					description="" isDevelopment="true" isRuntime="false" />
				<FileResource type="JS" file="backButton.ide.js"
					description="" isDevelopment="true" isRuntime="false" />
				<!-- Runtime/Squeal ONLY -->
				<FileResource type="CSS" file="backButton.runtime.css"
					description="" isDevelopment="false" isRuntime="true" />
				<FileResource type="JS" file="backButton.runtime.js"
					description="" isDevelopment="false" isRuntime="true" />
			</UIResources>
		</Widget>
	</Widgets>
</Entities>
