<?xml version="1.0"?>
<Entities>
    <ExtensionPackages>
        <ExtensionPackage name="Rangeslider_ExtensionPackage" description="Range Slider Widget" vendor="ThingWorx, a PTC Business" packageVersion="1.1.3" minimumThingWorxVersion="6.5.0" buildNumber="40"/>
    </ExtensionPackages>
    <Widgets>
        <Widget name="rangeslider">
            <UIResources>
                <FileResource type="CSS" file="rangeslider.ide.css" isDevelopment="true" isRuntime="false"/>
                <FileResource type="JS" file="rangeslider.ide.js" isDevelopment="true" isRuntime="false"/>
                <FileResource type="CSS" file="jquery-ui.css" isDevelopment="false" isRuntime="true"/>
                <FileResource type="CSS" file="rangeslider.runtime.css" isDevelopment="false" isRuntime="true"/>
                <FileResource type="JS" file="rangeslider.runtime.js" isDevelopment="false" isRuntime="true"/>
            </UIResources>
        </Widget>
    </Widgets>
</Entities>
