<?xml version="1.0" encoding="utf-8"?>
<Entities>
    <Subsystems>
        <Subsystem aspect.isCreatable="false" aspect.isEditableExtensionObject="true" enabled="true" autoStart="true" className="com.thingworx.extensions.remoteaccess.RemoteAccessSubsystem"
                   friendlyName="Remote Access Subsystem"
                   description="Provides services to support Remote Access functionality" name="RemoteAccessSubsystem" tags="Applications:RemoteAccess">
            <DesignTimePermissions>
                <Create/>
                <Read/>
                <Update/>
                <Delete/>
                <Metadata/>
            </DesignTimePermissions>
            <RunTimePermissions/>
        </Subsystem>
    </Subsystems>
</Entities>