<?xml version="1.0" encoding="UTF-8"?>
<Entities
 build="b36"
 majorVersion="8"
 minorVersion="2"
 modelPersistenceProviderPackage="PostgresPersistenceProviderPackage"
 revision="3"
 schemaVersion="1020"
 universal="">
    <Things>
        <Thing
         aspect.isEditableExtensionObject="true"
         aspect.isExtension="true"
         description="Thing with services that support the UI {PTC.SCA.SCO.ProductionOrderUtils}"
         documentationContent=""
         effectiveThingPackage="PTC.SCA.SCO.ProductionOrderUtilsPackage"
         enabled="true"
         homeMashup=""
         identifier=""
         lastModifiedDate="2018-04-18T17:20:47.301-04:00"
         name="PTC.SCA.SCO.ProductionOrderUtils"
         projectName=""
         published="false"
         tags="PTC:OA"
         thingTemplate="PTC.SCA.SCO.JobOrderUtilsThingTemplate"
         valueStream="">
            <avatar></avatar>
            <DesignTimePermissions>
                <Create></Create>
                <Read></Read>
                <Update></Update>
                <Delete></Delete>
                <Metadata></Metadata>
            </DesignTimePermissions>
            <RunTimePermissions></RunTimePermissions>
            <VisibilityPermissions></VisibilityPermissions>
            <ConfigurationTables>
                <ConfigurationTable
                 description="***DEPRECATED-J*** Use Configuration table for Utils Manager Setting"
                 isMultiRow="true"
                 name="GeneralSettings"
                 ordinal="1">
                    <DataShape>
                        <FieldDefinitions>
                            <FieldDefinition
                             aspect.isPrimaryKey="true"
                             baseType="STRING"
                             description="Utils Name"
                             name="Name"
                             ordinal="1"></FieldDefinition>
                            <FieldDefinition
                             baseType="THINGNAME"
                             description="Utils Value"
                             name="Value"
                             ordinal="2"></FieldDefinition>
                        </FieldDefinitions>
                    </DataShape>
                    <Rows>
                        <Row>
                            <Name>
                            <![CDATA[
                            ProductionOrderManager
                            ]]>
                            </Name>
                            <Value>
                            <![CDATA[
                            PTC.SCA.SCO.DefaultProductionOrderManager
                            ]]>
                            </Value>
                        </Row>
                    </Rows>
                </ConfigurationTable>
            </ConfigurationTables>
            <ThingShape>
                <PropertyDefinitions></PropertyDefinitions>
                <ServiceDefinitions></ServiceDefinitions>
                <EventDefinitions></EventDefinitions>
                <ServiceMappings></ServiceMappings>
                <ServiceImplementations></ServiceImplementations>
                <Subscriptions></Subscriptions>
            </ThingShape>
            <PropertyBindings></PropertyBindings>
            <RemotePropertyBindings></RemotePropertyBindings>
            <RemoteServiceBindings></RemoteServiceBindings>
            <RemoteEventBindings></RemoteEventBindings>
            <AlertConfigurations></AlertConfigurations>
            <ImplementedShapes></ImplementedShapes>
            <ThingProperties></ThingProperties>
        </Thing>
    </Things>
</Entities>
