<?xml version="1.0" encoding="UTF-8"?>
<Entities
 build="b261"
 majorVersion="8"
 minorVersion="3"
 modelPersistenceProviderPackage="PostgresPersistenceProviderPackage"
 revision="0"
 schemaVersion="1030"
 universal="">
    <Things>
        <Thing
         aspect.isEditableExtensionObject="true"
         aspect.isExtension="true"
         description="Thing that consists of services that map processing resource information to OA object model {PTC.SCA.SCO.MPMLinkWorkDefinitionConverter}"
         documentationContent=""
         effectiveThingPackage="PTC.SCA.SCO.WorkDefinitionConverterConfigurationPackage"
         enabled="true"
         homeMashup=""
         identifier=""
         lastModifiedDate="2018-05-11T09:53:01.986-04:00"
         name="PTC.SCA.SCO.MPMLinkWorkDefinitionConverter"
         projectName=""
         published="false"
         tags="PTC:OA"
         thingTemplate="PTC.SCA.SCO.WorkDefinitionConverterThingTemplate"
         valueStream="">
            <avatar></avatar>
            <DesignTimePermissions>
                <Create></Create>
                <Read></Read>
                <Update></Update>
                <Delete></Delete>
                <Metadata></Metadata>
            </DesignTimePermissions>
            <RunTimePermissions></RunTimePermissions>
            <VisibilityPermissions>
                <Visibility></Visibility>
            </VisibilityPermissions>
            <ConfigurationTables>
                <ConfigurationTable
                 description="Database configuration settings"
                 isMultiRow="false"
                 name="ConverterConfiguration"
                 ordinal="1">
                    <DataShape>
                        <FieldDefinitions>
                            <FieldDefinition
                             aspect.defaultValue="PTC.SCA.SCO.MPMLink_ODataConnector"
                             baseType="THINGNAME"
                             description="OData Connector"
                             name="Connector"
                             ordinal="1"></FieldDefinition>
                            <FieldDefinition
                             aspect.defaultValue="PTC.SCA.SCO.DefaultOperatorAdvisorFileRepository"
                             baseType="THINGNAME"
                             description="File Repository"
                             name="FileRepository"
                             ordinal="2"></FieldDefinition>
                            <FieldDefinition
                             aspect.defaultValue=""
                             baseType="STRING"
                             description="FileServer Username"
                             name="FileServerUsername"
                             ordinal="3"></FieldDefinition>
                        </FieldDefinitions>
                    </DataShape>
                    <Rows>
                        <Row>
                            <Connector>
                            <![CDATA[
                            PTC.SCA.SCO.MPMLink_ODataConnector
                            ]]>
                            </Connector>
                            <FileRepository>
                            <![CDATA[
                            PTC.SCA.SCO.DefaultOperatorAdvisorFileRepository
                            ]]>
                            </FileRepository>
                        </Row>
                    </Rows>
                </ConfigurationTable>
            </ConfigurationTables>
            <ThingShape>
                <PropertyDefinitions></PropertyDefinitions>
                <ServiceDefinitions></ServiceDefinitions>
                <EventDefinitions></EventDefinitions>
                <ServiceMappings></ServiceMappings>
                <ServiceImplementations></ServiceImplementations>
                <Subscriptions></Subscriptions>
            </ThingShape>
            <PropertyBindings></PropertyBindings>
            <RemotePropertyBindings></RemotePropertyBindings>
            <RemoteServiceBindings></RemoteServiceBindings>
            <RemoteEventBindings></RemoteEventBindings>
            <AlertConfigurations></AlertConfigurations>
            <ImplementedShapes></ImplementedShapes>
            <ThingProperties></ThingProperties>
        </Thing>
    </Things>
</Entities>
