<?xml version="1.0" encoding="UTF-8"?>
<Entities
 build="b6786"
 majorVersion="0"
 minorVersion="0"
 modelPersistenceProviderPackage="PostgresPersistenceProviderPackage"
 revision="0"
 schemaVersion="1050"
 universal="password">
    <Things>
        <Thing
         aspect.isEditableExtensionObject="true"
         aspect.isExtension="true"
         description="***DEPRECATED-J*** Use PTC.SCA.SCO.PostActionHandler"
         documentationContent=""
         effectiveThingPackage="ConfiguredThing"
         enabled="true"
         homeMashup=""
         identifier=""
         lastModifiedDate="2019-05-13T13:40:28.082-04:00"
         name="PTC.SCA.SCO.DefaultPostActionHandler"
         projectName=""
         published="false"
         tags="PTC:OA"
         thingTemplate="PTC.SCA.SCO.PostActionHandlerThingTemplate"
         valueStream="">
            <avatar></avatar>
            <DesignTimePermissions>
                <Create></Create>
                <Read></Read>
                <Update></Update>
                <Delete></Delete>
                <Metadata></Metadata>
            </DesignTimePermissions>
            <RunTimePermissions></RunTimePermissions>
            <VisibilityPermissions>
                <Visibility></Visibility>
            </VisibilityPermissions>
            <ConfigurationTableDefinitions></ConfigurationTableDefinitions>
            <ConfigurationTables>
                <ConfigurationTable
                 description="Action configuration settings"
                 isMultiRow="true"
                 name="ActionConfigurationSettings"
                 ordinal="0">
                    <DataShape>
                        <FieldDefinitions>
                            <FieldDefinition
                             aspect.isPrimaryKey="true"
                             baseType="STRING"
                             description="The action to be executed: Create, Update, or Delete."
                             name="Action"
                             ordinal="2"></FieldDefinition>
                            <FieldDefinition
                             aspect.isPrimaryKey="true"
                             baseType="DATASHAPENAME"
                             description="The data shape name on which the action is performed."
                             name="DataShapeName"
                             ordinal="1"></FieldDefinition>
                            <FieldDefinition
                             aspect.isPrimaryKey="false"
                             baseType="STRING"
                             description="The name of the service to be executed."
                             name="ServiceName"
                             ordinal="4"></FieldDefinition>
                            <FieldDefinition
                             aspect.isPrimaryKey="false"
                             baseType="THINGNAME"
                             description="The thing where the service to be executed resides."
                             name="ThingName"
                             ordinal="3"></FieldDefinition>
                        </FieldDefinitions>
                    </DataShape>
                    <Rows>
                        <Row>
                            <Action>
                            <![CDATA[
                            Create
                            ]]>
                            </Action>
                            <DataShapeName>
                            <![CDATA[
                            PTC.SCA.SCO.WorkDefinition
                            ]]>
                            </DataShapeName>
                            <ServiceName>
                            <![CDATA[
                            WorkDefinitionPostCreate
                            ]]>
                            </ServiceName>
                            <ThingName>
                            <![CDATA[
                            PTC.SCA.SCO.DefaultPostActionHandler
                            ]]>
                            </ThingName>
                        </Row>
                        <Row>
                            <Action>
                            <![CDATA[
                            Update
                            ]]>
                            </Action>
                            <DataShapeName>
                            <![CDATA[
                            PTC.SCA.SCO.WorkDefinition
                            ]]>
                            </DataShapeName>
                            <ServiceName>
                            <![CDATA[
                            WorkDefinitionPostUpdate
                            ]]>
                            </ServiceName>
                            <ThingName>
                            <![CDATA[
                            PTC.SCA.SCO.DefaultPostActionHandler
                            ]]>
                            </ThingName>
                        </Row>
                    </Rows>
                </ConfigurationTable>
            </ConfigurationTables>
            <ThingShape>
                <PropertyDefinitions></PropertyDefinitions>
                <ServiceDefinitions></ServiceDefinitions>
                <EventDefinitions></EventDefinitions>
                <ServiceMappings></ServiceMappings>
                <ServiceImplementations></ServiceImplementations>
                <Subscriptions></Subscriptions>
            </ThingShape>
            <PropertyBindings></PropertyBindings>
            <RemotePropertyBindings></RemotePropertyBindings>
            <RemoteServiceBindings></RemoteServiceBindings>
            <RemoteEventBindings></RemoteEventBindings>
            <AlertConfigurations></AlertConfigurations>
            <ImplementedShapes></ImplementedShapes>
            <ThingProperties></ThingProperties>
        </Thing>
    </Things>
</Entities>
