<?xml version="1.0" encoding="UTF-8"?>
<Entities
 build="b36"
 majorVersion="8"
 minorVersion="2"
 modelPersistenceProviderPackage="PostgresPersistenceProviderPackage"
 revision="3"
 schemaVersion="1020"
 universal="">
    <Things>
        <Thing
         aspect.isEditableExtensionObject="true"
         aspect.isExtension="true"
         description="***DEPRECATED-J*** Use PTC.Factory.C_LaunchPointConfigurationThing_[PackageVersion]"
         documentationContent=""
         effectiveThingPackage="PTC.SCA.SCO.OperatorAdvisorConfigurationPackage"
         enabled="true"
         homeMashup=""
         identifier=""
         lastModifiedDate="2018-04-18T17:24:04.177-04:00"
         name="PTC.SCA.SCO.OperatorAdvisorConfigurationThing"
         projectName=""
         published="false"
         tags="PTC:OA"
         thingTemplate="PTC.SCA.SCO.OperatorAdvisorConfigurationThingTemplate"
         valueStream="">
            <avatar></avatar>
            <DesignTimePermissions>
                <Create></Create>
                <Read></Read>
                <Update></Update>
                <Delete></Delete>
                <Metadata></Metadata>
            </DesignTimePermissions>
            <RunTimePermissions></RunTimePermissions>
            <VisibilityPermissions></VisibilityPermissions>
            <ConfigurationTables>
                <ConfigurationTable
                 description="A list of launch point description with the corresponding entity name"
                 isMultiRow="false"
                 name="LaunchPointEntitySettings"
                 ordinal="1">
                    <DataShape>
                        <FieldDefinitions>
                            <FieldDefinition
                             aspect.defaultValue="PTC.SCA.SCO.JobOrder.DetailContainerMashup"
                             baseType="MASHUPNAME"
                             description="Job order detail container mashup"
                             name="JobOrderDetailContainerMashup"
                             ordinal="1"></FieldDefinition>
                            <FieldDefinition
                             aspect.defaultValue="PTC.SCA.SCO.JobOrder.ListContainerMashup"
                             baseType="MASHUPNAME"
                             description="Job order list container mashup."
                             name="JobOrderListContainerMashup"
                             ordinal="4"></FieldDefinition>
                            <FieldDefinition
                             aspect.defaultValue="PTC.SCA.SCO.JobOrder.SummaryContainerSimpleMashup"
                             baseType="MASHUPNAME"
                             description="Job order summary container mashup"
                             name="JobOrderSummaryContainerSimpleMashup"
                             ordinal="2"></FieldDefinition>
                            <FieldDefinition
                             aspect.defaultValue="PTC.SCA.SCO.JobOrder.SummaryContainerCollectionMashup"
                             baseType="MASHUPNAME"
                             description="Job order summary container mashup used in collection"
                             name="JobOrderSummaryContainerCollectionMashup"
                             ordinal="3"></FieldDefinition>
                        </FieldDefinitions>
                    </DataShape>
                    <Rows>
                        <Row>
                            <JobOrderDetailContainerMashup>
                            <![CDATA[
                            PTC.SCA.SCO.JobOrder.DetailContainerMashup
                            ]]>
                            </JobOrderDetailContainerMashup>
                            <JobOrderListContainerMashup>
                            <![CDATA[
                            PTC.SCA.SCO.JobOrder.ListContainerMashup
                            ]]>
                            </JobOrderListContainerMashup>
                            <JobOrderSummaryContainerSimpleMashup>
                            <![CDATA[
                            PTC.SCA.SCO.JobOrder.SummaryContainerSimpleMashup
                            ]]>
                            </JobOrderSummaryContainerSimpleMashup>
                            <JobOrderSummaryContainerCollectionMashup>
                            <![CDATA[
                            PTC.SCA.SCO.JobOrder.SummaryContainerCollectionMashup
                            ]]>
                            </JobOrderSummaryContainerCollectionMashup>
                        </Row>
                    </Rows>
                </ConfigurationTable>
            </ConfigurationTables>
            <ThingShape>
                <PropertyDefinitions></PropertyDefinitions>
                <ServiceDefinitions></ServiceDefinitions>
                <EventDefinitions></EventDefinitions>
                <ServiceMappings></ServiceMappings>
                <ServiceImplementations></ServiceImplementations>
                <Subscriptions></Subscriptions>
            </ThingShape>
            <PropertyBindings></PropertyBindings>
            <RemotePropertyBindings></RemotePropertyBindings>
            <RemoteServiceBindings></RemoteServiceBindings>
            <RemoteEventBindings></RemoteEventBindings>
            <AlertConfigurations></AlertConfigurations>
            <ImplementedShapes></ImplementedShapes>
            <ThingProperties>
                <Enabled>
                    <Value>true</Value>
                    <Timestamp>2018-04-13T23:55:29.003-04:00</Timestamp>
                    <Quality>GOOD</Quality>
                </Enabled>
            </ThingProperties>
        </Thing>
    </Things>
</Entities>
