<?xml version="1.0" encoding="UTF-8"?>
<Entities>
    <ExtensionPackages>
        <ExtensionPackage name="ptc-thingview-extension"
                          description="Creo View WebGL Widget"
                          vendor="PTC"
                          packageVersion="1.36.2"
                          minimumThingWorxVersion="5.1.2"/>
    </ExtensionPackages>
    <Widgets>
        <Widget name="thingview">
            <UIResources>
                <!-- Studio ONLY -->
                <FileResource type="CSS" file="creoview.ide.css" description="0.36.2+LC3HRt" isDevelopment="true" isRuntime="false" />
                <FileResource type="JS" file="creoview.ide.js" description="0.36.2+LC3HRt" isDevelopment="true" isRuntime="false" />
                <!-- Runtime/Squeal ONLY -->
                <FileResource type="CSS" file="creoview.runtime.css" description="0.36.2+LC3HRt" isDevelopment="false" isRuntime="true" />
                <FileResource type="JS" file="creoview.runtime.js" description="0.36.2+LC3HRt" isDevelopment="false" isRuntime="true" />
                <FileResource type="JS" file="js/ptc/thingview/thingview.js" description="0.36.2+LC3HRt" isDevelopment="false" isRuntime="true" />
                <FileResource type="JS" file="js/ptc/thingview/thingview2d.js" description="0.36.2+LC3HRt" isDevelopment="false" isRuntime="true" />

                <!-- Studio and Runtime -->
            </UIResources>
        </Widget>
    </Widgets>
</Entities>
