<?xml version="1.0" encoding="UTF-8"?>
<Entities
 build="b158"
 majorVersion="7"
 minorVersion="4"
 modelPersistenceProviderPackage="PostgresPersistenceProviderPackage"
 revision="0"
 schemaVersion="940">
    <MediaEntities>
        <MediaEntity
         aspect.isEditableExtensionObject="true"
         aspect.isExtension="true"
         description="User icon {PTC.SCO.Common.AlertMonitor.UserIcon}"
         documentationContent=""
         homeMashup=""
         lastModifiedDate="2017-04-18T13:37:48.681Z"
         name="PTC.SCO.Common.AlertMonitor.UserIcon"
         projectName="PTC.SCA.SCO.Alert Monitor"
         tags="PTC:sca-sco-alertmonitor;PTC:sca-common;PTC:MediaEntity">
            <avatar></avatar>
            <DesignTimePermissions>
                <Create></Create>
                <Read></Read>
                <Update></Update>
                <Delete></Delete>
                <Metadata></Metadata>
            </DesignTimePermissions>
            <RunTimePermissions></RunTimePermissions>
            <VisibilityPermissions>
                <Visibility>
                    <Principal
                     isPermitted="true"
                     name="PTC.Factory.MachineVisibility"
                     type="Organization"></Principal>
                </Visibility>
            </VisibilityPermissions>
            <ConfigurationTables>
                <ConfigurationTable
                 description="List of authorization server scopes"
                 isMultiRow="true"
                 name="AuthorizationServerScopesSettings"
                 ordinal="1">
                    <DataShape>
                        <FieldDefinitions>
                            <FieldDefinition
                             baseType="STRING"
                             description="A single scope for the authorization server."
                             name="scope"
                             ordinal="0"></FieldDefinition>
                        </FieldDefinitions>
                    </DataShape>
                    <Rows></Rows>
                </ConfigurationTable>
                <ConfigurationTable
                 description="Content Source Connection information"
                 isMultiRow="false"
                 name="ContentSourceConnectionInformation"
                 ordinal="0">
                    <DataShape>
                        <FieldDefinitions>
                            <FieldDefinition
                             aspect.defaultValue="none"
                             aspect.friendlyName="AuthenticationType"
                             baseType="STRING"
                             description="Authentication type"
                             name="authenticationType"
                             ordinal="4"></FieldDefinition>
                            <FieldDefinition
                             aspect.friendlyName="AuthorizationServerID"
                             baseType="STRING"
                             description="Authorization Server ID"
                             name="authorizationServerId"
                             ordinal="7"></FieldDefinition>
                            <FieldDefinition
                             aspect.friendlyName="Dynamic Content"
                             baseType="BOOLEAN"
                             description="Display dynamic content from external URL"
                             name="dynamicContent"
                             ordinal="0"></FieldDefinition>
                            <FieldDefinition
                             aspect.friendlyName="Ignore SSL Errors"
                             baseType="BOOLEAN"
                             description="Ignore SSL errors"
                             name="ignoreSSLErrors"
                             ordinal="2"></FieldDefinition>
                            <FieldDefinition
                             aspect.friendlyName="AuthPassword"
                             baseType="PASSWORD"
                             description="Password for basic authentication"
                             name="password"
                             ordinal="6"></FieldDefinition>
                            <FieldDefinition
                             aspect.defaultValue="60.0"
                             aspect.friendlyName="Timeout"
                             baseType="NUMBER"
                             description="Timeout"
                             name="timeout"
                             ordinal="3"></FieldDefinition>
                            <FieldDefinition
                             aspect.friendlyName="URL"
                             baseType="STRING"
                             description="The URL to the content source"
                             name="url"
                             ordinal="1"></FieldDefinition>
                            <FieldDefinition
                             aspect.friendlyName="AuthUsername"
                             baseType="STRING"
                             description="Username for basic authentication"
                             name="userId"
                             ordinal="5"></FieldDefinition>
                        </FieldDefinitions>
                    </DataShape>
                    <Rows>
                        <Row>
                            <ignoreSSLErrors>false</ignoreSSLErrors>
                            <dynamicContent>false</dynamicContent>
                            <password></password>
                            <authorizationServerId></authorizationServerId>
                            <authenticationType>
                            <![CDATA[
                            none
                            ]]>
                            </authenticationType>
                            <userId></userId>
                            <url></url>
                            <timeout>60.0</timeout>
                        </Row>
                    </Rows>
                </ConfigurationTable>
            </ConfigurationTables>
            <content>
            <![CDATA[
            iVBORw0KGgoAAAANSUhEUgAAABAAAAARCAYAAADUryzEAAAAnUlEQVR42mNgwAJ09I0TgPg9EP+H
            YhA7gYEYAFToANXUAMQCUNwAFXMgxoD5QLweh/h8YgzYD7IRizjIFfuHhgHrsfkVV9hgMyAAFOJY
            xEGxEEBsVP4nRoz6BgAVGUADEZcXQHIGuDQ3IClywGc4SiwBOQpAfB6a3gOIDOT3UD0KDFAGCAuQ
            EEYCMH0MRGcSHJmOagYYkGEAKFD/AwCiEWDNLvGzngAAAABJRU5ErkJggg==
            ]]>
            </content>
        </MediaEntity>
    </MediaEntities>
</Entities>
