<?xml version="1.0" encoding="UTF-8"?>
<Entities
 build="b18"
 majorVersion="7"
 minorVersion="1"
 modelPersistenceProviderPackage="NeoPersistenceProviderPackage"
 revision="0"
 schemaVersion="910">
    <Things>
        <Thing
         aspect.isEditableExtensionObject="false"
         aspect.isExtension="true"
         description="ThingWorx user resource provider {PTC.Resource.Factory.ThingworxUserResourceProvider}"
         documentationContent="&lt;p&gt;&lt;br&gt;&lt;/p&gt;&#xA;"
         effectiveThingPackage="PTC.Resource.Factory.ThingworxUserResourceProviderPackage"
         enabled="true"
         homeMashup=""
         identifier=""
         lastModifiedDate="2016-04-30T19:27:25.688Z"
         name="PTC.Resource.Factory.ThingworxUserResourceProvider"
         projectName="PTC.SCA.SCO.User Management"
         published="false"
         tags="PTC:sca-sco-usermanagement;PTC:sca-common;PTC:Provider;PTC:Thing"
         thingTemplate="PTC.Resource.Factory.ThingworxUserResourceProviderTemplate"
         valueStream="">
            <avatar></avatar>
            <DesignTimePermissions>
                <Create></Create>
                <Read></Read>
                <Update></Update>
                <Delete></Delete>
                <Metadata></Metadata>
            </DesignTimePermissions>
            <RunTimePermissions>
                <Permissions
                 resourceName="*">
                    <PropertyRead>
                        <Principal
                         isPermitted="true"
                         name="FactoryUsers"
                         type="Group"></Principal>
                    </PropertyRead>
                    <PropertyWrite></PropertyWrite>
                    <ServiceInvoke>
                        <Principal
                         isPermitted="true"
                         name="FactoryUsers"
                         type="Group"></Principal>
                    </ServiceInvoke>
                    <EventInvoke>
                        <Principal
                         isPermitted="true"
                         name="FactoryUsers"
                         type="Group"></Principal>
                    </EventInvoke>
                    <EventSubscribe>
                        <Principal
                         isPermitted="true"
                         name="FactoryUsers"
                         type="Group"></Principal>
                    </EventSubscribe>
                </Permissions>
            </RunTimePermissions>
            <VisibilityPermissions>
                <Visibility>
                    <Principal
                     isPermitted="true"
                     name="PTC.Factory.MachineVisibility:Administration&amp;Configuration"
                     type="OrganizationalUnit"></Principal>
                    <Principal
                     isPermitted="true"
                     name="PTC.Factory.MachineVisibility:AlertEditing"
                     type="OrganizationalUnit"></Principal>
                </Visibility>
            </VisibilityPermissions>
            <ConfigurationTables>
                <ConfigurationTable
                 description="Resource Attribute Mapping Configuration"
                 isMultiRow="true"
                 name="Attribute Mapping Configuration"
                 ordinal="0">
                    <DataShape>
                        <FieldDefinitions>
                            <FieldDefinition
                             aspect.defaultValue="STRING"
                             baseType="BASETYPENAME"
                             description="The base type of the attribute (must be the same for normalized and originalattributes"
                             name="BaseType"
                             ordinal="3"></FieldDefinition>
                            <FieldDefinition
                             aspect.isPrimaryKey="true"
                             baseType="STRING"
                             description="The normalized attribute name of the resource"
                             name="Normalized"
                             ordinal="1"></FieldDefinition>
                            <FieldDefinition
                             baseType="STRING"
                             description="The original name of the attribute used in the business service for the resource"
                             name="Original"
                             ordinal="2"></FieldDefinition>
                        </FieldDefinitions>
                    </DataShape>
                    <Rows>
                        <Row>
                            <Normalized>
                            <![CDATA[
                            Id
                            ]]>
                            </Normalized>
                            <BaseType>
                            <![CDATA[
                            STRING
                            ]]>
                            </BaseType>
                            <Original>
                            <![CDATA[
                            Id
                            ]]>
                            </Original>
                        </Row>
                        <Row>
                            <Normalized>
                            <![CDATA[
                            CreateTimestamp
                            ]]>
                            </Normalized>
                            <BaseType>
                            <![CDATA[
                            DATETIME
                            ]]>
                            </BaseType>
                            <Original>
                            <![CDATA[
                            CreateTimestamp
                            ]]>
                            </Original>
                        </Row>
                        <Row>
                            <Normalized>
                            <![CDATA[
                            lastName
                            ]]>
                            </Normalized>
                            <BaseType>
                            <![CDATA[
                            STRING
                            ]]>
                            </BaseType>
                            <Original>
                            <![CDATA[
                            lastName
                            ]]>
                            </Original>
                        </Row>
                        <Row>
                            <Normalized>
                            <![CDATA[
                            smsAddress
                            ]]>
                            </Normalized>
                            <BaseType>
                            <![CDATA[
                            STRING
                            ]]>
                            </BaseType>
                            <Original>
                            <![CDATA[
                            smsAddress
                            ]]>
                            </Original>
                        </Row>
                        <Row>
                            <Normalized>
                            <![CDATA[
                            homePhone
                            ]]>
                            </Normalized>
                            <BaseType>
                            <![CDATA[
                            STRING
                            ]]>
                            </BaseType>
                            <Original>
                            <![CDATA[
                            homePhone
                            ]]>
                            </Original>
                        </Row>
                        <Row>
                            <Normalized>
                            <![CDATA[
                            mobileMashup
                            ]]>
                            </Normalized>
                            <BaseType>
                            <![CDATA[
                            MASHUPNAME
                            ]]>
                            </BaseType>
                            <Original>
                            <![CDATA[
                            mobileMashup
                            ]]>
                            </Original>
                        </Row>
                        <Row>
                            <Normalized>
                            <![CDATA[
                            groups
                            ]]>
                            </Normalized>
                            <BaseType>
                            <![CDATA[
                            INFOTABLE
                            ]]>
                            </BaseType>
                            <Original>
                            <![CDATA[
                            groups
                            ]]>
                            </Original>
                        </Row>
                        <Row>
                            <Normalized>
                            <![CDATA[
                            homeMashup
                            ]]>
                            </Normalized>
                            <BaseType>
                            <![CDATA[
                            MASHUPNAME
                            ]]>
                            </BaseType>
                            <Original>
                            <![CDATA[
                            homeMashup
                            ]]>
                            </Original>
                        </Row>
                        <Row>
                            <Normalized>
                            <![CDATA[
                            language
                            ]]>
                            </Normalized>
                            <BaseType>
                            <![CDATA[
                            STRING
                            ]]>
                            </BaseType>
                            <Original>
                            <![CDATA[
                            language
                            ]]>
                            </Original>
                        </Row>
                        <Row>
                            <Normalized>
                            <![CDATA[
                            title
                            ]]>
                            </Normalized>
                            <BaseType>
                            <![CDATA[
                            STRING
                            ]]>
                            </BaseType>
                            <Original>
                            <![CDATA[
                            title
                            ]]>
                            </Original>
                        </Row>
                        <Row>
                            <Normalized>
                            <![CDATA[
                            tags
                            ]]>
                            </Normalized>
                            <BaseType>
                            <![CDATA[
                            TAGS
                            ]]>
                            </BaseType>
                            <Original>
                            <![CDATA[
                            tags
                            ]]>
                            </Original>
                        </Row>
                        <Row>
                            <Normalized>
                            <![CDATA[
                            firstName
                            ]]>
                            </Normalized>
                            <BaseType>
                            <![CDATA[
                            STRING
                            ]]>
                            </BaseType>
                            <Original>
                            <![CDATA[
                            firstName
                            ]]>
                            </Original>
                        </Row>
                        <Row>
                            <Normalized>
                            <![CDATA[
                            emailAddress
                            ]]>
                            </Normalized>
                            <BaseType>
                            <![CDATA[
                            STRING
                            ]]>
                            </BaseType>
                            <Original>
                            <![CDATA[
                            emailAddress
                            ]]>
                            </Original>
                        </Row>
                        <Row>
                            <Normalized>
                            <![CDATA[
                            password
                            ]]>
                            </Normalized>
                            <BaseType>
                            <![CDATA[
                            STRING
                            ]]>
                            </BaseType>
                            <Original>
                            <![CDATA[
                            password
                            ]]>
                            </Original>
                        </Row>
                        <Row>
                            <Normalized>
                            <![CDATA[
                            mobilePhone
                            ]]>
                            </Normalized>
                            <BaseType>
                            <![CDATA[
                            STRING
                            ]]>
                            </BaseType>
                            <Original>
                            <![CDATA[
                            mobilePhone
                            ]]>
                            </Original>
                        </Row>
                        <Row>
                            <Normalized>
                            <![CDATA[
                            name
                            ]]>
                            </Normalized>
                            <BaseType>
                            <![CDATA[
                            STRING
                            ]]>
                            </BaseType>
                            <Original>
                            <![CDATA[
                            name
                            ]]>
                            </Original>
                        </Row>
                        <Row>
                            <Normalized>
                            <![CDATA[
                            middleName
                            ]]>
                            </Normalized>
                            <BaseType>
                            <![CDATA[
                            STRING
                            ]]>
                            </BaseType>
                            <Original>
                            <![CDATA[
                            middleName
                            ]]>
                            </Original>
                        </Row>
                        <Row>
                            <Normalized>
                            <![CDATA[
                            workPhone
                            ]]>
                            </Normalized>
                            <BaseType>
                            <![CDATA[
                            STRING
                            ]]>
                            </BaseType>
                            <Original>
                            <![CDATA[
                            workPhone
                            ]]>
                            </Original>
                        </Row>
                        <Row>
                            <Normalized>
                            <![CDATA[
                            displayLanguage
                            ]]>
                            </Normalized>
                            <BaseType>
                            <![CDATA[
                            STRING
                            ]]>
                            </BaseType>
                            <Original>
                            <![CDATA[
                            displayLanguage
                            ]]>
                            </Original>
                        </Row>
                        <Row>
                            <Normalized>
                            <![CDATA[
                            groupName
                            ]]>
                            </Normalized>
                            <BaseType>
                            <![CDATA[
                            STRING
                            ]]>
                            </BaseType>
                            <Original>
                            <![CDATA[
                            groupName
                            ]]>
                            </Original>
                        </Row>
                        <Row>
                            <Normalized>
                            <![CDATA[
                            notifyByEmail
                            ]]>
                            </Normalized>
                            <BaseType>
                            <![CDATA[
                            BOOLEAN
                            ]]>
                            </BaseType>
                            <Original>
                            <![CDATA[
                            notifyByEmail
                            ]]>
                            </Original>
                        </Row>
                        <Row>
                            <Normalized>
                            <![CDATA[
                            notifyByMobilePhone
                            ]]>
                            </Normalized>
                            <BaseType>
                            <![CDATA[
                            BOOLEAN
                            ]]>
                            </BaseType>
                            <Original>
                            <![CDATA[
                            notifyByMobilePhone
                            ]]>
                            </Original>
                        </Row>
                    </Rows>
                </ConfigurationTable>
                <ConfigurationTable
                 description="Resource Provider Configuration"
                 isMultiRow="false"
                 name="Resource Provider Configuration"
                 ordinal="0">
                    <DataShape>
                        <FieldDefinitions>
                            <FieldDefinition
                             baseType="THINGNAME"
                             description="The Thing name of the connector to a business service for the resource"
                             name="Connector"
                             ordinal="0"></FieldDefinition>
                            <FieldDefinition
                             baseType="MASHUPNAME"
                             description="The name of the mashup to create a new asset"
                             name="CreateMashup"
                             ordinal="0"></FieldDefinition>
                            <FieldDefinition
                             baseType="MASHUPNAME"
                             description="The name of the mashup to show the details of the resource"
                             name="DetailMashup"
                             ordinal="0"></FieldDefinition>
                        </FieldDefinitions>
                    </DataShape>
                    <Rows>
                        <Row>
                            <Connector></Connector>
                            <DetailMashup></DetailMashup>
                            <CreateMashup>
                            <![CDATA[
                            PTC.Factory.Administration.CreateEditUser
                            ]]>
                            </CreateMashup>
                        </Row>
                    </Rows>
                </ConfigurationTable>
            </ConfigurationTables>
            <ThingShape>
                <PropertyDefinitions></PropertyDefinitions>
                <ServiceDefinitions></ServiceDefinitions>
                <EventDefinitions></EventDefinitions>
                <ServiceMappings></ServiceMappings>
                <ServiceImplementations></ServiceImplementations>
                <Subscriptions></Subscriptions>
            </ThingShape>
            <PropertyBindings></PropertyBindings>
            <RemotePropertyBindings></RemotePropertyBindings>
            <RemoteServiceBindings></RemoteServiceBindings>
            <RemoteEventBindings></RemoteEventBindings>
            <AlertConfigurations></AlertConfigurations>
            <ImplementedShapes></ImplementedShapes>
            <ThingProperties></ThingProperties>
        </Thing>
    </Things>
</Entities>
