<?xml version="1.0" encoding="UTF-8"?>
<Entities
 build="b3079"
 majorVersion="0"
 minorVersion="0"
 modelPersistenceProviderPackage="PostgresPersistenceProviderPackage"
 revision="0"
 schemaVersion="940">
    <MediaEntities>
        <MediaEntity
         description="***DEPRECATED-J*** This entity will be deleted in a future release. Anomaly indicator (186x15) {PTC.SCA.SCO.AssetMonitor.AssetDetail.MonitoredProperty.Anomaly186x15Image}"
         documentationContent=""
         homeMashup=""
         lastModifiedDate="2017-05-04T10:13:25.711Z"
         name="PTC.SCA.SCO.AssetMonitor.AssetDetail.MonitoredProperty.Anomaly186x15Image"
         projectName="PTC.SCA.SCO.Asset Monitor"
         tags="PTC:sca-sco-assetmonitor;PTC:sca-common;PTC:MediaEntity">
            <avatar></avatar>
            <DesignTimePermissions>
                <Create></Create>
                <Read></Read>
                <Update></Update>
                <Delete></Delete>
                <Metadata></Metadata>
            </DesignTimePermissions>
            <RunTimePermissions></RunTimePermissions>
            <VisibilityPermissions>
                <Visibility>
                    <Principal
                     isPermitted="true"
                     name="PTC.Factory.MachineVisibility:AssetPerformance"
                     type="OrganizationalUnit"></Principal>
                </Visibility>
            </VisibilityPermissions>
            <content>
            <![CDATA[
            iVBORw0KGgoAAAANSUhEUgAAAA8AAAC6CAIAAAD+s4DbAAAAOElEQVR42u3KMQ0AAAgDsOlDCebx
            gAV+mvRspusutm3btm3btm3btm3btm3btm3btm3btm3br/cCdtWr2lsqYRQAAAAASUVORK5CYII=
            ]]>
            </content>
        </MediaEntity>
    </MediaEntities>
</Entities>
