<?xml version="1.0" encoding="UTF-8"?>
<Entities
 build="b1624"
 majorVersion="8"
 minorVersion="4"
 modelPersistenceProviderPackage="PostgresPersistenceProviderPackage"
 revision="0"
 schemaVersion="1040"
 universal="password">
    <Mashups>
        <Mashup
         aspect.isEditableExtensionObject="false"
         aspect.isExtension="true"
         aspect.isResponsive="true"
         aspect.mashupType="target"
         columns="0.0"
         description="Used in PTC.Factory.TrendTroubleshooting mashup {PTC.Factory.TrendTroubleshooting.Master}"
         documentationContent=""
         homeMashup=""
         lastModifiedDate="2018-12-14T13:23:59.256-05:00"
         name="PTC.Factory.TrendTroubleshooting.Master"
         projectName="PTC.SCA.SCO.Troubleshooting Tool"
         rows="0.0"
         tags="PTC:sca-sco-troubleshootingtool;PTC:sca-common;PTC:Mashup">
            <avatar></avatar>
            <DesignTimePermissions>
                <Create></Create>
                <Read></Read>
                <Update></Update>
                <Delete></Delete>
                <Metadata></Metadata>
            </DesignTimePermissions>
            <RunTimePermissions></RunTimePermissions>
            <VisibilityPermissions>
                <Visibility>
                    <Principal
                     isPermitted="true"
                     name="PTC.Factory.MachineVisibility:Trend&amp;Troubleshooting"
                     type="OrganizationalUnit"></Principal>
                </Visibility>
            </VisibilityPermissions>
            <ConfigurationTableDefinitions></ConfigurationTableDefinitions>
            <ConfigurationTables></ConfigurationTables>
            <ParameterDefinitions></ParameterDefinitions>
            <Things>
                <Thing>PTC.Factory.LaunchPointConfigurationThing</Thing>
            </Things>
            <ThingShapes></ThingShapes>
            <ThingTemplates></ThingTemplates>
            <mashupContent>
            <![CDATA[
            {
              "CustomMashupCss" : "",
              "Data" : {
                "Session" : {
                  "DataName" : "Session",
                  "EntityName" : "",
                  "EntityType" : "Session",
                  "Id" : "session",
                  "Services" : [ {
                    "APIMethod" : "post",
                    "Characteristic" : "Services",
                    "Id" : "SessionInterface",
                    "Name" : "GetGlobalSessionValues",
                    "Parameters" : { },
                    "RefreshInterval" : 0,
                    "Target" : "GetGlobalSessionValues"
                  } ]
                },
                "Things_PTC.Factory.LaunchPointConfigurationThing" : {
                  "DataName" : "Things_PTC.Factory.LaunchPointConfigurationThing",
                  "EntityName" : "PTC.Factory.LaunchPointConfigurationThing",
                  "EntityType" : "Things",
                  "Id" : "c792ae45-00e6-437a-b037-f727ada742fc",
                  "Services" : [ {
                    "APIMethod" : "post",
                    "Characteristic" : "Services",
                    "Id" : "db0a1303-6ae6-4b8f-918e-b7ab9d92b1d2",
                    "Name" : "GetLaunchPointTileName",
                    "Parameters" : {
                      "launchPointDescription" : "TitleMashup",
                      "tileName" : "TrendingAndTroubleshooting"
                    },
                    "RefreshInterval" : 0,
                    "Target" : "GetLaunchPointTileName"
                  } ]
                },
                "UserExtensions" : {
                  "DataName" : "UserExtensions",
                  "EntityName" : "",
                  "EntityType" : "UserExtensions",
                  "Id" : "UserExtensions",
                  "Services" : [ {
                    "APIMethod" : "post",
                    "Characteristic" : "Services",
                    "Id" : "UserExtensionInterface",
                    "Name" : "GetCurrentUserExtensionProperties",
                    "Parameters" : { },
                    "RefreshInterval" : 0,
                    "Target" : "GetCurrentUserExtensionProperties"
                  } ]
                }
              },
              "DataBindings" : [ {
                "Id" : "0477c217-d5ce-4e6a-81a1-78e9459f5f9d",
                "PropertyMaps" : [ {
                  "SourceProperty" : "result",
                  "SourcePropertyBaseType" : "STRING",
                  "SourcePropertyType" : "Data",
                  "TargetProperty" : "Name",
                  "TargetPropertyBaseType" : "MASHUPNAME"
                } ],
                "SourceArea" : "Data",
                "SourceDetails" : "AllData",
                "SourceId" : "GetLaunchPointTileName",
                "SourceSection" : "Things_PTC.Factory.LaunchPointConfigurationThing",
                "TargetArea" : "UI",
                "TargetId" : "mashupcontainer-40",
                "TargetSection" : ""
              } ],
              "DesignTimePermissions" : {
                "Create" : [ ],
                "Delete" : [ ],
                "Metadata" : [ ],
                "Read" : [ ],
                "Update" : [ ]
              },
              "Events" : [ {
                "EventHandlerArea" : "Data",
                "EventHandlerId" : "Things_PTC.Factory.LaunchPointConfigurationThing",
                "EventHandlerService" : "GetLaunchPointTileName",
                "EventTriggerArea" : "Mashup",
                "EventTriggerEvent" : "Loaded",
                "EventTriggerId" : "mashup-root",
                "EventTriggerSection" : "",
                "Id" : "7592f5f3-a3f0-484b-ab01-ca98a62ec2ee"
              } ],
              "RunTimePermissions" : {
                "permissions" : [ ]
              },
              "UI" : {
                "Properties" : {
                  "Area" : "Mashup",
                  "BGImageRepeat" : "no-repeat",
                  "BGImageSize" : "auto",
                  "Description" : "",
                  "DisplayName" : "CM Master",
                  "DropShadow" : false,
                  "EnableTheming" : false,
                  "Font" : "Arial, Helvetica",
                  "Height" : 768,
                  "Id" : "mashup-root",
                  "Left" : 0,
                  "MaxWidth" : 0,
                  "MinHeight" : 0,
                  "MinWidth" : 0,
                  "ResponsiveLayout" : true,
                  "ShowDataLoading" : true,
                  "Style" : "PTC.SCA.SCO.NoStyle",
                  "StyleTheme" : "",
                  "Title" : "[[PTC.SCA.Common.WindowTitle]]",
                  "Top" : 0,
                  "Type" : "targetmashup",
                  "Visible" : true,
                  "Width" : 1024,
                  "WindowStyle" : "PTC.SCA.SCO.NoStyle",
                  "Z-index" : 10,
                  "__TypeDisplayName" : "Master Mashup",
                  "id_index" : 40,
                  "supportsAutoResize" : true
                },
                "Widgets" : [ {
                  "Properties" : {
                    "Area" : "UI",
                    "Columns" : 0,
                    "DisplayName" : "Master Layout",
                    "Footer" : false,
                    "FooterHeight" : 0,
                    "Header" : true,
                    "HeaderHeight" : 64,
                    "Id" : "layout-1",
                    "IncludeSpacingInFixedAreas" : false,
                    "IsPrintLayout" : false,
                    "LeftSidebar" : false,
                    "LeftSidebarWidth" : 0,
                    "Orientation" : "vertical",
                    "PctColumn1" : 50,
                    "PctColumn2" : 50,
                    "PctColumn3" : 1,
                    "PctColumn4" : 1,
                    "PctColumn5" : 1,
                    "PctColumn6" : 1,
                    "PctColumn7" : 1,
                    "PctColumn8" : 1,
                    "PctRow1" : 100,
                    "PctRow2" : 50,
                    "PctRow3" : 0,
                    "PctRow4" : 0,
                    "PctRow5" : 0,
                    "PctRow6" : 0,
                    "PctRow7" : 0,
                    "PctRow8" : 0,
                    "PrintMarginLeftRight" : 0.5,
                    "PrintMarginTopBottom" : 0.5,
                    "PrintWidth" : 650,
                    "ResponsiveLayout" : true,
                    "RightSidebar" : false,
                    "RightSidebarWidth" : 0,
                    "Rows" : 1,
                    "ShowDataLoading" : true,
                    "Spacing" : 0,
                    "Type" : "layout",
                    "Visible" : true,
                    "Z-index" : 10,
                    "__TypeDisplayName" : "Layout"
                  },
                  "Widgets" : [ {
                    "Properties" : {
                      "AnimateExpandCollapse" : true,
                      "Area" : "UI",
                      "BGImageRepeat" : "no-repeat",
                      "BGImageSize" : "auto",
                      "DisplayName" : "Header",
                      "ExpandCollapseTabLocation" : "outside",
                      "Expanded" : true,
                      "Id" : "container-2",
                      "MinHeight" : 0,
                      "MinWidth" : 0,
                      "Overlay" : false,
                      "OverlayIsTransparent" : false,
                      "ResponsiveLayout" : true,
                      "ShowDataLoading" : true,
                      "ShowExpandCollapseTab" : false,
                      "Style" : "PTC.SCA.SCO.NoStyle",
                      "TabCollapseStyle" : "DefaultTabCollapseStyle",
                      "TabExpandStyle" : "DefaultTabExpandStyle",
                      "TabHeight" : 36,
                      "TabLocation" : "center",
                      "TabOffset" : 0,
                      "TabWidth" : 36,
                      "Type" : "container",
                      "Visible" : true,
                      "Z-index" : 10,
                      "__TypeDisplayName" : "Container",
                      "userCannotRemove" : true
                    },
                    "Widgets" : [ {
                      "Properties" : {
                        "Area" : "UI",
                        "Columns" : 1,
                        "DisplayName" : "Layout-7",
                        "Footer" : false,
                        "FooterHeight" : 0,
                        "Header" : false,
                        "HeaderHeight" : 0,
                        "Id" : "Layout-7",
                        "IncludeSpacingInFixedAreas" : false,
                        "IsPrintLayout" : false,
                        "Left" : 65,
                        "LeftSidebar" : true,
                        "LeftSidebarWidth" : 64,
                        "Orientation" : "horizontal",
                        "PctColumn1" : 100,
                        "PctColumn2" : 50,
                        "PctColumn3" : 1,
                        "PctColumn4" : 1,
                        "PctColumn5" : 1,
                        "PctColumn6" : 1,
                        "PctColumn7" : 1,
                        "PctColumn8" : 1,
                        "PctRow1" : 50,
                        "PctRow2" : 50,
                        "PctRow3" : 0,
                        "PctRow4" : 0,
                        "PctRow5" : 0,
                        "PctRow6" : 0,
                        "PctRow7" : 0,
                        "PctRow8" : 0,
                        "PrintMarginLeftRight" : 0.5,
                        "PrintMarginTopBottom" : 0.5,
                        "PrintWidth" : 650,
                        "ResponsiveLayout" : true,
                        "RightSidebar" : true,
                        "RightSidebarWidth" : 215,
                        "Rows" : 0,
                        "ShowDataLoading" : true,
                        "Spacing" : 0,
                        "Top" : 80,
                        "Type" : "layout",
                        "Visible" : true,
                        "Z-index" : 10,
                        "__TypeDisplayName" : "Layout"
                      },
                      "Widgets" : [ {
                        "Properties" : {
                          "AnimateExpandCollapse" : true,
                          "Area" : "UI",
                          "BGImageRepeat" : "no-repeat",
                          "BGImageSize" : "auto",
                          "DisplayName" : "Left Sidebar",
                          "ExpandCollapseTabLocation" : "outside",
                          "Expanded" : true,
                          "Id" : "container-8",
                          "MinHeight" : 0,
                          "MinWidth" : 0,
                          "Overlay" : false,
                          "OverlayIsTransparent" : false,
                          "ResponsiveLayout" : true,
                          "ShowDataLoading" : true,
                          "ShowExpandCollapseTab" : false,
                          "Style" : "PTC.SCA.SCO.NoStyle",
                          "TabCollapseStyle" : "DefaultTabCollapseStyle",
                          "TabExpandStyle" : "DefaultTabExpandStyle",
                          "TabHeight" : 36,
                          "TabLocation" : "center",
                          "TabOffset" : 0,
                          "TabWidth" : 36,
                          "Type" : "container",
                          "Visible" : true,
                          "Z-index" : 10,
                          "__TypeDisplayName" : "Container",
                          "userCannotRemove" : true
                        },
                        "Widgets" : [ {
                          "Properties" : {
                            "Area" : "UI",
                            "DisplayName" : "Panel-15",
                            "Height" : 200,
                            "HideScrollbars" : false,
                            "HorizontalAnchor" : "left",
                            "Id" : "Panel-15",
                            "Left" : 45,
                            "ResponsiveLayout" : true,
                            "ShowDataLoading" : true,
                            "Style" : "PTC.SCA.SCO.NoStyle",
                            "Top" : 40,
                            "Type" : "panel",
                            "VerticalAnchor" : "top",
                            "Visible" : true,
                            "Width" : 300,
                            "Z-index" : 10,
                            "__TypeDisplayName" : "Panel"
                          },
                          "Widgets" : [ {
                            "Properties" : {
                              "Area" : "UI",
                              "DisplayName" : "ContainedMashup-29",
                              "Height" : 64,
                              "Id" : "ContainedMashup-29",
                              "Left" : 0,
                              "MashupParameters" : [ ],
                              "Name" : "PTC.Factory.AppSwitcher.Button",
                              "ResponsiveLayout" : false,
                              "ShowDataLoading" : true,
                              "TabSequenceGroup" : 0,
                              "Top" : 0,
                              "Type" : "mashupcontainer",
                              "Visible" : true,
                              "Width" : 64,
                              "Z-index" : 10,
                              "__TypeDisplayName" : "Contained Mashup"
                            },
                            "Widgets" : [ ]
                          } ]
                        } ]
                      }, {
                        "Properties" : {
                          "AnimateExpandCollapse" : true,
                          "Area" : "UI",
                          "BGImageRepeat" : "no-repeat",
                          "BGImageSize" : "auto",
                          "DisplayName" : "Column 1",
                          "ExpandCollapseTabLocation" : "outside",
                          "Expanded" : true,
                          "Id" : "container-9",
                          "MinHeight" : 0,
                          "MinWidth" : 0,
                          "Overlay" : false,
                          "OverlayIsTransparent" : false,
                          "ResponsiveLayout" : true,
                          "ShowDataLoading" : true,
                          "ShowExpandCollapseTab" : false,
                          "Style" : "PTC.SCA.SCO.NoStyle",
                          "TabCollapseStyle" : "DefaultTabCollapseStyle",
                          "TabExpandStyle" : "DefaultTabExpandStyle",
                          "TabHeight" : 36,
                          "TabLocation" : "center",
                          "TabOffset" : 0,
                          "TabWidth" : 36,
                          "Type" : "container",
                          "Visible" : true,
                          "Z-index" : 10,
                          "__TypeDisplayName" : "Container",
                          "userCannotRemove" : true
                        },
                        "Widgets" : [ {
                          "Properties" : {
                            "Area" : "UI",
                            "Columns" : 1,
                            "DisplayName" : "Layout-11",
                            "Footer" : false,
                            "FooterHeight" : 0,
                            "Header" : false,
                            "HeaderHeight" : 0,
                            "Id" : "Layout-11",
                            "IncludeSpacingInFixedAreas" : false,
                            "IsPrintLayout" : false,
                            "Left" : 200,
                            "LeftSidebar" : true,
                            "LeftSidebarWidth" : 1100,
                            "Orientation" : "horizontal",
                            "PctColumn1" : 100,
                            "PctColumn2" : 0,
                            "PctColumn3" : 1,
                            "PctColumn4" : 1,
                            "PctColumn5" : 1,
                            "PctColumn6" : 1,
                            "PctColumn7" : 1,
                            "PctColumn8" : 1,
                            "PctRow1" : 50,
                            "PctRow2" : 50,
                            "PctRow3" : 0,
                            "PctRow4" : 0,
                            "PctRow5" : 0,
                            "PctRow6" : 0,
                            "PctRow7" : 0,
                            "PctRow8" : 0,
                            "PrintMarginLeftRight" : 0.5,
                            "PrintMarginTopBottom" : 0.5,
                            "PrintWidth" : 650,
                            "ResponsiveLayout" : true,
                            "RightSidebar" : false,
                            "RightSidebarWidth" : 0,
                            "Rows" : 0,
                            "ShowDataLoading" : true,
                            "Spacing" : 0,
                            "Top" : 105,
                            "Type" : "layout",
                            "Visible" : true,
                            "Z-index" : 10,
                            "__TypeDisplayName" : "Layout"
                          },
                          "Widgets" : [ {
                            "Properties" : {
                              "AnimateExpandCollapse" : true,
                              "Area" : "UI",
                              "BGImageRepeat" : "no-repeat",
                              "BGImageSize" : "auto",
                              "DisplayName" : "Left Sidebar",
                              "ExpandCollapseTabLocation" : "outside",
                              "Expanded" : true,
                              "Id" : "container-12",
                              "MinHeight" : 0,
                              "MinWidth" : 0,
                              "Overlay" : false,
                              "OverlayIsTransparent" : false,
                              "ResponsiveLayout" : true,
                              "ShowDataLoading" : true,
                              "ShowExpandCollapseTab" : false,
                              "Style" : "PTC.SCA.SCO.NoStyle",
                              "TabCollapseStyle" : "DefaultTabCollapseStyle",
                              "TabExpandStyle" : "DefaultTabExpandStyle",
                              "TabHeight" : 36,
                              "TabLocation" : "center",
                              "TabOffset" : 0,
                              "TabWidth" : 36,
                              "Type" : "container",
                              "Visible" : true,
                              "Z-index" : 10,
                              "__TypeDisplayName" : "Container",
                              "userCannotRemove" : true
                            },
                            "Widgets" : [ {
                              "Properties" : {
                                "Area" : "UI",
                                "DisplayName" : "Panel-17",
                                "Height" : 200,
                                "HideScrollbars" : false,
                                "HorizontalAnchor" : "left",
                                "Id" : "Panel-17",
                                "Left" : 80,
                                "ResponsiveLayout" : true,
                                "ShowDataLoading" : true,
                                "Style" : "PTC.SCA.SCO.NoStyle",
                                "Top" : 48,
                                "Type" : "panel",
                                "VerticalAnchor" : "top",
                                "Visible" : true,
                                "Width" : 300,
                                "Z-index" : 10,
                                "__TypeDisplayName" : "Panel"
                              },
                              "Widgets" : [ {
                                "Properties" : {
                                  "Area" : "UI",
                                  "DisplayName" : "mashupcontainer-40",
                                  "Height" : 63,
                                  "Id" : "mashupcontainer-40",
                                  "Left" : 0,
                                  "MashupParameters" : [ ],
                                  "Name" : "",
                                  "ResponsiveLayout" : false,
                                  "ShowDataLoading" : true,
                                  "TabSequenceGroup" : 0,
                                  "Top" : 0,
                                  "Type" : "mashupcontainer",
                                  "Visible" : true,
                                  "Width" : 1100,
                                  "Z-index" : 10,
                                  "__TypeDisplayName" : "Contained Mashup",
                                  "mashupTitle" : "[[PTC.Factory.TrendTroubleshootingPageTitleLabel]]"
                                },
                                "Widgets" : [ ]
                              } ]
                            } ]
                          }, {
                            "Properties" : {
                              "AnimateExpandCollapse" : true,
                              "Area" : "UI",
                              "BGImageRepeat" : "no-repeat",
                              "BGImageSize" : "auto",
                              "DisplayName" : "Column 1",
                              "ExpandCollapseTabLocation" : "outside",
                              "Expanded" : true,
                              "Id" : "container-13",
                              "MinHeight" : 0,
                              "MinWidth" : 0,
                              "Overlay" : false,
                              "OverlayIsTransparent" : false,
                              "ResponsiveLayout" : true,
                              "ShowDataLoading" : true,
                              "ShowExpandCollapseTab" : false,
                              "Style" : "PTC.SCA.SCO.NoStyle",
                              "TabCollapseStyle" : "DefaultTabCollapseStyle",
                              "TabExpandStyle" : "DefaultTabExpandStyle",
                              "TabHeight" : 36,
                              "TabLocation" : "center",
                              "TabOffset" : 0,
                              "TabWidth" : 36,
                              "Type" : "container",
                              "Visible" : true,
                              "Z-index" : 10,
                              "__TypeDisplayName" : "Container",
                              "userCannotRemove" : true
                            },
                            "Widgets" : [ ]
                          } ]
                        } ]
                      }, {
                        "Properties" : {
                          "AnimateExpandCollapse" : true,
                          "Area" : "UI",
                          "BGImageRepeat" : "no-repeat",
                          "BGImageSize" : "auto",
                          "DisplayName" : "Right Sidebar",
                          "ExpandCollapseTabLocation" : "outside",
                          "Expanded" : true,
                          "Id" : "container-36",
                          "MinHeight" : 0,
                          "MinWidth" : 0,
                          "Overlay" : false,
                          "OverlayIsTransparent" : false,
                          "ResponsiveLayout" : true,
                          "ShowDataLoading" : true,
                          "ShowExpandCollapseTab" : false,
                          "Style" : "DefaultContainerStyle",
                          "TabCollapseStyle" : "DefaultTabCollapseStyle",
                          "TabExpandStyle" : "DefaultTabExpandStyle",
                          "TabHeight" : 36,
                          "TabLocation" : "center",
                          "TabOffset" : 0,
                          "TabWidth" : 36,
                          "Type" : "container",
                          "Visible" : true,
                          "Z-index" : 10,
                          "__TypeDisplayName" : "Container",
                          "userCannotRemove" : true
                        },
                        "Widgets" : [ {
                          "Properties" : {
                            "Area" : "UI",
                            "DisplayName" : "panel-39",
                            "Height" : 200,
                            "HideScrollbars" : true,
                            "HorizontalAnchor" : "left",
                            "Id" : "panel-39",
                            "Left" : 130,
                            "ResponsiveLayout" : true,
                            "ShowDataLoading" : true,
                            "Style" : "PTC.SCA.SCO.NoStyle",
                            "Top" : 15,
                            "Type" : "panel",
                            "VerticalAnchor" : "top",
                            "Visible" : true,
                            "Width" : 300,
                            "Z-index" : 10,
                            "__TypeDisplayName" : "Panel"
                          },
                          "Widgets" : [ {
                            "Properties" : {
                              "Area" : "UI",
                              "DisplayName" : "ContainedMashup-28",
                              "Height" : 105,
                              "Id" : "ContainedMashup-28",
                              "Left" : 0,
                              "MashupParameters" : [ ],
                              "Name" : "PTC.Factory.Logout",
                              "ResponsiveLayout" : false,
                              "ShowDataLoading" : true,
                              "TabSequenceGroup" : 0,
                              "Top" : 10,
                              "Type" : "mashupcontainer",
                              "Visible" : true,
                              "Width" : 298,
                              "Z-index" : 10,
                              "__TypeDisplayName" : "Contained Mashup"
                            },
                            "Widgets" : [ ]
                          } ]
                        } ]
                      } ]
                    } ]
                  }, {
                    "Properties" : {
                      "AnimateExpandCollapse" : true,
                      "Area" : "UI",
                      "BGImageRepeat" : "no-repeat",
                      "BGImageSize" : "auto",
                      "DisplayName" : "Content",
                      "ExpandCollapseTabLocation" : "outside",
                      "Expanded" : true,
                      "Id" : "container-3",
                      "MinHeight" : 0,
                      "MinWidth" : 0,
                      "Overlay" : false,
                      "OverlayIsTransparent" : false,
                      "ResponsiveLayout" : true,
                      "ShowDataLoading" : true,
                      "ShowExpandCollapseTab" : false,
                      "Style" : "PTC.SCA.SCO.NoStyle",
                      "TabCollapseStyle" : "DefaultTabCollapseStyle",
                      "TabExpandStyle" : "DefaultTabExpandStyle",
                      "TabHeight" : 36,
                      "TabLocation" : "center",
                      "TabOffset" : 0,
                      "TabWidth" : 36,
                      "Type" : "container",
                      "Visible" : true,
                      "Z-index" : 10,
                      "__TypeDisplayName" : "Container",
                      "userCannotRemove" : true
                    },
                    "Widgets" : [ {
                      "Properties" : {
                        "Area" : "UI",
                        "Columns" : 1,
                        "DisplayName" : "Content Layout",
                        "Footer" : false,
                        "FooterHeight" : 0,
                        "Header" : false,
                        "HeaderHeight" : 0,
                        "Id" : "layout-4",
                        "IncludeSpacingInFixedAreas" : false,
                        "IsPrintLayout" : false,
                        "LeftSidebar" : false,
                        "LeftSidebarWidth" : 0,
                        "Orientation" : "horizontal",
                        "PctColumn1" : 100,
                        "PctColumn2" : 50,
                        "PctColumn3" : 1,
                        "PctColumn4" : 1,
                        "PctColumn5" : 1,
                        "PctColumn6" : 1,
                        "PctColumn7" : 1,
                        "PctColumn8" : 1,
                        "PctRow1" : 50,
                        "PctRow2" : 50,
                        "PctRow3" : 0,
                        "PctRow4" : 0,
                        "PctRow5" : 0,
                        "PctRow6" : 0,
                        "PctRow7" : 0,
                        "PctRow8" : 0,
                        "PrintMarginLeftRight" : 0.5,
                        "PrintMarginTopBottom" : 0.5,
                        "PrintWidth" : 650,
                        "ResponsiveLayout" : true,
                        "RightSidebar" : false,
                        "RightSidebarWidth" : 0,
                        "Rows" : 0,
                        "ShowDataLoading" : true,
                        "Spacing" : 0,
                        "Type" : "layout",
                        "Visible" : true,
                        "Z-index" : 10,
                        "__TypeDisplayName" : "Layout"
                      },
                      "Widgets" : [ {
                        "Properties" : {
                          "AnimateExpandCollapse" : true,
                          "Area" : "UI",
                          "BGImageRepeat" : "no-repeat",
                          "BGImageSize" : "auto",
                          "DisplayName" : "Page Mashup Container",
                          "ExpandCollapseTabLocation" : "outside",
                          "Expanded" : true,
                          "Id" : "container-5",
                          "MinHeight" : 0,
                          "MinWidth" : 0,
                          "Overlay" : false,
                          "OverlayIsTransparent" : false,
                          "ResponsiveLayout" : true,
                          "ShowDataLoading" : true,
                          "ShowExpandCollapseTab" : false,
                          "Style" : "PTC.SCA.SCO.NoStyle",
                          "TabCollapseStyle" : "DefaultTabCollapseStyle",
                          "TabExpandStyle" : "DefaultTabExpandStyle",
                          "TabHeight" : 36,
                          "TabLocation" : "center",
                          "TabOffset" : 0,
                          "TabWidth" : 36,
                          "Type" : "container",
                          "Visible" : true,
                          "Z-index" : 10,
                          "__TypeDisplayName" : "Container",
                          "userCannotRemove" : true
                        },
                        "Widgets" : [ {
                          "Properties" : {
                            "Area" : "UI",
                            "DisplayName" : "Page Mashup",
                            "Height" : 300,
                            "Id" : "pagemashupcontainer-6",
                            "Left" : 0,
                            "Name" : "",
                            "ResponsiveLayout" : true,
                            "ShowDataLoading" : true,
                            "Top" : 0,
                            "Type" : "pagemashupcontainer",
                            "Visible" : true,
                            "Width" : 400,
                            "Z-index" : 10,
                            "__TypeDisplayName" : "Page Mashup Container"
                          },
                          "Widgets" : [ ]
                        } ]
                      } ]
                    } ]
                  } ]
                } ]
              },
              "mashupType" : "targetmashup"
            }
            ]]>
            </mashupContent>
            <preview></preview>
        </Mashup>
    </Mashups>
</Entities>
