<?xml version="1.0" encoding="UTF-8"?>
<Entities
 build="b3079"
 majorVersion="0"
 minorVersion="0"
 modelPersistenceProviderPackage="PostgresPersistenceProviderPackage"
 revision="0"
 schemaVersion="940">
    <MediaEntities>
        <MediaEntity
         description="Inactive report {PTC.SCA.SCO.Report_InactiveIcon}"
         documentationContent=""
         homeMashup=""
         lastModifiedDate="2017-05-03T19:32:26.604Z"
         name="PTC.SCA.SCO.Report_InactiveIcon"
         projectName="PTC.SCA.SCO.Common"
         tags="PTC:sca-sco-common;PTC:sca-common;PTC:MediaEntity">
            <avatar></avatar>
            <DesignTimePermissions>
                <Create></Create>
                <Read></Read>
                <Update></Update>
                <Delete></Delete>
                <Metadata></Metadata>
            </DesignTimePermissions>
            <RunTimePermissions></RunTimePermissions>
            <VisibilityPermissions>
                <Visibility>
                    <Principal
                     isPermitted="true"
                     name="PTC.Factory.MachineVisibility:AssetPerformance"
                     type="OrganizationalUnit"></Principal>
                </Visibility>
            </VisibilityPermissions>
            <content>
            <![CDATA[
            iVBORw0KGgoAAAANSUhEUgAAABgAAAAYCAYAAADgdz34AAAA2klEQVR42r1WSwrDIBD1HKVn6kWE
            XCg7FbxB8CriLZKNi5Z2XjGhJWpqqg48DHHm6fxUxjKilLoKIbiUcqLR0rgA4Rv/OHRYqWitL0Qw
            Eu5E8swBOtCFzU/kpHwjw/mIOIIZtllyUhoIjxPkK2A75Hb+D/m2yM4TxO9kWJLh+soJklSRfE3+
            uJVirFqcc0WIVde7hFHLsR2USsITzkLD7CaNMUVIhGmCB7Z2/D9gWWj93aT3vggJD5b2C/QIUfMk
            ty3T5o3W/Kjoctg1P667XDhdrswul37tZ8sLVoqgvBWRO/YAAAAASUVORK5CYII=
            ]]>
            </content>
        </MediaEntity>
    </MediaEntities>
</Entities>
