<?xml version="1.0" encoding="UTF-8"?>
<Entities
 build="b3079"
 majorVersion="0"
 minorVersion="0"
 modelPersistenceProviderPackage="PostgresPersistenceProviderPackage"
 revision="0"
 schemaVersion="940">
    <MediaEntities>
        <MediaEntity
         description="Active report {PTC.SCA.SCO.Report_ActiveIcon}"
         documentationContent=""
         homeMashup=""
         lastModifiedDate="2017-05-03T19:32:35.875Z"
         name="PTC.SCA.SCO.Report_ActiveIcon"
         projectName="PTC.SCA.SCO.Common"
         tags="PTC:sca-sco-common;PTC:sca-common;PTC:MediaEntity">
            <avatar></avatar>
            <DesignTimePermissions>
                <Create></Create>
                <Read></Read>
                <Update></Update>
                <Delete></Delete>
                <Metadata></Metadata>
            </DesignTimePermissions>
            <RunTimePermissions></RunTimePermissions>
            <VisibilityPermissions>
                <Visibility>
                    <Principal
                     isPermitted="true"
                     name="PTC.Factory.MachineVisibility:AssetPerformance"
                     type="OrganizationalUnit"></Principal>
                </Visibility>
            </VisibilityPermissions>
            <content>
            <![CDATA[
            iVBORw0KGgoAAAANSUhEUgAAABgAAAAYCAYAAADgdz34AAAA7klEQVR42mNgwANUUmbLqCRNyVZO
            mrwNiG+qJE3+DMIgNkgMJAdSw0AqUE+aLKWSOGm2cuLkP8qJk/7jx5P/gNSC9BBlONCFfipJkz4R
            NhgVg/SA9OI1XDVxUp5y0qS/pBoOx0C9IDNwupwiw5EswfAJOMzJCBZ8wYUSJ5AIpY7hcEuAZsKT
            IrbUsurQVZIw1tQFSsLgdI7FBaQC7EE1JZsBnImwSIa1rSYJY4/wydsYwLmSyuGPZMFNBnDWxyL5
            /vN3kjD2IJr8mfYW0DyIaB7JNE+mNM9oNC8q6FLY0by4pkuFQ5cqky6VPrWbLQCDck2FHPptjQAA
            AABJRU5ErkJggg==
            ]]>
            </content>
        </MediaEntity>
    </MediaEntities>
</Entities>
