<?xml version="1.0" encoding="UTF-8"?>
<Entities
 build="b2961"
 majorVersion="0"
 minorVersion="0"
 modelPersistenceProviderPackage="NeoPersistenceProviderPackage"
 revision="0"
 schemaVersion="940">
    <MediaEntities>
        <MediaEntity
         description="Active hamburger icon {PTC.Factory.HamburgerActiveICON}"
         documentationContent=""
         homeMashup=""
         lastModifiedDate="2017-04-21T13:57:05.232-04:00"
         name="PTC.Factory.HamburgerActiveICON"
         projectName="PTC.SCA.SCO.Common"
         tags="PTC:sca-sco-common;PTC:sca-common;PTC:MediaEntity">
            <avatar></avatar>
            <DesignTimePermissions>
                <Create></Create>
                <Read></Read>
                <Update></Update>
                <Delete></Delete>
                <Metadata></Metadata>
            </DesignTimePermissions>
            <RunTimePermissions></RunTimePermissions>
            <VisibilityPermissions>
                <Visibility>
                    <Principal
                     isPermitted="true"
                     name="PTC.Factory.MachineVisibility"
                     type="Organization"></Principal>
                </Visibility>
            </VisibilityPermissions>
            <ConfigurationTables></ConfigurationTables>
            <content>
            <![CDATA[
            iVBORw0KGgoAAAANSUhEUgAAABYAAAARCAYAAADZsVyDAAAAIUlEQVR42mNQTpz0nxaYYegZPApo
            D0aT22hyG01uA2AwAHBAnE4Yj1BxAAAAAElFTkSuQmCC
            ]]>
            </content>
        </MediaEntity>
    </MediaEntities>
</Entities>
