<?xml version="1.0" encoding="UTF-8"?>
<Entities
 build="b158"
 majorVersion="7"
 minorVersion="4"
 modelPersistenceProviderPackage="PostgresPersistenceProviderPackage"
 revision="0"
 schemaVersion="940">
    <MediaEntities>
        <MediaEntity
         description="Not configured icon {PTC.SCA.SCO.NotConfiguredMedia}"
         documentationContent=""
         homeMashup=""
         lastModifiedDate="2017-04-26T11:24:50.783-04:00"
         name="PTC.SCA.SCO.NotConfiguredMedia"
         projectName="PTC.SCA.SCO.Common"
         tags="PTC:sca-sco-common;PTC:sca-common;PTC:MediaEntity">
            <avatar></avatar>
            <DesignTimePermissions>
                <Create></Create>
                <Read></Read>
                <Update></Update>
                <Delete></Delete>
                <Metadata></Metadata>
            </DesignTimePermissions>
            <RunTimePermissions></RunTimePermissions>
            <VisibilityPermissions>
                <Visibility>
                    <Principal
                     isPermitted="true"
                     name="PTC.Factory.MachineVisibility"
                     type="Organization"></Principal>
                </Visibility>
            </VisibilityPermissions>
            <content>
            <![CDATA[
            iVBORw0KGgoAAAANSUhEUgAAACQAAAAkCAYAAADhAJiYAAABOElEQVR42u1XSwqDMBB10Qv0Eu0B
            ejdP0hP4AZduJVTPIZ7ApXUlgmlecREHtUljYQp5MCA68/KcTCZJEHh4eARBlmWXKIpCZUJZHcdx
            D8Pz/C6Ez8+FpGl6UwM/1IDSxOCLmMOFVFV1SpLkrgaYTMVooibEguOorJwVcWkrZMVKcDlnZkuM
            EEI2TSO7rpPjOL4Nz3iHb1uinDKFVFPSPM9l27byE+ADXxoPTpcCXtRMURRyGAZpCvgihtbUV4VO
            VxP+1kaMLopmCty2Yq401SbTtDd9lM+qT81Nb1HArlgp9NBGkNCDsXJcAQ4iSNgIqvVgLGdXgIMI
            qm1qqNeD0WNcAQ5S2D0rQcqe/ztlHIua17Jn1xjZbR0sN1d2xw+WBzR2R1iWh3yW16CNPrV7UYSP
            v1J7eCi8APuBXFaUygp2AAAAAElFTkSuQmCC
            ]]>
            </content>
        </MediaEntity>
    </MediaEntities>
</Entities>
