<?xml version="1.0" encoding="UTF-8"?>
<Entities
 build="b238"
 majorVersion="8"
 minorVersion="2"
 modelPersistenceProviderPackage="PostgresPersistenceProviderPackage"
 revision="0"
 schemaVersion="1020"
 universal="">
    <MediaEntities>
        <MediaEntity
         aspect.isEditableExtensionObject="true"
         aspect.isExtension="true"
         description="Delete Relationships Rollover Icon (18px) {PTC.SCA.SCO.DeleteRelationshipsRollover18pxIcon}"
         documentationContent=""
         homeMashup=""
         lastModifiedDate="2018-02-01T16:39:16.763-05:00"
         name="PTC.SCA.SCO.DeleteRelationshipsRollover18pxIcon"
         projectName="PTC.SCA.SCO.Common"
         tags="PTC:sca-sco-common;">
            <avatar></avatar>
            <DesignTimePermissions>
                <Create></Create>
                <Read></Read>
                <Update></Update>
                <Delete></Delete>
                <Metadata></Metadata>
            </DesignTimePermissions>
            <RunTimePermissions></RunTimePermissions>
            <VisibilityPermissions>
                <Visibility>
                    <Principal
                     isPermitted="true"
                     name="PTC.Factory.MachineVisibility"
                     type="Organization"></Principal>
                </Visibility>
            </VisibilityPermissions>
            <ConfigurationTables>
                <ConfigurationTable
                 description="List of authorization server scopes"
                 isMultiRow="true"
                 name="AuthorizationServerScopesSettings"
                 ordinal="1">
                    <DataShape>
                        <FieldDefinitions>
                            <FieldDefinition
                             baseType="STRING"
                             description="A single scope for the authorization server."
                             name="scope"
                             ordinal="0"></FieldDefinition>
                        </FieldDefinitions>
                    </DataShape>
                    <Rows></Rows>
                </ConfigurationTable>
                <ConfigurationTable
                 description="Content Source Connection information"
                 isMultiRow="false"
                 name="ContentSourceConnectionInformation"
                 ordinal="0">
                    <DataShape>
                        <FieldDefinitions>
                            <FieldDefinition
                             aspect.defaultValue="none"
                             aspect.friendlyName="AuthenticationType"
                             aspect.selectOptions="none:none|basic:basic|SSO:SSO"
                             baseType="STRING"
                             description="Authentication type"
                             name="authenticationType"
                             ordinal="4"></FieldDefinition>
                            <FieldDefinition
                             aspect.friendlyName="AuthorizationServerID"
                             baseType="STRING"
                             description="Authorization Server ID"
                             name="authorizationServerId"
                             ordinal="7"></FieldDefinition>
                            <FieldDefinition
                             aspect.friendlyName="Dynamic Content"
                             baseType="BOOLEAN"
                             description="Display dynamic content from external URL"
                             name="dynamicContent"
                             ordinal="0"></FieldDefinition>
                            <FieldDefinition
                             aspect.friendlyName="Ignore SSL Errors"
                             baseType="BOOLEAN"
                             description="Ignore SSL errors"
                             name="ignoreSSLErrors"
                             ordinal="2"></FieldDefinition>
                            <FieldDefinition
                             aspect.friendlyName="AuthPassword"
                             baseType="PASSWORD"
                             description="Password for basic authentication"
                             name="password"
                             ordinal="6"></FieldDefinition>
                            <FieldDefinition
                             aspect.defaultValue="60.0"
                             aspect.friendlyName="Timeout"
                             baseType="NUMBER"
                             description="Timeout"
                             name="timeout"
                             ordinal="3"></FieldDefinition>
                            <FieldDefinition
                             aspect.friendlyName="URL"
                             baseType="STRING"
                             description="The URL to the content source"
                             name="url"
                             ordinal="1"></FieldDefinition>
                            <FieldDefinition
                             aspect.friendlyName="AuthUsername"
                             baseType="STRING"
                             description="Username for basic authentication"
                             name="userId"
                             ordinal="5"></FieldDefinition>
                        </FieldDefinitions>
                    </DataShape>
                    <Rows>
                        <Row>
                            <authenticationType>
                            <![CDATA[
                            none
                            ]]>
                            </authenticationType>
                            <authorizationServerId></authorizationServerId>
                            <dynamicContent>false</dynamicContent>
                            <ignoreSSLErrors>false</ignoreSSLErrors>
                            <password></password>
                            <timeout>60.0</timeout>
                            <url></url>
                            <userId></userId>
                        </Row>
                    </Rows>
                </ConfigurationTable>
            </ConfigurationTables>
            <content>
            <![CDATA[
            iVBORw0KGgoAAAANSUhEUgAAABIAAAASCAYAAABWzo5XAAABW0lEQVR42qVUMUvEMBSO4qg4CK4i
            4qqCmyAI/qLmWsVFbvBX6JD0yi03CA43Hnm92uFA3IQTJycX8cT7AfG9JPaE1ta2gQdp8t7X73tf
            EsYKBpfjUx7CtSfU1JMwN4FzWqM9VjWCfrzLhQIs0mVBOZRbDBLBMZfwYRPhC1lcBkIddAdqlYLm
            tGb2KAdzqSbPxIF4Akadfrr1F2vao5wM7DezhRwYaa2XqlpAORkY1maN/ZFTxqSI2UImGuDc0aSf
            1RxUY4AQgxmL8YOaWRfIGGCdnDJ3RrRxR+tlbGCC8VgRk7O7+zWqcWrmeSABT7j2WhYI9HI+eFi/
            CCcbFki9t5LGo/jIGZW2ajaX6iprdlP7SRqeoU+q7cjksNGB7Cq1gj8eOgLDRlfE76WbmHvrrshb
            INOdWpeWR8m+vbRWDs5nfjjea/eMICO/F2//w438w4bFzxg3vlAnRTXfLnzC7iJIeXYAAAAASUVO
            RK5CYII=
            ]]>
            </content>
        </MediaEntity>
    </MediaEntities>
</Entities>
