<?xml version="1.0" encoding="UTF-8"?>
<Entities
 build="b52"
 majorVersion="8"
 minorVersion="1"
 revision="0"
 schemaVersion="1010">
    <StyleDefinitions>
        <StyleDefinition
         description="***DEPRECATED-J*** Should no longer be used and could be removed in a later release."
         documentationContent=""
         homeMashup=""
         lastModifiedDate="2017-11-02T19:50:39.453Z"
         name="PTC.SCA.SCO.ProductRelationshipManager.WelcomeImageButton"
         projectName="PTC.SCA.SCO.Common"
         tags="PTC:sca-sco-common;PTC:sca-common;PTC:StyleDefinition">
            <avatar></avatar>
            <DesignTimePermissions>
                <Create></Create>
                <Read></Read>
                <Update></Update>
                <Delete></Delete>
                <Metadata></Metadata>
            </DesignTimePermissions>
            <RunTimePermissions></RunTimePermissions>
            <VisibilityPermissions>
                <Visibility></Visibility>
            </VisibilityPermissions>
            <ConfigurationTables></ConfigurationTables>
            <content>
            <![CDATA[
            {
              "backgroundColor" : "rgba(255,255,255,0.01)",
              "displayString" : "",
              "fontEmphasisBold" : false,
              "fontEmphasisItalic" : false,
              "fontEmphasisUnderline" : false,
              "foregroundColor" : "",
              "image" : "PTC.SCA.SCO.ProductRelationshipManager.WelcomeImage",
              "lineColor" : "",
              "lineStyle" : "solid",
              "lineThickness" : 1,
              "secondaryBackgroundColor" : "",
              "textSize" : "normal"
            }
            ]]>
            </content>
        </StyleDefinition>
    </StyleDefinitions>
</Entities>
