<?xml version="1.0" encoding="UTF-8"?>
<Entities
 build="445"
 majorVersion="5"
 minorVersion="4"
 revision="0"
 schemaVersion="796">
    <StyleDefinitions>
        <StyleDefinition
         description=""
         documentationContent=""
         homeMashup=""
         lastModifiedDate="2016-06-22T13:32:35.074Z"
         name="PTC.SCA.SCO.Core.AppIconText"
         projectName="PTC.SCA.SCO.Common"
         tags="PTC:sca-sco-common;PTC:sca-common;PTC:StyleDefinition">
            <avatar></avatar>
            <DesignTimePermissions>
                <Create></Create>
                <Read></Read>
                <Update></Update>
                <Delete></Delete>
                <Metadata></Metadata>
            </DesignTimePermissions>
            <RunTimePermissions></RunTimePermissions>
            <VisibilityPermissions>
                <Visibility>
                    <Principal
                     isPermitted="true"
                     name="PTC.Factory.MachineVisibility"
                     type="Organization"></Principal>
                </Visibility>
            </VisibilityPermissions>
            <ConfigurationTables></ConfigurationTables>
            <content>
            <![CDATA[
            {"displayString":"","fontEmphasisUnderline":false,"fontEmphasisItalic":false,"textSize":"small","lineColor":"","backgroundColor":"","lineStyle":"solid","lineThickness":1,"image":"","secondaryBackgroundColor":"","fontEmphasisBold":true,"foregroundColor":"#ffffff"}
            ]]>
            </content>
        </StyleDefinition>
    </StyleDefinitions>
</Entities>
