<?xml version="1.0" encoding="UTF-8"?>
<Entities
 build="b36"
 majorVersion="8"
 minorVersion="2"
 modelPersistenceProviderPackage="PostgresPersistenceProviderPackage"
 revision="3"
 schemaVersion="1020"
 universal="">
    <StyleDefinitions>
        <StyleDefinition
         description="Style for labels in import action without bold font."
         documentationContent=""
         homeMashup=""
         lastModifiedDate="2018-04-13T05:05:46.303-04:00"
         name="PTC.SCA.SCO.Common.ImportLinkStyleNoBoldFont"
         projectName="PTC.SCA.SCO.Common"
         tags="PTC:sca-sco-common;PTC:factory-mv">
            <avatar></avatar>
            <DesignTimePermissions>
                <Create></Create>
                <Read></Read>
                <Update></Update>
                <Delete></Delete>
                <Metadata></Metadata>
            </DesignTimePermissions>
            <RunTimePermissions></RunTimePermissions>
            <VisibilityPermissions>
                <Visibility>
                    <Principal
                     isPermitted="true"
                     name="PTC.Factory.MachineVisibility"
                     type="Organization"></Principal>
                </Visibility>
            </VisibilityPermissions>
            <ConfigurationTables></ConfigurationTables>
            <content>
            <![CDATA[
            {
              "backgroundColor" : "",
              "displayString" : "",
              "fontEmphasisBold" : false,
              "fontEmphasisItalic" : false,
              "fontEmphasisUnderline" : false,
              "foregroundColor" : "#0088cc",
              "image" : "",
              "lineColor" : "",
              "lineStyle" : "solid",
              "lineThickness" : 1,
              "secondaryBackgroundColor" : "",
              "textSize" : "large"
            }
            ]]>
            </content>
        </StyleDefinition>
    </StyleDefinitions>
</Entities>
