<?xml version="1.0" encoding="UTF-8"?>
<Entities
 build="b3079"
 majorVersion="0"
 minorVersion="0"
 modelPersistenceProviderPackage="PostgresPersistenceProviderPackage"
 revision="0"
 schemaVersion="940">
    <StyleDefinitions>
        <StyleDefinition
         description="Report (inactive) icon background {PTC.SCA.SCO.Report_InactiveStyleDefinition}"
         documentationContent=""
         homeMashup=""
         lastModifiedDate="2017-05-03T19:38:18.585Z"
         name="PTC.SCA.SCO.Report_InactiveStyleDefinition"
         projectName="PTC.SCA.SCO.Common"
         tags="PTC:sca-sco-common;PTC:sca-common;PTC:StyleDefinition">
            <avatar></avatar>
            <DesignTimePermissions>
                <Create></Create>
                <Read></Read>
                <Update></Update>
                <Delete></Delete>
                <Metadata></Metadata>
            </DesignTimePermissions>
            <RunTimePermissions></RunTimePermissions>
            <VisibilityPermissions>
                <Visibility>
                    <Principal
                     isPermitted="true"
                     name="PTC.Factory.MachineVisibility"
                     type="Organization"></Principal>
                </Visibility>
            </VisibilityPermissions>
            <ConfigurationTables></ConfigurationTables>
            <content>
            <![CDATA[
            {"image":"PTC.SCA.SCO.Report_InactiveIcon","backgroundColor":"","textSize":"normal","lineStyle":"solid","displayString":"Report (inactive) icon background","fontEmphasisUnderline":false,"fontEmphasisItalic":false,"lineThickness":1,"foregroundColor":"","lineColor":"","fontEmphasisBold":false,"secondaryBackgroundColor":""}
            ]]>
            </content>
        </StyleDefinition>
    </StyleDefinitions>
</Entities>
