<?xml version="1.0" encoding="UTF-8"?>
<Entities
 build="b14"
 majorVersion="7"
 minorVersion="1"
 modelPersistenceProviderPackage="NeoPersistenceProviderPackage"
 revision="3"
 schemaVersion="911">
    <StyleDefinitions>
        <StyleDefinition
         description="This style includes configuration of body part of confirmation pop-up box such text size, text color, background color and text background color. {PTC.Factory.Generic.ConfirmationPopupBody}"
         documentationContent=""
         homeMashup=""
         lastModifiedDate="2016-07-06T15:55:23.418Z"
         name="PTC.Factory.Generic.ConfirmationPopupBody"
         projectName="PTC.SCA.SCO.Common"
         tags="PTC:sca-sco-common;PTC:sca-common;PTC:StyleDefinition">
            <avatar></avatar>
            <DesignTimePermissions>
                <Create></Create>
                <Read></Read>
                <Update></Update>
                <Delete></Delete>
                <Metadata></Metadata>
            </DesignTimePermissions>
            <RunTimePermissions></RunTimePermissions>
            <VisibilityPermissions>
                <Visibility></Visibility>
            </VisibilityPermissions>
            <ConfigurationTables></ConfigurationTables>
            <content>
            <![CDATA[
            {"image":"","backgroundColor":"#ffffff","textSize":"xlarge","lineStyle":"solid","displayString":"","fontEmphasisUnderline":false,"fontEmphasisItalic":false,"lineThickness":1,"foregroundColor":"#464646","lineColor":"","fontEmphasisBold":false,"secondaryBackgroundColor":""}
            ]]>
            </content>
        </StyleDefinition>
    </StyleDefinitions>
</Entities>
