<?xml version="1.0" encoding="UTF-8"?>
<Entities
 build="b3030"
 majorVersion="0"
 minorVersion="0"
 modelPersistenceProviderPackage="NeoPersistenceProviderPackage"
 revision="0"
 schemaVersion="940">
    <StyleDefinitions>
        <StyleDefinition
         description="12px font {PTC.SCA.SCO.12pxLabelText}"
         documentationContent=""
         homeMashup=""
         lastModifiedDate="2017-04-26T21:14:52.215-04:00"
         name="PTC.SCA.SCO.12pxLabelText"
         projectName="PTC.SCA.SCO.Common"
         tags="PTC:sca-sco-common;PTC:sca-common;PTC:StyleDefinition">
            <avatar></avatar>
            <DesignTimePermissions>
                <Create></Create>
                <Read></Read>
                <Update></Update>
                <Delete></Delete>
                <Metadata></Metadata>
            </DesignTimePermissions>
            <RunTimePermissions></RunTimePermissions>
            <VisibilityPermissions>
                <Visibility>
                    <Principal
                     isPermitted="true"
                     name="PTC.Factory.MachineVisibility"
                     type="Organization"></Principal>
                </Visibility>
            </VisibilityPermissions>
            <ConfigurationTables></ConfigurationTables>
            <content>
            <![CDATA[
            {"image":"","backgroundColor":"","textSize":"large","lineStyle":"solid","fontEmphasisUnderline":false,"displayString":"Sample Text","fontEmphasisItalic":false,"lineThickness":0,"lineColor":"","foregroundColor":"#232b2d","fontEmphasisBold":false,"secondaryBackgroundColor":""}
            ]]>
            </content>
        </StyleDefinition>
    </StyleDefinitions>
</Entities>
