<?xml version="1.0" encoding="UTF-8"?>
<Entities
 build="b3226"
 majorVersion="0"
 minorVersion="0"
 modelPersistenceProviderPackage="PostgresPersistenceProviderPackage"
 revision="0"
 schemaVersion="1000">
    <StyleDefinitions>
        <StyleDefinition
         description="14px orange bold font {PTC.SCA.Common.14pxOrangeLabelTextBold}"
         documentationContent=""
         homeMashup=""
         lastModifiedDate="2017-05-25T18:05:42.470Z"
         name="PTC.SCA.Common.14pxOrangeLabelTextBold"
         projectName="PTC.SCA.SCO.Common"
         tags="PTC:sca-sco-common;PTC:sca-common;PTC:StyleDefinition">
            <avatar></avatar>
            <DesignTimePermissions>
                <Create></Create>
                <Read></Read>
                <Update></Update>
                <Delete></Delete>
                <Metadata></Metadata>
            </DesignTimePermissions>
            <RunTimePermissions></RunTimePermissions>
            <VisibilityPermissions>
                <Visibility>
                    <Principal
                     isPermitted="true"
                     name="PTC.Factory.MachineVisibility"
                     type="Organization"></Principal>
                </Visibility>
            </VisibilityPermissions>
            <ConfigurationTables></ConfigurationTables>
            <content>
            <![CDATA[
            {"image":"","backgroundColor":"","textSize":"xlarge","lineStyle":"solid","displayString":"","fontEmphasisUnderline":false,"fontEmphasisItalic":false,"lineThickness":1,"foregroundColor":"#ed684a","lineColor":"","fontEmphasisBold":true,"secondaryBackgroundColor":""}
            ]]>
            </content>
        </StyleDefinition>
    </StyleDefinitions>
</Entities>
