<?xml version="1.0" encoding="UTF-8"?>
<Entities
 build="b11"
 majorVersion="8"
 minorVersion="0"
 modelPersistenceProviderPackage="PostgresPersistenceProviderPackage"
 revision="0"
 schemaVersion="1000">
    <StyleDefinitions>
        <StyleDefinition
         aspect.isEditableExtensionObject="true"
         aspect.isExtension="true"
         description="Resource config menu style {PTC.Factory.ConfigResourceMenuStyle}"
         documentationContent=""
         homeMashup=""
         lastModifiedDate="2017-06-12T14:12:03.504Z"
         name="PTC.Factory.ConfigResourceMenuStyle"
         projectName="PTC.SCA.SCO.Common"
         tags="PTC:sca-sco-common;PTC:sca-common;PTC:StyleDefinition">
            <avatar></avatar>
            <DesignTimePermissions>
                <Create></Create>
                <Read></Read>
                <Update></Update>
                <Delete></Delete>
                <Metadata></Metadata>
            </DesignTimePermissions>
            <RunTimePermissions></RunTimePermissions>
            <VisibilityPermissions>
                <Visibility>
                    <Principal
                     isPermitted="true"
                     name="PTC.Factory.MachineVisibility"
                     type="Organization"></Principal>
                </Visibility>
            </VisibilityPermissions>
            <ConfigurationTables></ConfigurationTables>
            <content>
            <![CDATA[
            {"image":"","backgroundColor":"#f2f4f4","textSize":"xxl","lineStyle":"solid","displayString":"","fontEmphasisUnderline":false,"fontEmphasisItalic":false,"lineThickness":1,"foregroundColor":"#236192","lineColor":"","fontEmphasisBold":true,"secondaryBackgroundColor":""}
            ]]>
            </content>
        </StyleDefinition>
    </StyleDefinitions>
</Entities>
