<?xml version="1.0" encoding="UTF-8"?>
<Entities
 build="b50"
 majorVersion="7"
 minorVersion="3"
 modelPersistenceProviderPackage="NeoPersistenceProviderPackage"
 revision="0"
 schemaVersion="931">
    <StyleDefinitions>
        <StyleDefinition
         description="This style including the specification of Default Label defined in Pop-up's body area. {PTC.Factory.Generic.DefaultLabel18px}"
         documentationContent=""
         homeMashup=""
         lastModifiedDate="2017-02-21T16:43:07.633-05:00"
         name="PTC.Factory.Generic.DefaultLabel18px"
         projectName="PTC.SCA.SCO.Common"
         tags="PTC:sca-sco-common;PTC:sca-common;PTC:StyleDefinition">
            <avatar></avatar>
            <DesignTimePermissions>
                <Create></Create>
                <Read></Read>
                <Update></Update>
                <Delete></Delete>
                <Metadata></Metadata>
            </DesignTimePermissions>
            <RunTimePermissions></RunTimePermissions>
            <VisibilityPermissions>
                <Visibility>
                    <Principal
                     isPermitted="true"
                     name="PTC.Factory.MachineVisibility"
                     type="Organization"></Principal>
                </Visibility>
            </VisibilityPermissions>
            <ConfigurationTables></ConfigurationTables>
            <content>
            <![CDATA[
            {"image":"","backgroundColor":"","textSize":"2xl","lineStyle":"solid","displayString":"","fontEmphasisUnderline":false,"fontEmphasisItalic":false,"lineThickness":1,"foregroundColor":"#464646","lineColor":"","fontEmphasisBold":false,"secondaryBackgroundColor":""}
            ]]>
            </content>
        </StyleDefinition>
    </StyleDefinitions>
</Entities>
