<?xml version="1.0" encoding="UTF-8"?>
<Entities
 build="b6794"
 majorVersion="0"
 minorVersion="0"
 modelPersistenceProviderPackage="PostgresPersistenceProviderPackage"
 revision="0"
 schemaVersion="1050"
 universal="password">
    <StyleDefinitions>
        <StyleDefinition
         description="This style includes the configuration of font size, color and style for context name shown besides the context picker icon. {PTC.SCA.SCO.Common.ContextNameLabelStyle}"
         documentationContent=""
         homeMashup=""
         lastModifiedDate="2019-05-14T16:38:58.194-04:00"
         name="PTC.SCA.SCO.Common.ContextNameLabelStyle"
         projectName="PTC.SCA.SCO.Common"
         tags="PTC:sca-sco-common;PTC:sca-common;PTC:StyleDefinition">
            <avatar></avatar>
            <DesignTimePermissions>
                <Create></Create>
                <Read></Read>
                <Update></Update>
                <Delete></Delete>
                <Metadata></Metadata>
            </DesignTimePermissions>
            <RunTimePermissions></RunTimePermissions>
            <VisibilityPermissions>
                <Visibility>
                    <Principal
                     isPermitted="true"
                     name="PTC.Factory.MachineVisibility"
                     type="Organization"></Principal>
                </Visibility>
            </VisibilityPermissions>
            <ConfigurationTableDefinitions></ConfigurationTableDefinitions>
            <ConfigurationTables></ConfigurationTables>
            <content>
            <![CDATA[
            {
              "backgroundColor" : "",
              "displayString" : "",
              "fontEmphasisBold" : true,
              "fontEmphasisItalic" : true,
              "fontEmphasisUnderline" : false,
              "foregroundColor" : "rgba(35,97,146,1)",
              "image" : "",
              "lineColor" : "",
              "lineStyle" : "solid",
              "lineThickness" : 1,
              "secondaryBackgroundColor" : "",
              "textSize" : "large"
            }
            ]]>
            </content>
        </StyleDefinition>
    </StyleDefinitions>
</Entities>
