<?xml version="1.0" encoding="UTF-8"?>
<Entities
 build="b13"
 majorVersion="7"
 minorVersion="2"
 modelPersistenceProviderPackage="NeoPersistenceProviderPackage"
 revision="5"
 schemaVersion="920">
    <StyleDefinitions>
        <StyleDefinition
         description="This style including the specification of Red tag color {PTC.Factory.Generic.GreyTagColor}"
         documentationContent=""
         homeMashup=""
         lastModifiedDate="2016-12-01T20:06:12.944Z"
         name="PTC.Factory.Generic.GreyTagColor"
         projectName="PTC.SCA.SCO.Common"
         tags="PTC:sca-sco-common;PTC:sca-common;PTC:StyleDefinition">
            <avatar></avatar>
            <DesignTimePermissions>
                <Create></Create>
                <Read></Read>
                <Update></Update>
                <Delete></Delete>
                <Metadata></Metadata>
            </DesignTimePermissions>
            <RunTimePermissions></RunTimePermissions>
            <VisibilityPermissions>
                <Visibility>
                    <Principal
                     isPermitted="true"
                     name="PTC.Factory.MachineVisibility"
                     type="Organization"></Principal>
                </Visibility>
            </VisibilityPermissions>
            <ConfigurationTables></ConfigurationTables>
            <content>
            <![CDATA[
            {"image":"","backgroundColor":"#a2a2a2","textSize":"normal","lineStyle":"solid","displayString":"","fontEmphasisUnderline":false,"fontEmphasisItalic":false,"lineThickness":1,"foregroundColor":"#a2a2a2","lineColor":"#a2a2a2","fontEmphasisBold":false,"secondaryBackgroundColor":""}
            ]]>
            </content>
        </StyleDefinition>
    </StyleDefinitions>
</Entities>
