<?xml version="1.0" encoding="UTF-8"?>
<Entities
 build="b158"
 majorVersion="7"
 minorVersion="4"
 modelPersistenceProviderPackage="NeoPersistenceProviderPackage"
 revision="0"
 schemaVersion="940">
    <StyleDefinitions>
        <StyleDefinition
         description="10px black font {PTC.Factory.10pxTagText}"
         documentationContent=""
         homeMashup=""
         lastModifiedDate="2017-04-10T13:20:35.460-04:00"
         name="PTC.Factory.10pxTagText"
         projectName="PTC.SCA.SCO.Common"
         tags="PTC:sca-sco-common;PTC:sca-common;PTC:StyleDefinition">
            <avatar></avatar>
            <DesignTimePermissions>
                <Create></Create>
                <Read></Read>
                <Update></Update>
                <Delete></Delete>
                <Metadata></Metadata>
            </DesignTimePermissions>
            <RunTimePermissions></RunTimePermissions>
            <VisibilityPermissions>
                <Visibility>
                    <Principal
                     isPermitted="true"
                     name="PTC.Factory.MachineVisibility"
                     type="Organization"></Principal>
                </Visibility>
            </VisibilityPermissions>
            <ConfigurationTables></ConfigurationTables>
            <content>
            <![CDATA[
            {"image":"","backgroundColor":"","textSize":"small","lineStyle":"solid","fontEmphasisUnderline":false,"displayString":"","fontEmphasisItalic":false,"lineThickness":1,"lineColor":"","foregroundColor":"#232b2d","fontEmphasisBold":false,"secondaryBackgroundColor":""}
            ]]>
            </content>
        </StyleDefinition>
    </StyleDefinitions>
</Entities>
