<?xml version="1.0" encoding="UTF-8" standalone="no"?>
<Entities>
<ExtensionPackages>
<!--
 The name attribute of the ExtensionPackage element correlates to the name of the zip archive for the extension 
-->
<ExtensionPackage name="ODBC_ExtensionPackage" description="ODBC Extension" vendor="Acme Corporation" packageVersion="1.0" minimumThingWorxVersion="5.0.0">
<JarResources>
<!--
 The JDBC JAR file being used to connect to DatabaseXYZ 
-->
<FileResource type="JAR" file="msodbcsql.msi" description="ODBC driver"/>
</JarResources>
</ExtensionPackage>
</ExtensionPackages>
<ThingTemplates>
<!--
 A Database ThingTemplate for the DatabaseXYZ extension 
-->
<ThingTemplate name="ODBCDatabase" baseThingTemplate="Database" description="ODBC ThingTemplate"/>
</ThingTemplates>
</Entities>