<?xml version="1.0" encoding="UTF-8"?>
<Entities>
    <ExtensionPackages>
        <ExtensionPackage name="Distributionbar_ExtensionPackage" description="Distribution Bar Widget" vendor="ThingWorx, a PTC Business" packageVersion="1.1.3" minimumThingWorxVersion="6.5.0" buildNumber="40"/>
    </ExtensionPackages>
    <Widgets>
        <Widget name="distributionbar">
            <UIResources>
                <!-- Studio ONLY -->
                <FileResource type="CSS" file="distributionbar.ide.css" description="" isDevelopment="true" isRuntime="false"/>
                <FileResource type="JS" file="distributionbar.ide.js" description="" isDevelopment="true" isRuntime="false"/>
                <!-- Runtime/Squeal ONLY -->
                <FileResource type="CSS" file="distributionbar.runtime.css" description="" isDevelopment="false" isRuntime="true"/>
                <FileResource type="JS" file="distributionbar.runtime.js" description="" isDevelopment="false" isRuntime="true"/>
            </UIResources>
        </Widget>
    </Widgets>
</Entities>
