<?xml version="1.0" encoding="UTF-8"?>
<Entities
 build="b795"
 majorVersion="8"
 minorVersion="4"
 modelPersistenceProviderPackage="PostgresPersistenceProviderPackage"
 revision="0"
 schemaVersion="1040"
 universal="">
    <DataShapes>
        <DataShape
         aspect.isEditableExtensionObject="false"
         aspect.isExtension="true"
         baseDataShape=""
         description="Return shape for PTC.SCA.SCO.AssetMonitor.AssetList.AssetListServiceController.GetFilteredAssetCollection {PTC.SCA.SCO.AssetMonitor.AssetList.AssetCollectionPageInfoDataShape}"
         documentationContent=""
         homeMashup=""
         lastModifiedDate="2018-09-20T13:53:32.033-04:00"
         name="PTC.SCA.SCO.AssetMonitor.AssetList.AssetCollectionPageInfoDataShape"
         projectName="PTC.SCA.SCO.Asset Monitor"
         tags="PTC:sca-sco-assetmonitor;PTC:DataShape;PTC:sca-common;PTC:AssetMonitor">
            <avatar></avatar>
            <DesignTimePermissions>
                <Create></Create>
                <Read></Read>
                <Update></Update>
                <Delete></Delete>
                <Metadata></Metadata>
            </DesignTimePermissions>
            <RunTimePermissions></RunTimePermissions>
            <VisibilityPermissions>
                <Visibility>
                    <Principal
                     isPermitted="true"
                     name="PTC.Factory.MachineVisibility"
                     type="Organization"></Principal>
                </Visibility>
            </VisibilityPermissions>
            <ConfigurationTableDefinitions></ConfigurationTableDefinitions>
            <ConfigurationTables></ConfigurationTables>
            <FieldDefinitions>
                <FieldDefinition
                 baseType="INTEGER"
                 description="The Page Number for the returned asset list."
                 name="CurrentPage"
                 ordinal="4"></FieldDefinition>
                <FieldDefinition
                 aspect.dataShape="PTC.SCA.SCO.AssetMonitor.AssetList.AssetInfoCollectionDataShape"
                 baseType="INFOTABLE"
                 description="The Asset data for one page of results."
                 name="Data"
                 ordinal="1"></FieldDefinition>
                <FieldDefinition
                 baseType="INTEGER"
                 description="How many items are in this page."
                 name="PageCount"
                 ordinal="6"></FieldDefinition>
                <FieldDefinition
                 baseType="INTEGER"
                 description="How many items are displayed per page."
                 name="PageSize"
                 ordinal="5"></FieldDefinition>
                <FieldDefinition
                 baseType="LONG"
                 description="The total count of assets satisfying the criteria (not just this page)."
                 name="TotalCount"
                 ordinal="2"></FieldDefinition>
                <FieldDefinition
                 baseType="STRING"
                 description="The total count of assets displayable message."
                 name="TotalCountMessage"
                 ordinal="3"></FieldDefinition>
            </FieldDefinitions>
        </DataShape>
    </DataShapes>
</Entities>
