<?xml version="1.0" encoding="UTF-8"?>
<Entities
 build="b158"
 majorVersion="7"
 minorVersion="4"
 modelPersistenceProviderPackage="PostgresPersistenceProviderPackage"
 revision="0"
 schemaVersion="940">
    <DataShapes>
        <DataShape
         aspect.isEditableExtensionObject="false"
         baseDataShape=""
         description=" ***DEPRECATED-I*** Return shape for AssetListController.GetFilteredAssetList {PTC.SCA.SCO.AssetMonitor.AssetList.PageInfoDataShape}"
         documentationContent=""
         homeMashup=""
         lastModifiedDate="2017-03-29T20:59:49.609Z"
         name="PTC.SCA.SCO.AssetMonitor.AssetList.PageInfoDataShape"
         projectName="PTC.SCA.SCO.Asset Monitor"
         tags="PTC:sca-sco-assetmonitor;PTC:DataShape;PTC:sca-common;PTC:AssetMonitor">
            <avatar></avatar>
            <DesignTimePermissions>
                <Create></Create>
                <Read></Read>
                <Update></Update>
                <Delete></Delete>
                <Metadata></Metadata>
            </DesignTimePermissions>
            <RunTimePermissions></RunTimePermissions>
            <VisibilityPermissions>
                <Visibility></Visibility>
            </VisibilityPermissions>
            <ConfigurationTables></ConfigurationTables>
            <FieldDefinitions>
                <FieldDefinition
                 aspect.dataShape="PTC.SCA.SCO.AssetMonitor.AssetList.AssetIdentityDataShape"
                 baseType="INFOTABLE"
                 description="The Asset data for one page of results."
                 name="Data"
                 ordinal="1"></FieldDefinition>
                <FieldDefinition
                 baseType="LONG"
                 description="The total count of assets satisfying the criteria (not just this page)."
                 name="TotalCount"
                 ordinal="2"></FieldDefinition>
                <FieldDefinition
                 baseType="STRING"
                 description="The total count of assets displayable message."
                 name="TotalCountMessage"
                 ordinal="3"></FieldDefinition>
                <FieldDefinition
                 baseType="INTEGER"
                 description="The Page Number for the returned asset list."
                 name="CurrentPage"
                 ordinal="4"></FieldDefinition>
                <FieldDefinition
                 baseType="INTEGER"
                 description="How many items are displayed per page."
                 name="PageSize"
                 ordinal="5"></FieldDefinition>
                <FieldDefinition
                 baseType="INTEGER"
                 description="How many items are in this page."
                 name="PageCount"
                 ordinal="6"></FieldDefinition>
            </FieldDefinitions>
        </DataShape>
    </DataShapes>
</Entities>
