<?xml version="1.0" encoding="UTF-8"?>
<Entities
 build="b3226"
 majorVersion="0"
 minorVersion="0"
 modelPersistenceProviderPackage="PostgresPersistenceProviderPackage"
 revision="0"
 schemaVersion="1000">
    <DataShapes>
        <DataShape
         aspect.isEditableExtensionObject="false"
         aspect.isExtension="true"
         baseDataShape=""
         description="Return shape for PerformanceMonitorController.GetStatusHistoryForPastWeek. Fields may represent either hours or percentages depending on service parameters. {PTC.SCA.SCO.AssetMonitor.AssetDetail.StackedBarDataShape}"
         documentationContent=""
         homeMashup=""
         lastModifiedDate="2017-05-22T14:07:50.120Z"
         name="PTC.SCA.SCO.AssetMonitor.AssetDetail.StackedBarDataShape"
         projectName="PTC.SCA.SCO.Asset Monitor"
         tags="PTC:sca-sco-assetmonitor;PTC:DataShape;PTC:sca-common;PTC:AssetMonitor">
            <avatar></avatar>
            <DesignTimePermissions>
                <Create></Create>
                <Read></Read>
                <Update></Update>
                <Delete></Delete>
                <Metadata></Metadata>
            </DesignTimePermissions>
            <RunTimePermissions></RunTimePermissions>
            <VisibilityPermissions>
                <Visibility></Visibility>
            </VisibilityPermissions>
            <ConfigurationTables></ConfigurationTables>
            <FieldDefinitions>
                <FieldDefinition
                 aspect.isPrimaryKey="true"
                 baseType="STRING"
                 description=""
                 name="dateTime"
                 ordinal="1"></FieldDefinition>
                <FieldDefinition
                 baseType="NUMBER"
                 description=""
                 name="notConfigured"
                 ordinal="7"></FieldDefinition>
                <FieldDefinition
                 baseType="NUMBER"
                 description=""
                 name="plannedDowntime"
                 ordinal="4"></FieldDefinition>
                <FieldDefinition
                 baseType="NUMBER"
                 description=""
                 name="running"
                 ordinal="2"></FieldDefinition>
                <FieldDefinition
                 baseType="NUMBER"
                 description=""
                 name="unavailable"
                 ordinal="6"></FieldDefinition>
                <FieldDefinition
                 baseType="NUMBER"
                 description=""
                 name="unplannedDowntime"
                 ordinal="5"></FieldDefinition>
                <FieldDefinition
                 baseType="NUMBER"
                 description=""
                 name="warning"
                 ordinal="3"></FieldDefinition>
            </FieldDefinitions>
        </DataShape>
    </DataShapes>
</Entities>
