<?xml version="1.0" encoding="UTF-8"?>
<Entities
 build="b3226"
 majorVersion="0"
 minorVersion="0"
 modelPersistenceProviderPackage="PostgresPersistenceProviderPackage"
 revision="0"
 schemaVersion="1000">
    <DataShapes>
        <DataShape
         aspect.isEditableExtensionObject="false"
         aspect.isExtension="true"
         baseDataShape=""
         description="Return shape for MonitoredPropertiesController.GetSensorList {PTC.SCA.SCO.AssetMonitor.AssetDetail.PageInfoDataShape}"
         documentationContent=""
         homeMashup=""
         lastModifiedDate="2017-05-31T13:48:44.738Z"
         name="PTC.SCA.SCO.AssetMonitor.AssetDetail.PageInfoDataShape"
         projectName="PTC.SCA.SCO.Asset Monitor"
         tags="PTC:sca-sco-assetmonitor;PTC:DataShape;PTC:sca-common;PTC:AssetMonitor">
            <avatar></avatar>
            <DesignTimePermissions>
                <Create></Create>
                <Read></Read>
                <Update></Update>
                <Delete></Delete>
                <Metadata></Metadata>
            </DesignTimePermissions>
            <RunTimePermissions></RunTimePermissions>
            <VisibilityPermissions>
                <Visibility></Visibility>
            </VisibilityPermissions>
            <ConfigurationTables></ConfigurationTables>
            <FieldDefinitions>
                <FieldDefinition
                 aspect.dataShape="PTC.SCA.SCO.AssetMonitor.AssetDetail.SensorListDataShape"
                 baseType="INFOTABLE"
                 description="The Sensor data for one page of results."
                 name="sensors"
                 ordinal="1"></FieldDefinition>
                <FieldDefinition
                 baseType="STRING"
                 description=""
                 name="CurrentPage"
                 ordinal="3"></FieldDefinition>
                <FieldDefinition
                 baseType="INTEGER"
                 description=""
                 name="PageCount"
                 ordinal="4"></FieldDefinition>
                <FieldDefinition
                 baseType="INTEGER"
                 description=""
                 name="PageSize"
                 ordinal="2"></FieldDefinition>
                <FieldDefinition
                 baseType="STRING"
                 description=""
                 name="SensorCountPageMessage"
                 ordinal="6"></FieldDefinition>
                <FieldDefinition
                 baseType="LONG"
                 description="The total count of sensors."
                 name="SensorCount"
                 ordinal="5"></FieldDefinition>
            </FieldDefinitions>
        </DataShape>
    </DataShapes>
</Entities>
