<?xml version="1.0" encoding="UTF-8"?>
<Entities
 build="b3094"
 majorVersion="0"
 minorVersion="0"
 modelPersistenceProviderPackage="PostgresPersistenceProviderPackage"
 revision="0"
 schemaVersion="1000">
    <DataShapes>
        <DataShape
         aspect.isEditableExtensionObject="false"
         aspect.isExtension="true"
         baseDataShape=""
         description="Shape representing a filter dropdown name and a selectable value {PTC.SCA.SCO.AssetMonitor.AssetList.FilterListDataShape}"
         documentationContent=""
         homeMashup=""
         lastModifiedDate="2017-05-17T21:12:58.336Z"
         name="PTC.SCA.SCO.AssetMonitor.AssetList.FilterListDataShape"
         projectName="PTC.SCA.SCO.Asset Monitor"
         tags="PTC:sca-sco-assetmonitor;PTC:DataShape;PTC:sca-common;PTC:AssetMonitor">
            <avatar></avatar>
            <DesignTimePermissions>
                <Create></Create>
                <Read></Read>
                <Update></Update>
                <Delete></Delete>
                <Metadata></Metadata>
            </DesignTimePermissions>
            <RunTimePermissions></RunTimePermissions>
            <VisibilityPermissions>
                <Visibility></Visibility>
            </VisibilityPermissions>
            <ConfigurationTables></ConfigurationTables>
            <FieldDefinitions>
                <FieldDefinition
                 aspect.isPrimaryKey="true"
                 baseType="STRING"
                 description="Name of the Filter List supporting eg. Models, Customers,"
                 name="FilterListName"
                 ordinal="1"></FieldDefinition>
                <FieldDefinition
                 aspect.isPrimaryKey="true"
                 baseType="STRING"
                 description=""
                 name="FilterListValue"
                 ordinal="2"></FieldDefinition>
            </FieldDefinitions>
        </DataShape>
    </DataShapes>
</Entities>
