<?xml version="1.0" encoding="UTF-8"?>
<Entities
 build="b14"
 majorVersion="7"
 minorVersion="1"
 modelPersistenceProviderPackage="NeoPersistenceProviderPackage"
 revision="3"
 schemaVersion="911">
    <Groups>
        <Group
         description="Production Manager group"
         documentationContent=""
         homeMashup=""
         lastModifiedDate="2016-07-12T14:43:21.381Z"
         name="Production Manager"
         projectName="PTC.SCA.SCO.User Management"
         tags="PTC:sca-sco-usermanagement;PTC:factory-mv;Role:Factory-UserGroup">
            <avatar></avatar>
            <DesignTimePermissions>
                <Create></Create>
                <Read></Read>
                <Update></Update>
                <Delete></Delete>
                <Metadata></Metadata>
            </DesignTimePermissions>
            <RunTimePermissions></RunTimePermissions>
            <VisibilityPermissions>
                <Visibility>
                    <Principal
                     isPermitted="true"
                     name="PTC.Factory.MachineVisibility"
                     type="Organization"></Principal>
                </Visibility>
            </VisibilityPermissions>
            <ConfigurationTables></ConfigurationTables>
            <Members>
                <Members></Members>
            </Members>
        </Group>
    </Groups>
</Entities>
