<?xml version="1.0" encoding="UTF-8"?>
<Entities
 build="b3079"
 majorVersion="0"
 minorVersion="0"
 modelPersistenceProviderPackage="PostgresPersistenceProviderPackage"
 revision="0"
 schemaVersion="940">
    <Menus>
        <Menu
         aspect.isEditableExtensionObject="false"
         aspect.isExtension="true"
         description="Tabs menu for Asset Detail mashup {PTC.SCA.SCO.AssetMonitor.AssetDetail.ActionMenu}"
         documentationContent=""
         homeMashup=""
         imageURL=""
         lastModifiedDate="2017-05-03T17:41:47.603Z"
         menuLabel=""
         name="PTC.SCA.SCO.AssetMonitor.AssetDetail.ActionMenu"
         projectName="PTC.SCA.SCO.Asset Monitor"
         tags="PTC:sca-sco-assetmonitor;PTC:sca-common;PTC:Menu">
            <avatar></avatar>
            <DesignTimePermissions>
                <Create></Create>
                <Read></Read>
                <Update></Update>
                <Delete></Delete>
                <Metadata></Metadata>
            </DesignTimePermissions>
            <RunTimePermissions></RunTimePermissions>
            <VisibilityPermissions>
                <Visibility>
                    <Principal
                     isPermitted="true"
                     name="PTC.Factory.MachineVisibility:AssetPerformance"
                     type="OrganizationalUnit"></Principal>
                </Visibility>
            </VisibilityPermissions>
            <ConfigurationTables></ConfigurationTables>
            <MenuItems>
                <MenuItem
                 description=""
                 imageURL=""
                 isDefault="true"
                 linkDestination="PTC.SCA.SCO.AssetMonitor.AssetDetail.PerformanceMonitorContainerMashup"
                 linkTarget="Self"
                 linkType="Mashup"
                 title="[[PTC.SCA.SCO.AssetMonitor.AssetDetail.Performance]]">
                    <GroupReferences>
                        <Members></Members>
                    </GroupReferences>
                </MenuItem>
                <MenuItem
                 description=""
                 imageURL=""
                 isDefault="false"
                 linkDestination="PTC.SCA.SCO.AssetMonitor.AssetDetail.MonitoredPropertiesContainerMashup"
                 linkTarget="Self"
                 linkType="Mashup"
                 title="[[PTC.SCA.SCO.AssetMonitor.AssetDetail.MonitoringProperties]]">
                    <GroupReferences>
                        <Members></Members>
                    </GroupReferences>
                </MenuItem>
                <MenuItem
                 description=""
                 imageURL=""
                 isDefault="false"
                 linkDestination="PTC.SCA.SCO.AssetMonitor.AssetDetail.AdditionalPropertiesContainerMashup"
                 linkTarget="Self"
                 linkType="Mashup"
                 title="[[PTC.SCA.SCO.AssetMonitor.AssetDetail.AdditionalProperties]]">
                    <GroupReferences>
                        <Members></Members>
                    </GroupReferences>
                </MenuItem>
                <MenuItem
                 description=""
                 imageURL=""
                 isDefault="false"
                 linkDestination="PTC.SCA.SCO.AssetRemoting.RemoteAccessMashup"
                 linkTarget="Self"
                 linkType="Mashup"
                 title="[[PTC.SCA.SCO.AssetMonitor.AssetDetail.RemoteAccess]]">
                    <GroupReferences>
                        <Members></Members>
                    </GroupReferences>
                </MenuItem>
                <MenuItem
                 description=""
                 imageURL=""
                 isDefault="false"
                 linkDestination="PTC.SCA.SCO.AssetRemoting.FileTransferMashup"
                 linkTarget="Self"
                 linkType="Mashup"
                 title="[[PTC.SCA.SCO.AssetMonitor.AssetDetail.FileTransfer]]">
                    <GroupReferences>
                        <Members></Members>
                    </GroupReferences>
                </MenuItem>
                <MenuItem
                 description=""
                 imageURL=""
                 isDefault="false"
                 linkDestination="PTC.SCA.SCO.AssetRemoting.FileTransferHistoryMashup"
                 linkTarget="Self"
                 linkType="Mashup"
                 title="[[PTC.SCA.SCO.AssetMonitor.AssetDetail.FileTransferHistory]]">
                    <GroupReferences>
                        <Members></Members>
                    </GroupReferences>
                </MenuItem>
            </MenuItems>
            <GroupReferences>
                <Members></Members>
            </GroupReferences>
            <effectiveMenu>
                <DataShape>
                    <FieldDefinitions>
                        <FieldDefinition
                         baseType="STRING"
                         description="Description for tooltip"
                         name="description"
                         ordinal="0"></FieldDefinition>
                        <FieldDefinition
                         baseType="IMAGELINK"
                         description="Optional image URL"
                         name="imageURL"
                         ordinal="0"></FieldDefinition>
                        <FieldDefinition
                         aspect.defaultValue="false"
                         baseType="BOOLEAN"
                         description="Is a default menu item"
                         name="isDefault"
                         ordinal="0"></FieldDefinition>
                        <FieldDefinition
                         aspect.isPrimaryKey="true"
                         baseType="STRING"
                         description="Link destination"
                         name="linkDestination"
                         ordinal="0"></FieldDefinition>
                        <FieldDefinition
                         baseType="STRING"
                         description="Link target (Popup, Mashup, New)"
                         name="linkTarget"
                         ordinal="0"></FieldDefinition>
                        <FieldDefinition
                         aspect.isPrimaryKey="true"
                         baseType="STRING"
                         description="Link type (Mashup, Hyperlink, or Menu)"
                         name="linkType"
                         ordinal="0"></FieldDefinition>
                        <FieldDefinition
                         baseType="STRING"
                         description="Menu entry id"
                         name="menuId"
                         ordinal="0"></FieldDefinition>
                        <FieldDefinition
                         baseType="STRING"
                         description="Menu entry parent id"
                         name="parentMenuId"
                         ordinal="0"></FieldDefinition>
                        <FieldDefinition
                         baseType="STRING"
                         description="Menu entry title"
                         name="title"
                         ordinal="0"></FieldDefinition>
                    </FieldDefinitions>
                </DataShape>
                <Rows>
                    <Row>
                        <linkPriority>0.0</linkPriority>
                        <parentMenuId></parentMenuId>
                        <imageURL></imageURL>
                        <description></description>
                        <menuId>
                        <![CDATA[
                        PTC.SCA.SCO.AssetMonitor.AssetDetail.ActionMenu
                        ]]>
                        </menuId>
                        <linkType>
                        <![CDATA[
                        Menu
                        ]]>
                        </linkType>
                        <title></title>
                    </Row>
                    <Row>
                        <linkDestination>
                        <![CDATA[
                        PTC.SCA.SCO.AssetMonitor.AssetDetail.PerformanceMonitorContainerMashup
                        ]]>
                        </linkDestination>
                        <isDefault>true</isDefault>
                        <parentMenuId>
                        <![CDATA[
                        PTC.SCA.SCO.AssetMonitor.AssetDetail.ActionMenu
                        ]]>
                        </parentMenuId>
                        <linkTarget>
                        <![CDATA[
                        Self
                        ]]>
                        </linkTarget>
                        <imageURL></imageURL>
                        <description></description>
                        <menuId>
                        <![CDATA[
                        PTC.SCA.SCO.AssetMonitor.AssetDetail.ActionMenu_0
                        ]]>
                        </menuId>
                        <linkType>
                        <![CDATA[
                        Mashup
                        ]]>
                        </linkType>
                        <title>
                        <![CDATA[
                        [[PTC.SCA.SCO.AssetMonitor.AssetDetail.Performance]]
                        ]]>
                        </title>
                    </Row>
                    <Row>
                        <linkDestination>
                        <![CDATA[
                        PTC.SCA.SCO.AssetMonitor.AssetDetail.MonitoredPropertiesContainerMashup
                        ]]>
                        </linkDestination>
                        <isDefault>false</isDefault>
                        <parentMenuId>
                        <![CDATA[
                        PTC.SCA.SCO.AssetMonitor.AssetDetail.ActionMenu
                        ]]>
                        </parentMenuId>
                        <linkTarget>
                        <![CDATA[
                        Self
                        ]]>
                        </linkTarget>
                        <imageURL></imageURL>
                        <description></description>
                        <menuId>
                        <![CDATA[
                        PTC.SCA.SCO.AssetMonitor.AssetDetail.ActionMenu_1
                        ]]>
                        </menuId>
                        <linkType>
                        <![CDATA[
                        Mashup
                        ]]>
                        </linkType>
                        <title>
                        <![CDATA[
                        [[PTC.SCA.SCO.AssetMonitor.AssetDetail.MonitoringProperties]]
                        ]]>
                        </title>
                    </Row>
                    <Row>
                        <linkDestination>
                        <![CDATA[
                        PTC.SCA.SCO.AssetMonitor.AssetDetail.AdditionalPropertiesContainerMashup
                        ]]>
                        </linkDestination>
                        <isDefault>false</isDefault>
                        <parentMenuId>
                        <![CDATA[
                        PTC.SCA.SCO.AssetMonitor.AssetDetail.ActionMenu
                        ]]>
                        </parentMenuId>
                        <linkTarget>
                        <![CDATA[
                        Self
                        ]]>
                        </linkTarget>
                        <imageURL></imageURL>
                        <description></description>
                        <menuId>
                        <![CDATA[
                        PTC.SCA.SCO.AssetMonitor.AssetDetail.ActionMenu_2
                        ]]>
                        </menuId>
                        <linkType>
                        <![CDATA[
                        Mashup
                        ]]>
                        </linkType>
                        <title>
                        <![CDATA[
                        [[PTC.SCA.SCO.AssetMonitor.AssetDetail.AdditionalProperties]]
                        ]]>
                        </title>
                    </Row>
                    <Row>
                        <linkDestination>
                        <![CDATA[
                        PTC.SCA.SCO.AssetRemoting.RemoteAccessMashup
                        ]]>
                        </linkDestination>
                        <isDefault>false</isDefault>
                        <parentMenuId>
                        <![CDATA[
                        PTC.SCA.SCO.AssetMonitor.AssetDetail.ActionMenu
                        ]]>
                        </parentMenuId>
                        <linkTarget>
                        <![CDATA[
                        Self
                        ]]>
                        </linkTarget>
                        <imageURL></imageURL>
                        <description></description>
                        <menuId>
                        <![CDATA[
                        PTC.SCA.SCO.AssetMonitor.AssetDetail.ActionMenu_3
                        ]]>
                        </menuId>
                        <linkType>
                        <![CDATA[
                        Mashup
                        ]]>
                        </linkType>
                        <title>
                        <![CDATA[
                        [[PTC.SCA.SCO.AssetMonitor.AssetDetail.RemoteAccess]]
                        ]]>
                        </title>
                    </Row>
                    <Row>
                        <linkDestination>
                        <![CDATA[
                        PTC.SCA.SCO.AssetRemoting.FileTransferMashup
                        ]]>
                        </linkDestination>
                        <isDefault>false</isDefault>
                        <parentMenuId>
                        <![CDATA[
                        PTC.SCA.SCO.AssetMonitor.AssetDetail.ActionMenu
                        ]]>
                        </parentMenuId>
                        <linkTarget>
                        <![CDATA[
                        Self
                        ]]>
                        </linkTarget>
                        <imageURL></imageURL>
                        <description></description>
                        <menuId>
                        <![CDATA[
                        PTC.SCA.SCO.AssetMonitor.AssetDetail.ActionMenu_4
                        ]]>
                        </menuId>
                        <linkType>
                        <![CDATA[
                        Mashup
                        ]]>
                        </linkType>
                        <title>
                        <![CDATA[
                        [[PTC.SCA.SCO.AssetMonitor.AssetDetail.FileTransfer]]
                        ]]>
                        </title>
                    </Row>
                    <Row>
                        <linkDestination>
                        <![CDATA[
                        PTC.SCA.SCO.AssetRemoting.FileTransferHistoryMashup
                        ]]>
                        </linkDestination>
                        <isDefault>false</isDefault>
                        <parentMenuId>
                        <![CDATA[
                        PTC.SCA.SCO.AssetMonitor.AssetDetail.ActionMenu
                        ]]>
                        </parentMenuId>
                        <linkTarget>
                        <![CDATA[
                        Self
                        ]]>
                        </linkTarget>
                        <imageURL></imageURL>
                        <description></description>
                        <menuId>
                        <![CDATA[
                        PTC.SCA.SCO.AssetMonitor.AssetDetail.ActionMenu_5
                        ]]>
                        </menuId>
                        <linkType>
                        <![CDATA[
                        Mashup
                        ]]>
                        </linkType>
                        <title>
                        <![CDATA[
                        [[PTC.SCA.SCO.AssetMonitor.AssetDetail.FileTransferHistory]]
                        ]]>
                        </title>
                    </Row>
                </Rows>
            </effectiveMenu>
        </Menu>
    </Menus>
</Entities>
