<?xml version="1.0" encoding="utf-8"?><Entities><ExtensionPackages><ExtensionPackage name="clusterbase-extension" description="Base for ThingWorx Analytics Manager elastic resource management" vendor="ThingWorx, a PTC Business" packageVersion="8.5.2" buildNumber="b1080" minimumThingWorxVersion="8.4.0"><JarResources><FileResource file="clusterbase-8.5.2-b1080.jar" type="JAR"></FileResource></JarResources></ExtensionPackage></ExtensionPackages>
	<DataShapes>
		<DataShape documentationContent=" " aspect.isEditableExtensionObject="false" name="TW.AnalysisServices.ClusterBase.CapacityRequestInfo" description="Holds information about the resource for which capacity is requested/returned" homeMashup="" baseDataShape="" aspect.isExtension="true" tags="TW:ClusterMgt;TW:AnalysisServices">
			<Owner name="Administrator" type="User"></Owner>
            <DesignTimePermissions>
                <Create></Create>
                <Read>
                    <Principal isPermitted="true" name="TW.AnalyticsManager.Admin" type="Group"></Principal>
                </Read>
               <Update>
                    <Principal isPermitted="false" name="TW.AnalyticsManager.Admin" type="Group"></Principal>
                </Update>
                <Delete>
                    <Principal isPermitted="false" name="TW.AnalyticsManager.Admin" type="Group"></Principal>
                </Delete>
                <Metadata></Metadata>
            </DesignTimePermissions>
            <RunTimePermissions>
                <Permissions resourceName="*">
                    <PropertyRead>
                        <Principal isPermitted="true" name="TW.AnalyticsManager.Admin" type="Group"></Principal>
                    </PropertyRead>
                    <PropertyWrite>
                        <Principal isPermitted="true" name="TW.AnalyticsManager.Admin" type="Group"></Principal>
                    </PropertyWrite>
                    <ServiceInvoke>
                        <Principal isPermitted="true" name="TW.AnalyticsManager.Admin" type="Group"></Principal>
                    </ServiceInvoke>
                    <EventInvoke>
                        <Principal isPermitted="true" name="TW.AnalyticsManager.Admin" type="Group"></Principal>
                    </EventInvoke>
                    <EventSubscribe>
                        <Principal isPermitted="true" name="TW.AnalyticsManager.Admin" type="Group"></Principal>
                    </EventSubscribe>
                </Permissions>
            </RunTimePermissions>
             <VisibilityPermissions>
                <Visibility>
                    <Principal isPermitted="true" name="TW.AnalyticsManager.AnalyticsManagerOrgUnit" type="Organization"></Principal>
                </Visibility>
            </VisibilityPermissions>
			<FieldDefinitions>
				<FieldDefinition name="ComputeResourceName" description="" baseType="STRING" ordinal="2"></FieldDefinition>
				<FieldDefinition name="AddOnData" description="" baseType="INFOTABLE" ordinal="3"></FieldDefinition>
				<FieldDefinition name="ComputeType" description="" baseType="THINGNAME" ordinal="1"></FieldDefinition>
			</FieldDefinitions>
			<ConfigurationChanges></ConfigurationChanges>
		</DataShape>
	
	</DataShapes>

	<ThingShapes>
		<ThingShape documentationContent="" aspect.isEditableExtensionObject="false" name="PTC.Capability.Analysis.ClusterBase.ClusterManageable" description="Thing shape that any resource that expects to be cluster managed should implement" className="" homeMashup="" aspect.isExtension="true" tags="TW:ClusterMgt;TW:AnalysisServices">
			<PropertyDefinitions></PropertyDefinitions>
			<ServiceDefinitions></ServiceDefinitions>
			<EventDefinitions>
				<EventDefinition name="OverCapacity" description="" category="" dataShape="TW.AnalysisServices.ClusterBase.CapacityRequestInfo"></EventDefinition>
				<EventDefinition name="NeedCapacity" description="" category="" dataShape="TW.AnalysisServices.ClusterBase.CapacityRequestInfo"></EventDefinition>
			</EventDefinitions>
			<ServiceMappings></ServiceMappings>
			<ServiceImplementations></ServiceImplementations>
			<Subscriptions></Subscriptions>
			<Owner name="Administrator" type="User"></Owner>
			<avatar></avatar>
			<DesignTimePermissions>
                <Create></Create>
                <Read>
                    <Principal isPermitted="true" name="TW.AnalyticsManager.Admin" type="Group"></Principal>
                </Read>
               <Update>
                    <Principal isPermitted="false" name="TW.AnalyticsManager.Admin" type="Group"></Principal>
                </Update>
                <Delete>
                    <Principal isPermitted="false" name="TW.AnalyticsManager.Admin" type="Group"></Principal>
                </Delete>
                <Metadata></Metadata>
            </DesignTimePermissions>
            <RunTimePermissions>
                <Permissions resourceName="*">
                    <PropertyRead>
                        <Principal isPermitted="true" name="TW.AnalyticsManager.Admin" type="Group"></Principal>
                    </PropertyRead>
                    <PropertyWrite>
                        <Principal isPermitted="true" name="TW.AnalyticsManager.Admin" type="Group"></Principal>
                    </PropertyWrite>
                    <ServiceInvoke>
                        <Principal isPermitted="true" name="TW.AnalyticsManager.Admin" type="Group"></Principal>
                    </ServiceInvoke>
                    <EventInvoke>
                        <Principal isPermitted="true" name="TW.AnalyticsManager.Admin" type="Group"></Principal>
                    </EventInvoke>
                    <EventSubscribe>
                        <Principal isPermitted="true" name="TW.AnalyticsManager.Admin" type="Group"></Principal>
                    </EventSubscribe>
                </Permissions>
            </RunTimePermissions>
			<VisibilityPermissions>
                <Visibility>
                    <Principal isPermitted="true" name="TW.AnalyticsManager.AnalyticsManagerOrgUnit" type="Organization"></Principal>
                </Visibility>
            </VisibilityPermissions>
			<ConfigurationTables></ConfigurationTables>
			<ConfigurationChanges></ConfigurationChanges>
             <InstanceRunTimePermissions>
                <Permissions resourceName="*">
                    <PropertyRead>
                        <Principal isPermitted="true" name="TW.AnalyticsManager.Admin" type="Group"></Principal>
                    </PropertyRead>
                    <PropertyWrite>
                        <Principal isPermitted="true" name="TW.AnalyticsManager.Admin" type="Group"></Principal>
                    </PropertyWrite>
                    <ServiceInvoke>
                        <Principal isPermitted="true" name="TW.AnalyticsManager.Admin" type="Group"></Principal>
                    </ServiceInvoke>
                    <EventInvoke>
                        <Principal isPermitted="true" name="TW.AnalyticsManager.Admin" type="Group"></Principal>
                    </EventInvoke>
                    <EventSubscribe>
                        <Principal isPermitted="true" name="TW.AnalyticsManager.Admin" type="Group"></Principal>
                    </EventSubscribe>
                </Permissions>
            </InstanceRunTimePermissions>
		</ThingShape>
	
	</ThingShapes>
</Entities>