<?xml version="1.0" encoding="UTF-8"?>
<Entities>
    <ExtensionPackages>
       <ExtensionPackage name="RangeSliderWidget-extension"
            description="Range Slider Widget"
            vendor="ThingWorx, a PTC Business"
			packageVersion="8.5.1"
			buildNumber="01"
            minimumThingWorxVersion="8.1.0" />
    </ExtensionPackages>
  <Widgets>
   <Widget name="rangeslider">
     <UIResources>
       <FileResource type="CSS" file="rangeslider.ide.css" isDevelopment="true" isRuntime="false"/>
       <FileResource type="JS"  file="rangeslider.ide.js" isDevelopment="true" isRuntime="false"/>
       <FileResource type="CSS" file="rangeslider.runtime.css" isDevelopment="false" isRuntime="true"/>
       <FileResource type="JS"  file="rangeslider.runtime.js" isDevelopment="false" isRuntime="true"/>
     </UIResources>
   </Widget>
  </Widgets>
</Entities>
