<?xml version="1.0" encoding="UTF-8"?>
<Entities
 build="b13"
 majorVersion="7"
 minorVersion="2"
 modelPersistenceProviderPackage="NeoPersistenceProviderPackage"
 revision="5"
 schemaVersion="920">
    <Things>
        <Thing
         aspect.isEditableExtensionObject="true"
         aspect.isExtension="true"
         description="Midnight device discovery scheduler {PTC.Factory.MidnightDeviceDiscoveryScheduler}"
         documentationContent="&lt;p&gt;&lt;br&gt;&lt;/p&gt;&#xA;"
         effectiveThingPackage="PTC.Factory.DeviceDiscoverySchedulerPackage"
         enabled="true"
         homeMashup=""
         identifier=""
         lastModifiedDate="2016-11-23T12:08:41.707Z"
         name="PTC.Factory.MidnightDeviceDiscoveryScheduler"
         projectName="PTC.SCA.SCO.KEPServerEX Monitor"
         published="false"
         tags="PTC:sca-sco-kepserverexmonitor;PTC:sca-mfg;PTC:Thing"
         thingTemplate="PTC.Factory.DeviceDiscoverySchedulerThingTemplate"
         valueStream="">
            <avatar></avatar>
            <DesignTimePermissions>
                <Create></Create>
                <Read></Read>
                <Update></Update>
                <Delete></Delete>
                <Metadata></Metadata>
            </DesignTimePermissions>
            <RunTimePermissions></RunTimePermissions>
            <VisibilityPermissions>
                <Visibility></Visibility>
            </VisibilityPermissions>
            <ConfigurationTables>
                <ConfigurationTable
                 description="General Settings"
                 isMultiRow="false"
                 name="Settings"
                 ordinal="0">
                    <DataShape>
                        <FieldDefinitions>
                            <FieldDefinition
                             aspect.defaultValue="true"
                             baseType="BOOLEAN"
                             description="Automatically enable scheduler on startup"
                             name="enabled"
                             ordinal="0"></FieldDefinition>
                            <FieldDefinition
                             baseType="USERNAME"
                             description="User context in which to run event handlers"
                             name="runAsUser"
                             ordinal="0"></FieldDefinition>
                            <FieldDefinition
                             aspect.defaultValue="0 0/1 * * * ?"
                             baseType="SCHEDULE"
                             description="Execution Schedule (Cron String)"
                             name="schedule"
                             ordinal="0"></FieldDefinition>
                        </FieldDefinitions>
                    </DataShape>
                    <Rows>
                        <Row>
                            <runAsUser>
                            <![CDATA[
                            Administrator
                            ]]>
                            </runAsUser>
                            <schedule>
                            <![CDATA[
                            0 0 0 1/1 * ? *
                            ]]>
                            </schedule>
                            <enabled>true</enabled>
                        </Row>
                    </Rows>
                </ConfigurationTable>
            </ConfigurationTables>
            <ThingShape>
                <PropertyDefinitions></PropertyDefinitions>
                <ServiceDefinitions></ServiceDefinitions>
                <EventDefinitions></EventDefinitions>
                <ServiceMappings></ServiceMappings>
                <ServiceImplementations></ServiceImplementations>
                <Subscriptions></Subscriptions>
            </ThingShape>
            <PropertyBindings></PropertyBindings>
            <RemotePropertyBindings></RemotePropertyBindings>
            <RemoteServiceBindings></RemoteServiceBindings>
            <RemoteEventBindings></RemoteEventBindings>
            <AlertConfigurations></AlertConfigurations>
            <ImplementedShapes></ImplementedShapes>
            <ThingProperties></ThingProperties>
        </Thing>
    </Things>
</Entities>
