<?xml version="1.0" encoding="UTF-8"?>
<Entities
 build="b88"
 majorVersion="8"
 minorVersion="2"
 modelPersistenceProviderPackage="PostgresPersistenceProviderPackage"
 revision="0"
 schemaVersion="1020"
 universal="">
    <Things>
        <Thing
         aspect.isEditableExtensionObject="true"
         description="Scheduler for calculate property &quot;serverStatus&quot; on KepWare Server regularly"
         documentationContent=""
         effectiveThingPackage="SchedulerThing"
         enabled="true"
         homeMashup=""
         identifier=""
         lastModifiedDate="2017-12-19T10:02:55.856-05:00"
         name="PTC.SCA.SCO.KEPServerExStatusCalculationScheduler"
         projectName="PTC.SCA.SCO.KEPServerEX Monitor"
         published="false"
         tags="PTC:sca-sco-kepserverexmonitor;PTC:factory-mv"
         thingTemplate="PTC.SCA.SCO.KEPServerExStatusCalculationSchedulerThingTemplate"
         valueStream="">
            <avatar></avatar>
            <DesignTimePermissions>
                <Create></Create>
                <Read></Read>
                <Update></Update>
                <Delete></Delete>
                <Metadata></Metadata>
            </DesignTimePermissions>
            <RunTimePermissions></RunTimePermissions>
            <VisibilityPermissions>
                <Visibility></Visibility>
            </VisibilityPermissions>
            <ConfigurationTables>
                <ConfigurationTable
                 description="General Settings"
                 isMultiRow="false"
                 name="Settings"
                 ordinal="0">
                    <DataShape>
                        <FieldDefinitions>
                            <FieldDefinition
                             aspect.defaultValue="true"
                             baseType="BOOLEAN"
                             description="Automatically enable scheduler on startup"
                             name="enabled"
                             ordinal="0"></FieldDefinition>
                            <FieldDefinition
                             baseType="USERNAME"
                             description="User context in which to run event handlers"
                             name="runAsUser"
                             ordinal="0"></FieldDefinition>
                            <FieldDefinition
                             aspect.defaultValue="0 0/1 * * * ?"
                             baseType="SCHEDULE"
                             description="Execution Schedule (Cron String)"
                             name="schedule"
                             ordinal="0"></FieldDefinition>
                        </FieldDefinitions>
                    </DataShape>
                    <Rows>
                        <Row>
                            <enabled>true</enabled>
                            <runAsUser>
                            <![CDATA[
                            Administrator
                            ]]>
                            </runAsUser>
                            <schedule>
                            <![CDATA[
                            0/15 * * * * ? *
                            ]]>
                            </schedule>
                        </Row>
                    </Rows>
                </ConfigurationTable>
            </ConfigurationTables>
            <ThingShape>
                <PropertyDefinitions></PropertyDefinitions>
                <ServiceDefinitions></ServiceDefinitions>
                <EventDefinitions></EventDefinitions>
                <ServiceMappings></ServiceMappings>
                <ServiceImplementations></ServiceImplementations>
                <Subscriptions></Subscriptions>
            </ThingShape>
            <PropertyBindings></PropertyBindings>
            <RemotePropertyBindings></RemotePropertyBindings>
            <RemoteServiceBindings></RemoteServiceBindings>
            <RemoteEventBindings></RemoteEventBindings>
            <AlertConfigurations></AlertConfigurations>
            <ImplementedShapes></ImplementedShapes>
            <ThingProperties></ThingProperties>
        </Thing>
    </Things>
</Entities>
