<?xml version="1.0" encoding="UTF-8"?>
<Entities
 build="b18"
 majorVersion="7"
 minorVersion="1"
 modelPersistenceProviderPackage="NeoPersistenceProviderPackage"
 revision="0"
 schemaVersion="910">
    <DataShapes>
        <DataShape
         aspect.isEditableExtensionObject="false"
         aspect.isExtension="true"
         baseDataShape=""
         description="Used in Create/Edit user mashup  {PTC.Resource.Factory.ThingworxGroupMemberDataShape}"
         documentationContent="&lt;p&gt;&lt;br&gt;&lt;/p&gt;&#xA;"
         homeMashup=""
         lastModifiedDate="2016-05-01T06:00:43.881Z"
         name="PTC.Resource.Factory.ThingworxGroupMemberDataShape"
         projectName="PTC.SCA.SCO.User Management"
         tags="PTC:sca-sco-usermanagement;PTC:DataShape;PTC:sca-common;PTC:UserManagement">
            <avatar></avatar>
            <DesignTimePermissions>
                <Create></Create>
                <Read></Read>
                <Update></Update>
                <Delete></Delete>
                <Metadata></Metadata>
            </DesignTimePermissions>
            <RunTimePermissions></RunTimePermissions>
            <VisibilityPermissions>
                <Visibility>
                    <Principal
                     isPermitted="true"
                     name="PTC.Factory.MachineVisibility"
                     type="Organization"></Principal>
                </Visibility>
            </VisibilityPermissions>
            <ConfigurationTables></ConfigurationTables>
            <FieldDefinitions>
                <FieldDefinition
                 baseType="STRING"
                 description=""
                 name="groupName"
                 ordinal="1"></FieldDefinition>
                <FieldDefinition
                 baseType="BOOLEAN"
                 description=""
                 name="isSelected"
                 ordinal="2"></FieldDefinition>
            </FieldDefinitions>
        </DataShape>
    </DataShapes>
</Entities>
