<?xml version="1.0" encoding="UTF-8"?>
<Entities
 build="b18"
 majorVersion="7"
 minorVersion="1"
 modelPersistenceProviderPackage="NeoPersistenceProviderPackage"
 revision="0"
 schemaVersion="910">
    <DataShapes>
        <DataShape
         aspect.isEditableExtensionObject="false"
         aspect.isExtension="true"
         baseDataShape=""
         description="Data shape for resources provided by PTC.Resource.Factory.ThingworxUserResourceProvider {PTC.Resource.Factory.ThingworxUserTemplateDataShape}"
         documentationContent="&lt;p&gt;&lt;br&gt;&lt;/p&gt;&#xA;"
         homeMashup=""
         lastModifiedDate="2016-05-01T06:00:00.581Z"
         name="PTC.Resource.Factory.ThingworxUserTemplateDataShape"
         projectName="PTC.SCA.SCO.User Management"
         tags="PTC:sca-sco-usermanagement;PTC:DataShape;PTC:sca-common;PTC:UserManagement">
            <avatar></avatar>
            <DesignTimePermissions>
                <Create></Create>
                <Read></Read>
                <Update></Update>
                <Delete></Delete>
                <Metadata></Metadata>
            </DesignTimePermissions>
            <RunTimePermissions></RunTimePermissions>
            <VisibilityPermissions>
                <Visibility>
                    <Principal
                     isPermitted="true"
                     name="PTC.Factory.MachineVisibility"
                     type="Organization"></Principal>
                </Visibility>
            </VisibilityPermissions>
            <ConfigurationTables></ConfigurationTables>
            <FieldDefinitions>
                <FieldDefinition
                 baseType="STRING"
                 description=""
                 name="displayLanguage"
                 ordinal="0"></FieldDefinition>
                <FieldDefinition
                 baseType="STRING"
                 description=""
                 name="emailAddress"
                 ordinal="0"></FieldDefinition>
                <FieldDefinition
                 baseType="STRING"
                 description=""
                 name="firstName"
                 ordinal="0"></FieldDefinition>
                <FieldDefinition
                 baseType="STRING"
                 description="groupName of the user"
                 name="groupName"
                 ordinal="17"></FieldDefinition>
                <FieldDefinition
                 aspect.dataShape="PTC.Resource.Factory.ThingworxGroupMemberDataShape"
                 baseType="INFOTABLE"
                 description=""
                 name="groups"
                 ordinal="0"></FieldDefinition>
                <FieldDefinition
                 baseType="MASHUPNAME"
                 description=""
                 name="homeMashup"
                 ordinal="0"></FieldDefinition>
                <FieldDefinition
                 baseType="STRING"
                 description=""
                 name="homePhone"
                 ordinal="0"></FieldDefinition>
                <FieldDefinition
                 baseType="STRING"
                 description=""
                 name="language"
                 ordinal="0"></FieldDefinition>
                <FieldDefinition
                 baseType="STRING"
                 description=""
                 name="lastName"
                 ordinal="0"></FieldDefinition>
                <FieldDefinition
                 baseType="STRING"
                 description=""
                 name="middleName"
                 ordinal="0"></FieldDefinition>
                <FieldDefinition
                 baseType="MASHUPNAME"
                 description=""
                 name="mobileMashup"
                 ordinal="0"></FieldDefinition>
                <FieldDefinition
                 baseType="STRING"
                 description=""
                 name="mobilePhone"
                 ordinal="0"></FieldDefinition>
                <FieldDefinition
                 baseType="STRING"
                 description=""
                 name="name"
                 ordinal="0"></FieldDefinition>
                <FieldDefinition
                 baseType="STRING"
                 description=""
                 name="password"
                 ordinal="0"></FieldDefinition>
                <FieldDefinition
                 baseType="STRING"
                 description=""
                 name="confirmationPassword"
                 ordinal="0"></FieldDefinition>
                <FieldDefinition
                 baseType="STRING"
                 description=""
                 name="smsAddress"
                 ordinal="0"></FieldDefinition>
                <FieldDefinition
                 aspect.tagType="ModelTags"
                 baseType="TAGS"
                 description="tags"
                 name="tags"
                 ordinal="0"></FieldDefinition>
                <FieldDefinition
                 baseType="STRING"
                 description=""
                 name="title"
                 ordinal="0"></FieldDefinition>
                <FieldDefinition
                 baseType="STRING"
                 description=""
                 name="workPhone"
                 ordinal="0"></FieldDefinition>
            </FieldDefinitions>
        </DataShape>
    </DataShapes>
</Entities>
