<?xml version="1.0" encoding="UTF-8"?>
<Entities>
	<ExtensionPackages>
		<ExtensionPackage name="CommonUtilities_ExtensionPackage"
						  description="Common utility functions used by a variety of widgets"
						  vendor="ThingWorx Customer Service"
						  packageVersion="1.0.10" 
						  minimumThingWorxVersion="6.0.0" />
	</ExtensionPackages>
	<Widgets>
		<Widget name="commonutilities">
			<UIResources>
				<!-- Runtime/Squeal ONLY -->
				<FileResource type="CSS" file="commonutilities.runtime.css" description="" isDevelopment="true" isRuntime="true" />
				<FileResource type="JS" file="commonutilities.runtime.js" description="" isDevelopment="true" isRuntime="true" />
				<FileResource type="JS" file="fastclick.js" description="" isDevelopment="true" isRuntime="true" />
				<FileResource type="JS" file="highlight.pack.js" description="" isDevelopment="true" isRuntime="false" />
			</UIResources>
		</Widget>
	</Widgets>
</Entities>