<?xml version="1.0" encoding="UTF-8" standalone="no"?>
<Entities build="latest" majorVersion="0" minorVersion="0" revision="0" schemaVersion="931">
  <ThingTemplates>
    <ThingTemplate aspect.isExtension="true" description="" name="RemoteViewerManagerTemplate" tags="Applications:RemoteAccess"
                   thingPackage="RemoteViewerManagerPackage" valueStream="">
      <avatar/>
      <DesignTimePermissions>
        <Create/>
        <Read/>
        <Update/>
        <Delete/>
        <Metadata/>
      </DesignTimePermissions>
      <RunTimePermissions/>
      <VisibilityPermissions>
        <Visibility/>
      </VisibilityPermissions>
      <ConfigurationTables/>
      <PropertyBindings/>
      <RemotePropertyBindings/>
      <RemoteServiceBindings/>
      <RemoteEventBindings/>
      <AlertConfigurations/>
      <ThingShape>
        <PropertyDefinitions/>
        <ServiceDefinitions/>
        <EventDefinitions/>
        <ServiceMappings/>
        <ServiceImplementations/>
        <Subscriptions/>
      </ThingShape>
      <ImplementedShapes/>
      <SharedConfigurationTables/>
      <InstanceDesignTimePermissions>
        <Create/>
        <Read/>
        <Update/>
        <Delete/>
        <Metadata/>
      </InstanceDesignTimePermissions>
      <InstanceRunTimePermissions/>
      <InstanceVisibilityPermissions>
        <Visibility/>
      </InstanceVisibilityPermissions>
      <ConfigurationChanges/>
    </ThingTemplate>
  </ThingTemplates>
</Entities>