<?xml version="1.0" encoding="UTF-8"?>
<Entities
 build="b198"
 majorVersion="8"
 minorVersion="3"
 modelPersistenceProviderPackage="PostgresPersistenceProviderPackage"
 revision="0"
 schemaVersion="1030"
 universal="">
    <StyleDefinitions>
        <StyleDefinition
         description="Define the style of the left grey bar of the job order list"
         documentationContent=""
         homeMashup=""
         lastModifiedDate="2018-04-30T15:25:31.069-04:00"
         name="PTC.SCA.SCO.JobOrder.GreyBarWithGreyLineStyleDefinition"
         projectName=""
         tags="PTC:OA;PTC:StyleDefinition">
            <avatar></avatar>
            <DesignTimePermissions>
                <Create></Create>
                <Read></Read>
                <Update></Update>
                <Delete></Delete>
                <Metadata></Metadata>
            </DesignTimePermissions>
            <RunTimePermissions></RunTimePermissions>
            <VisibilityPermissions>
                <Visibility></Visibility>
            </VisibilityPermissions>
            <ConfigurationTables></ConfigurationTables>
            <content>
            <![CDATA[
            {
              "backgroundColor" : "#f2f4f4",
              "displayString" : "",
              "fontEmphasisBold" : false,
              "fontEmphasisItalic" : false,
              "fontEmphasisUnderline" : false,
              "foregroundColor" : "",
              "image" : "",
              "lineColor" : "#d9dfdf",
              "lineStyle" : "solid",
              "lineThickness" : 1,
              "secondaryBackgroundColor" : "",
              "textSize" : "normal"
            }
            ]]>
            </content>
        </StyleDefinition>
    </StyleDefinitions>
</Entities>
