<?xml version="1.0" encoding="UTF-8"?>
<Entities>
    <LocalizationTables>
        <LocalizationTable
         description="ru localization table"
         homeMashup=""
         name="ru"
         tags="PTC:factory-mv">
            <avatar></avatar>
            <DesignTimePermissions>
                <Create></Create>
                <Read></Read>
                <Update></Update>
                <Delete></Delete>
                <Metadata></Metadata>
            </DesignTimePermissions>
            <RunTimePermissions></RunTimePermissions>
            <VisibilityPermissions>
                <Visibility>
                    <Principal
                     isPermitted="true"
                     name="PTC.Factory.MachineVisibility"
                     type="Organization"></Principal>
                </Visibility>
            </VisibilityPermissions>
            <ConfigurationTables>
                <ConfigurationTable
                 description="Localization Tokens"
                 isMultiRow="true"
                 name="LocalizationTokens"
                 ordinal="0">
                    <DataShape>
                        <FieldDefinitions>
                            <FieldDefinition
                             aspect.friendlyName="Translation context"
                             baseType="STRING"
                             description="Translation context"
                             name="context"
                             ordinal="3"></FieldDefinition>
                            <FieldDefinition
                             aspect.friendlyName="Token name"
                             baseType="STRING"
                             description="Token name"
                             name="name"
                             ordinal="0"></FieldDefinition>
                            <FieldDefinition
                             aspect.friendlyName="Token usage"
                             baseType="STRING"
                             description="Token usage"
                             name="usage"
                             ordinal="2"></FieldDefinition>
                            <FieldDefinition
                             aspect.friendlyName="Localized value"
                             baseType="STRING"
                             description="Localized value"
                             name="value"
                             ordinal="1"></FieldDefinition>
                        </FieldDefinitions>
                    </DataShape>
                    <Rows>
                        <Row>
                            <name>
                            <![CDATA[
                            PTC.Factory.Administration.IncorrectEmailAddress
                            ]]>
                            </name>
                            <value>
                            <![CDATA[
                            Неправильный адрес {0}, укажите правильный адрес электронной почты.
                            ]]>
                            </value>
                        </Row>
                        <Row>
                            <name>
                            <![CDATA[
                            PTC.Factory.Administration.EmailAddressExists
                            ]]>
                            </name>
                            <value>
                            <![CDATA[
                            Адрес {0} уже существует, укажите новый адрес.
                            ]]>
                            </value>
                        </Row>
                        <Row>
                            <name>
                            <![CDATA[
                            PTC.Factory.Administration.IncorrectPhoneNumber
                            ]]>
                            </name>
                            <value>
                            <![CDATA[
                            Неправильный номер телефона {0}, укажите правильный номер телефона.
                            ]]>
                            </value>
                        </Row>
                        <Row>
                            <name>
                            <![CDATA[
                            PTC.Factory.Administration.DeleteUserLabel
                            ]]>
                            </name>
                            <value>
                            <![CDATA[
                            Удалить {0}, {1}?
                            ]]>
                            </value>
                        </Row>
                        <Row>
                            <name>
                            <![CDATA[
                            PTC.Factory.DeleteServerMessage
                            ]]>
                            </name>
                            <value>
                            <![CDATA[
                            Удалить соединение  {0}? При удалении соединения сущности, такие как активы, тенденции и т.п., ссылающиеся на сервер, потеряют подключение к данным.
                            ]]>
                            </value>
                        </Row>
                        <Row>
                            <name>
                            <![CDATA[
                            PTC.Factory.DeleteAggregateServerMessage
                            ]]>
                            </name>
                            <value>
                            <![CDATA[
                            При удалении данного агрегатора все подключенные устаревшие серверы и серверы OPC, не принадлежащие Kepware, удаляются из списка Соединения. Также сущности (активы, тенденции и т.п.), ссылающиеся на сервер, потеряют подключение к данным.
                            ]]>
                            </value>
                        </Row>
                        <Row>
                            <name>
                            <![CDATA[
                            PTC.Factory.Administration.DELETE_USER.TITLE
                            ]]>
                            </name>
                            <value>
                            <![CDATA[
                            УДАЛИТЬ ПОЛЬЗОВАТЕЛЯ
                            ]]>
                            </value>
                        </Row>
                        <Row>
                            <name>
                            <![CDATA[
                            PTC.Factory.Administration.CREATE_USER.TITLE
                            ]]>
                            </name>
                            <value>
                            <![CDATA[
                            СОЗДАТЬ ПОЛЬЗОВАТЕЛЯ
                            ]]>
                            </value>
                        </Row>
                        <Row>
                            <name>
                            <![CDATA[
                            PTC.Factory.Administration.EDIT_USER.TITLE
                            ]]>
                            </name>
                            <value>
                            <![CDATA[
                            ИЗМЕНИТЬ ПОЛЬЗОВАТЕЛЯ
                            ]]>
                            </value>
                        </Row>
                        <Row>
                            <name>
                            <![CDATA[
                            PTC.Factory.DeleteConnectionTitle
                            ]]>
                            </name>
                            <value>
                            <![CDATA[
                            УДАЛИТЬ СОЕДИНЕНИЕ
                            ]]>
                            </value>
                        </Row>
                        <Row>
                            <name>
                            <![CDATA[
                            PTC.Factory.UserManager.Title
                            ]]>
                            </name>
                            <value>
                            <![CDATA[
                            УПРАВЛЕНИЕ ПОЛЬЗОВАТЕЛЯМИ И ДОСТУПОМ
                            ]]>
                            </value>
                        </Row>
                        <Row>
                            <name>
                            <![CDATA[
                            PTC.Factory.Administration.DELETE_USER.TOOLTIP
                            ]]>
                            </name>
                            <value>
                            <![CDATA[
                            Удалить пользователя
                            ]]>
                            </value>
                        </Row>
                        <Row>
                            <name>
                            <![CDATA[
                            PTC.Factory.Administration.NEW_USER.TOOLTIP
                            ]]>
                            </name>
                            <value>
                            <![CDATA[
                            Создать пользователя
                            ]]>
                            </value>
                        </Row>
                        <Row>
                            <name>
                            <![CDATA[
                            PTC.Factory.Administration.EDIT_USER.TOOLTIP
                            ]]>
                            </name>
                            <value>
                            <![CDATA[
                            Изменить пользователя
                            ]]>
                            </value>
                        </Row>
                        <Row>
                            <name>
                            <![CDATA[
                            PTC.Factory.Administration.User
                            ]]>
                            </name>
                            <value>
                            <![CDATA[
                            Пользователь
                            ]]>
                            </value>
                        </Row>
                        <Row>
                            <name>
                            <![CDATA[
                            PTC.Factory.Administration.Contact Information
                            ]]>
                            </name>
                            <value>
                            <![CDATA[
                            Контактные данные
                            ]]>
                            </value>
                        </Row>
                        <Row>
                            <name>
                            <![CDATA[
                            PTC.Factory.Administration.Security
                            ]]>
                            </name>
                            <value>
                            <![CDATA[
                            Безопасность
                            ]]>
                            </value>
                        </Row>
                        <Row>
                            <name>
                            <![CDATA[
                            PTC.Factory.Administration.Role Assignment
                            ]]>
                            </name>
                            <value>
                            <![CDATA[
                            Назначение роли
                            ]]>
                            </value>
                        </Row>
                        <Row>
                            <name>
                            <![CDATA[
                            PTC.Factory.Administration.First Name
                            ]]>
                            </name>
                            <value>
                            <![CDATA[
                            Имя
                            ]]>
                            </value>
                        </Row>
                        <Row>
                            <name>
                            <![CDATA[
                            PTC.Factory.Administration.Last Name
                            ]]>
                            </name>
                            <value>
                            <![CDATA[
                            Фамилия
                            ]]>
                            </value>
                        </Row>
                        <Row>
                            <name>
                            <![CDATA[
                            PTC.Factory.Administration.Name
                            ]]>
                            </name>
                            <value>
                            <![CDATA[
                            Имя пользователя
                            ]]>
                            </value>
                        </Row>
                        <Row>
                            <name>
                            <![CDATA[
                            PTC.Factory.Administration.First Name.input
                            ]]>
                            </name>
                            <value>
                            <![CDATA[
                            Имя *
                            ]]>
                            </value>
                        </Row>
                        <Row>
                            <name>
                            <![CDATA[
                            PTC.Factory.Administration.Last Name.input
                            ]]>
                            </name>
                            <value>
                            <![CDATA[
                            Фамилия *
                            ]]>
                            </value>
                        </Row>
                        <Row>
                            <name>
                            <![CDATA[
                            PTC.Factory.Administration.Name.input
                            ]]>
                            </name>
                            <value>
                            <![CDATA[
                            Имя пользователя *
                            ]]>
                            </value>
                        </Row>
                        <Row>
                            <name>
                            <![CDATA[
                            PTC.Factory.Administration.Password.input
                            ]]>
                            </name>
                            <value>
                            <![CDATA[
                            Пароль *
                            ]]>
                            </value>
                        </Row>
                        <Row>
                            <name>
                            <![CDATA[
                            PTC.Factory.Administration.Confirm Password.input
                            ]]>
                            </name>
                            <value>
                            <![CDATA[
                            Подтвердите пароль *
                            ]]>
                            </value>
                        </Row>
                        <Row>
                            <name>
                            <![CDATA[
                            PTC.Factory.Administration.EmailInput
                            ]]>
                            </name>
                            <value>
                            <![CDATA[
                            Электронная почта *
                            ]]>
                            </value>
                        </Row>
                        <Row>
                            <name>
                            <![CDATA[
                            PTC.Factory.Administration.Email
                            ]]>
                            </name>
                            <value>
                            <![CDATA[
                            Электронная почта
                            ]]>
                            </value>
                        </Row>
                        <Row>
                            <name>
                            <![CDATA[
                            PTC.Factory.Administration.Mobile Phone
                            ]]>
                            </name>
                            <value>
                            <![CDATA[
                            Мобильный телефон
                            ]]>
                            </value>
                        </Row>
                        <Row>
                            <name>
                            <![CDATA[
                            PTC.Factory.Administration.SMS Address
                            ]]>
                            </name>
                            <value>
                            <![CDATA[
                            Адрес SMS
                            ]]>
                            </value>
                        </Row>
                        <Row>
                            <name>
                            <![CDATA[
                            PTC.Factory.Administration.WorkPhoneInput
                            ]]>
                            </name>
                            <value>
                            <![CDATA[
                            Рабочий телефон *
                            ]]>
                            </value>
                        </Row>
                        <Row>
                            <name>
                            <![CDATA[
                            PTC.Factory.Administration.WorkPhone
                            ]]>
                            </name>
                            <value>
                            <![CDATA[
                            Рабочий телефон
                            ]]>
                            </value>
                        </Row>
                        <Row>
                            <name>
                            <![CDATA[
                            PTC.Factory.Administration.Notification Preference
                            ]]>
                            </name>
                            <value>
                            <![CDATA[
                            Предпочтения об уведомлениях
                            ]]>
                            </value>
                        </Row>
                        <Row>
                            <name>
                            <![CDATA[
                            PTC.Factory.Administration.SMS
                            ]]>
                            </name>
                            <value>
                            <![CDATA[
                            SMS
                            ]]>
                            </value>
                        </Row>
                        <Row>
                            <name>
                            <![CDATA[
                            PTC.Factory.Administration.groupName
                            ]]>
                            </name>
                            <value>
                            <![CDATA[
                            Назначенная роль
                            ]]>
                            </value>
                        </Row>
                        <Row>
                            <name>
                            <![CDATA[
                            PTC.Factory.Administration.Password
                            ]]>
                            </name>
                            <value>
                            <![CDATA[
                            Пароль
                            ]]>
                            </value>
                        </Row>
                        <Row>
                            <name>
                            <![CDATA[
                            PTC.Factory.Administration.Language
                            ]]>
                            </name>
                            <value>
                            <![CDATA[
                            Язык
                            ]]>
                            </value>
                        </Row>
                        <Row>
                            <name>
                            <![CDATA[
                            PTC.Factory.Administration.WarningDeleteYourSelfNotAllowed
                            ]]>
                            </name>
                            <value>
                            <![CDATA[
                            Внимание. Вы не можете удалить самого себя.
                            ]]>
                            </value>
                        </Row>
                        <Row>
                            <name>
                            <![CDATA[
                            PTC.Factory.Administration.WarningUserAlreadyExist
                            ]]>
                            </name>
                            <value>
                            <![CDATA[
                            Внимание. Данное имя пользователя уже существует, поэтому оно не может использоваться.
                            ]]>
                            </value>
                        </Row>
                        <Row>
                            <name>
                            <![CDATA[
                            PTC.Factory.Administration.WarningPasswordTooShort
                            ]]>
                            </name>
                            <value>
                            <![CDATA[
                            Внимание. Пароль должен содержать не менее {0} симв.
                            ]]>
                            </value>
                        </Row>
                        <Row>
                            <name>
                            <![CDATA[
                            PTC.Factory.Administration.CreateUserInfoMissing
                            ]]>
                            </name>
                            <value>
                            <![CDATA[
                            Внимание. Следующие поля являются обязательными для заполнения: Имя пользователя, Имя, Фамилия, Электронная почта, Рабочий телефон, Пароль и Подтвердите пароль.
                            ]]>
                            </value>
                        </Row>
                        <Row>
                            <name>
                            <![CDATA[
                            PTC.Factory.Administration.EditUserInfoMissing
                            ]]>
                            </name>
                            <value>
                            <![CDATA[
                            Внимание. Следующие поля являются обязательными для заполнения: Имя пользователя, Имя, Фамилия, Электронная почта и Рабочий телефон.
                            ]]>
                            </value>
                        </Row>
                        <Row>
                            <name>
                            <![CDATA[
                            PTC.Factory.Administration.PasswordNotMatching
                            ]]>
                            </name>
                            <value>
                            <![CDATA[
                            Внимание. Поля Пароль и Подтвердите пароль должны совпадать.
                            ]]>
                            </value>
                        </Row>
                        <Row>
                            <name>
                            <![CDATA[
                            PTC.Factory.Administration.UserInfoMaxSizeExceeded
                            ]]>
                            </name>
                            <value>
                            <![CDATA[
                            Внимание. Максимальное количество символов в каждом поле составляет 255.
                            ]]>
                            </value>
                        </Row>
                        <Row>
                            <name>
                            <![CDATA[
                            PTC.Factory.Administration.RemoveControlsEngineerNotAllowed
                            ]]>
                            </name>
                            <value>
                            <![CDATA[
                            Внимание. Вы не можете удалить себя с роли инженера систем управления.
                            ]]>
                            </value>
                        </Row>
                        <Row>
                            <name>
                            <![CDATA[
                            PTC.Factory.Administration.MobilePhoneFieldIfMobilePreferenceSelected
                            ]]>
                            </name>
                            <value>
                            <![CDATA[
                            Введите номер мобильного телефона для получения SMS-уведомления.
                            ]]>
                            </value>
                        </Row>
                        <Row>
                            <name>
                            <![CDATA[
                            PTC.Factory.Administration.NoSystemInfo
                            ]]>
                            </name>
                            <value>
                            <![CDATA[
                            Не удается получить сведения о системе
                            ]]>
                            </value>
                        </Row>
                        <Row>
                            <name>
                            <![CDATA[
                            PTC.Factory.ConnectionStatus
                            ]]>
                            </name>
                            <value>
                            <![CDATA[
                            Состояние подключения
                            ]]>
                            </value>
                        </Row>
                        <Row>
                            <name>
                            <![CDATA[
                            PTC.SCA.SCO.ConnectionPublishFloor_ms
                            ]]>
                            </name>
                            <value>
                            <![CDATA[
                            Подключение основания публикации (мс)
                            ]]>
                            </value>
                        </Row>
                        <Row>
                            <name>
                            <![CDATA[
                            PTC.SCA.SCO.ConnectionPublishFloor
                            ]]>
                            </name>
                            <value>
                            <![CDATA[
                            Подключение основания публикации
                            ]]>
                            </value>
                        </Row>
                        <Row>
                            <name>
                            <![CDATA[
                            PTC.SCA.SCO.ms
                            ]]>
                            </name>
                            <value>
                            <![CDATA[
                            мс
                            ]]>
                            </value>
                        </Row>
                        <Row>
                            <name>
                            <![CDATA[
                            PTC.Factory.Tags.Tag Name
                            ]]>
                            </name>
                            <value>
                            <![CDATA[
                            Имя тега
                            ]]>
                            </value>
                        </Row>
                        <Row>
                            <name>
                            <![CDATA[
                            PTC.Factory.Tags.Source
                            ]]>
                            </name>
                            <value>
                            <![CDATA[
                            Источник
                            ]]>
                            </value>
                        </Row>
                        <Row>
                            <name>
                            <![CDATA[
                            PTC.Factory.Tags.Select Server
                            ]]>
                            </name>
                            <value>
                            <![CDATA[
                            Выбрать сервер
                            ]]>
                            </value>
                        </Row>
                        <Row>
                            <name>
                            <![CDATA[
                            PTC.Factory.Tags.Server Structure
                            ]]>
                            </name>
                            <value>
                            <![CDATA[
                            Структура сервера
                            ]]>
                            </value>
                        </Row>
                        <Row>
                            <name>
                            <![CDATA[
                            PTC.Factory.DeleteConnectionLabel
                            ]]>
                            </name>
                            <value>
                            <![CDATA[
                            Удалить соединение
                            ]]>
                            </value>
                        </Row>
                        <Row>
                            <name>
                            <![CDATA[
                            PTC.Factory.EditConnectionPopupLabel
                            ]]>
                            </name>
                            <value>
                            <![CDATA[
                            ИЗМЕНИТЬ СОЕДИНЕНИЕ
                            ]]>
                            </value>
                        </Row>
                        <Row>
                            <name>
                            <![CDATA[
                            PTC.Factory.SelectTagLimit
                            ]]>
                            </name>
                            <value>
                            <![CDATA[
                            Выберите не более 5
                            ]]>
                            </value>
                        </Row>
                        <Row>
                            <name>
                            <![CDATA[
                            PTC.Factory.LabelForRoles
                            ]]>
                            </name>
                            <value>
                            <![CDATA[
                            Роли
                            ]]>
                            </value>
                        </Row>
                        <Row>
                            <name>
                            <![CDATA[
                            PTC.Factory.DataRates
                            ]]>
                            </name>
                            <value>
                            <![CDATA[
                            Скорость сведений
                            ]]>
                            </value>
                        </Row>
                        <Row>
                            <name>
                            <![CDATA[
                            PTC.Factory.ChangePassword
                            ]]>
                            </name>
                            <value>
                            <![CDATA[
                            Изменить пароль
                            ]]>
                            </value>
                        </Row>
                        <Row>
                            <name>
                            <![CDATA[
                            PTC.Factory.Export.ExportConfigurationAndData
                            ]]>
                            </name>
                            <value>
                            <![CDATA[
                            Экспортировать конфигурацию и сведения
                            ]]>
                            </value>
                        </Row>
                        <Row>
                            <name>
                            <![CDATA[
                            PTC.Factory.Export.ExportConfigurationTitle
                            ]]>
                            </name>
                            <value>
                            <![CDATA[
                            ЭКСПОРТИРОВАТЬ КОНФИГУРАЦИЮ И СВЕДЕНИЯ
                            ]]>
                            </value>
                        </Row>
                        <Row>
                            <name>
                            <![CDATA[
                            PTC.Factory.Export.IncludeData
                            ]]>
                            </name>
                            <value>
                            <![CDATA[
                            Включить сведения
                            ]]>
                            </value>
                        </Row>
                        <Row>
                            <name>
                            <![CDATA[
                            PTC.Factory.Export.ExportLabel
                            ]]>
                            </name>
                            <value>
                            <![CDATA[
                            Экспортировать
                            ]]>
                            </value>
                        </Row>
                        <Row>
                            <name>
                            <![CDATA[
                            PTC.Factory.Export.DownloadLinkLabel
                            ]]>
                            </name>
                            <value>
                            <![CDATA[
                            ссылка для загрузки
                            ]]>
                            </value>
                        </Row>
                        <Row>
                            <name>
                            <![CDATA[
                            PTC.Factory.Export.DownloadMessage
                            ]]>
                            </name>
                            <value>
                            <![CDATA[
                            Экспортирование выполнено успешно. Щелкните здесь, чтобы загрузить.
                            ]]>
                            </value>
                        </Row>
                        <Row>
                            <name>
                            <![CDATA[
                            PTC.Factory.Export.ExportConfirmationTitle
                            ]]>
                            </name>
                            <value>
                            <![CDATA[
                            ЭКСПОРТИРОВАТЬ?
                            ]]>
                            </value>
                        </Row>
                        <Row>
                            <name>
                            <![CDATA[
                            PTC.Factory.Export.ExportConfirmationMessage
                            ]]>
                            </name>
                            <value>
                            <![CDATA[
                            Экспортирование может занять некоторое время и может замедлить производительность. Вы можете покинуть эту страницу. Процесс экспортирования будет выполняться в фоновом режиме, и по окончании операции будет отображена ссылка для загрузки.
                            ]]>
                            </value>
                        </Row>
                        <Row>
                            <name>
                            <![CDATA[
                            PTC.Factory.Export.ExportSuccessMessage
                            ]]>
                            </name>
                            <value>
                            <![CDATA[
                            Экспортирование выполнено успешно.
                            ]]>
                            </value>
                        </Row>
                        <Row>
                            <name>
                            <![CDATA[
                            PTC.Factory.Export.ExportDoneWithErrorMessage
                            ]]>
                            </name>
                            <value>
                            <![CDATA[
                            Экспортирование завершено с ошибками.
                            ]]>
                            </value>
                        </Row>
                        <Row>
                            <name>
                            <![CDATA[
                            PTC.Factory.Export.CheckLogMessage
                            ]]>
                            </name>
                            <value>
                            <![CDATA[
                            Проверьте журнал на состояние {0}
                            ]]>
                            </value>
                        </Row>
                        <Row>
                            <name>
                            <![CDATA[
                            PTC.Factory.Export.TaskPrefix
                            ]]>
                            </name>
                            <value>
                            <![CDATA[
                            Задание-
                            ]]>
                            </value>
                        </Row>
                        <Row>
                            <name>
                            <![CDATA[
                            PTC.Factory.Import.StartMessage
                            ]]>
                            </name>
                            <value>
                            <![CDATA[
                            Импорт объектов и данных отправлен на обработку. Проверьте состояние завершения {0} в журнале
                            ]]>
                            </value>
                        </Row>
                        <Row>
                            <name>
                            <![CDATA[
                            PTC.Factory.Import.EndMessage
                            ]]>
                            </name>
                            <value>
                            <![CDATA[
                            Импорт объектов и данных завершен.
                            ]]>
                            </value>
                        </Row>
                        <Row>
                            <name>
                            <![CDATA[
                            PTC.Factory.Import.CheckLogMessage
                            ]]>
                            </name>
                            <value>
                            <![CDATA[
                            Проверьте состояние завершения {0} в журнале
                            ]]>
                            </value>
                        </Row>
                        <Row>
                            <name>
                            <![CDATA[
                            PTC.Factory.Import.AbortMessage
                            ]]>
                            </name>
                            <value>
                            <![CDATA[
                            Импорт объектов и данных прерван. Проверьте состояние завершения импорта в журнале
                            ]]>
                            </value>
                        </Row>
                        <Row>
                            <name>
                            <![CDATA[
                            PTC.Factory.Import.ErrortMessage
                            ]]>
                            </name>
                            <value>
                            <![CDATA[
                            Задание завершено с ошибками.
                            ]]>
                            </value>
                        </Row>
                        <Row>
                            <name>
                            <![CDATA[
                            PTC.Factory.Import.WorkInBackgroundMessage
                            ]]>
                            </name>
                            <value>
                            <![CDATA[
                            Импорт объектов и данных выполняется в фоновом режиме.
                            ]]>
                            </value>
                        </Row>
                        <Row>
                            <name>
                            <![CDATA[
                            PTC.Factory.Import.DeleteErrorMessage
                            ]]>
                            </name>
                            <value>
                            <![CDATA[
                            Ошибка при удалении импортированного файла. Удалите его вручную. Импортированный файл: {0}
                            ]]>
                            </value>
                        </Row>
                        <Row>
                            <name>
                            <![CDATA[
                            PTC.Factory.Import.GetLinkErrorMessage
                            ]]>
                            </name>
                            <value>
                            <![CDATA[
                            Исключение при вызове getUploadFileLink.
                            ]]>
                            </value>
                        </Row>
                        <Row>
                            <name>
                            <![CDATA[
                            PTC.Factory.Import.TaskPrefix
                            ]]>
                            </name>
                            <value>
                            <![CDATA[
                            Задание-
                            ]]>
                            </value>
                        </Row>
                        <Row>
                            <name>
                            <![CDATA[
                            PTC.Factory.Import.MaxAllowableMessage
                            ]]>
                            </name>
                            <value>
                            <![CDATA[
                            Не удается начать импорт объектов и данных. Достигнуто максимально допустимое количество выполняющихся объектов и данных. Повторите попытку позже.
                            ]]>
                            </value>
                        </Row>
                        <Row>
                            <name>
                            <![CDATA[
                            PTC.Factory.Import.ImportTitle
                            ]]>
                            </name>
                            <value>
                            <![CDATA[
                            ИМПОРТИРОВАТЬ КОНФИГУРАЦИЮ И СВЕДЕНИЯ
                            ]]>
                            </value>
                        </Row>
                        <Row>
                            <name>
                            <![CDATA[
                            PTC.Factory.Import.Import
                            ]]>
                            </name>
                            <value>
                            <![CDATA[
                            ИМПОРТИРОВАТЬ?
                            ]]>
                            </value>
                        </Row>
                        <Row>
                            <name>
                            <![CDATA[
                            PTC.Factory.Import.ImportConfirmationMessage
                            ]]>
                            </name>
                            <value>
                            <![CDATA[
                            Импорт может занять некоторое время и может замедлить производительность. Вы можете покинуть эту страницу. Импорт будет выполняться в фоновом режиме, и по окончании операции будет отображено сообщение о состоянии.
                            ]]>
                            </value>
                        </Row>
                        <Row>
                            <name>
                            <![CDATA[
                            PTC.Factory.Import.FileNameErrortMessage
                            ]]>
                            </name>
                            <value>
                            <![CDATA[
                            Выберите правильный файл.
                            ]]>
                            </value>
                        </Row>
                        <Row>
                            <name>
                            <![CDATA[
                            PTC.Factory.Import.ImportMenu
                            ]]>
                            </name>
                            <value>
                            <![CDATA[
                            Импортировать конфигурацию и сведения
                            ]]>
                            </value>
                        </Row>
                        <Row>
                            <name>
                            <![CDATA[
                            PTC.Factory.UpdateLicense_LicenseExpired
                            ]]>
                            </name>
                            <value>
                            <![CDATA[
                            Срок действия вашей лицензии истек.
                            ]]>
                            </value>
                        </Row>
                        <Row>
                            <name>
                            <![CDATA[
                            PTC.Factory.UpdateLicense_LicenseExpiringInNextFewDays
                            ]]>
                            </name>
                            <value>
                            <![CDATA[
                            Срок действия вашей лицензии истечет через {0} дн.
                            ]]>
                            </value>
                        </Row>
                        <Row>
                            <name>
                            <![CDATA[
                            PTC.Factory.UpdateLicense_LicenseExpiringInNextFewDays_ServiceApp
                            ]]>
                            </name>
                            <value>
                            <![CDATA[
                            <span style='color:#ed684a'><b>Срок действия вашей лицензии истекает через {0} дн.</b></span>
                            ]]>
                            </value>
                        </Row>
                        <Row>
                            <name>
                            <![CDATA[
                            PTC.Factory.Console_LicenseExpirationInfo.OneDay_ServiceApp
                            ]]>
                            </name>
                            <value>
                            <![CDATA[
                            <span style='color:#ed684a'><b>Срок действия вашей лицензии истекает через 1 день.</b></span>
                            ]]>
                            </value>
                        </Row>
                        <Row>
                            <name>
                            <![CDATA[
                            PTC.Factory.Console_LicenseExpirationInfo_ServiceApp.Expired
                            ]]>
                            </name>
                            <value>
                            <![CDATA[
                            <span style='color:#ed684a'><b>Срок действия вашей лицензии истек.</b></span>
                            ]]>
                            </value>
                        </Row>
                        <Row>
                            <name>
                            <![CDATA[
                            PTC.Factory.UpdateLicense_LicenseExpiringTomorrow
                            ]]>
                            </name>
                            <value>
                            <![CDATA[
                            Срок действия вашей лицензии истечет через 1 день.
                            ]]>
                            </value>
                        </Row>
                        <Row>
                            <name>
                            <![CDATA[
                            PTC.Factory.UpdateLicense_LicensePurchaseInstructions
                            ]]>
                            </name>
                            <value>
                            <![CDATA[
                            Следуйте приведенным ниже инструкциям для покупки ThingWorx Manufacturing Apps или запроса на продление лицензии.
                            ]]>
                            </value>
                        </Row>
                        <Row>
                            <name>
                            <![CDATA[
                            PTC.Factory.UpdateLicense_BuyProductInstructions
                            ]]>
                            </name>
                            <value>
                            <![CDATA[
                            <span style='color:#232b2d;font-size:12px;line-height:23px'><b>1. </b>Свяжитесь с местным отделом продаж PTC, перейдя по ссылке <a style="color:#1b3c84;font-weight:bold" href="https://www.ptc.com/industries/manufacturing/contact-us" target="_blank">https://www.ptc.com/industries/manufacturing/contact-us</a>, чтобы приобрести лицензию ThingWorx Manufacturing Apps. <br/>
                             <b>2. </b>Файл лицензии будет предоставлен вам по электронной почте.<br/>
                             <b>3. </b>Сохраните файл лицензии в следующее местоположение <tt>{0}</tt> на вашем сервере ThingWorx, заменив существующий файл.<br/>
                             <b>4. </b>Перезапустите ThingWorx, чтобы применить новую лицензию.</span>
                            ]]>
                            </value>
                        </Row>
                        <Row>
                            <name>
                            <![CDATA[
                            PTC.Factory.UpdateLicense_ExtensionRequest_1A
                            ]]>
                            </name>
                            <value>
                            <![CDATA[
                            <span style='color:#232b2d;font-size:12px;line-height:17px'><b>1. </b>Щелкните Отчет об использовании.</span>
                            ]]>
                            </value>
                        </Row>
                        <Row>
                            <name>
                            <![CDATA[
                            PTC.Factory.UpdateLicense_ExtensionRequest_1B
                            ]]>
                            </name>
                            <value>
                            <![CDATA[
                            <span style='color:#232b2d;font-size:12px;line-height:17px'>В данном отчете перечислены используемые приложения и пользователи, которые с ними работают.</span>
                            ]]>
                            </value>
                        </Row>
                        <Row>
                            <name>
                            <![CDATA[
                            PTC.Factory.UpdateLicense_ExtensionRequest_2
                            ]]>
                            </name>
                            <value>
                            <![CDATA[
                            <span style='color:#232b2d;font-size:12px;line-height:23px'><b>2. </b>Найдите отчет об использовании в папке Загрузки.</span><br/>
                             <span style='color:#232b2d;font-size:12px;line-height:17px'><b>3. </b>Отправьте отчет в PTC для запроса расширенной лицензии по ссылке <a style="color:#1b3c84;font-weight:bold" href="https://www.ptc.com/mfg-renewal" target="_blank">https://www.ptc.com/mfg-renewal</a>. В случае утверждения вам будет предоставлен новый файл лицензии.</span><br/>
                             <span style='color:#232b2d;font-size:12px;line-height:23px'><b>4. </b>Сохраните файл лицензии в <tt>{0}</tt> на сервере ThingWorx, заменив существующий файл.</span><br/>
                             <span style='color:#232b2d;font-size:12px;line-height:23px'><b>5. </b>Перезапустите ThingWorx, чтобы применить новую лицензию.</span>
                            ]]>
                            </value>
                        </Row>
                        <Row>
                            <name>
                            <![CDATA[
                            PTC.Factory.BuyProduct
                            ]]>
                            </name>
                            <value>
                            <![CDATA[
                            Купить продукт
                            ]]>
                            </value>
                        </Row>
                        <Row>
                            <name>
                            <![CDATA[
                            PTC.Factory.ExtensionRequest
                            ]]>
                            </name>
                            <value>
                            <![CDATA[
                            Запросить продление
                            ]]>
                            </value>
                        </Row>
                        <Row>
                            <name>
                            <![CDATA[
                            PTC.Factory.UpdateLicense_LicenseExpirationInfo
                            ]]>
                            </name>
                            <value>
                            <![CDATA[
                            У вас осталось {0} дн. для предоставления отзыва с помощью следующих шагов.
                            ]]>
                            </value>
                        </Row>
                        <Row>
                            <name>
                            <![CDATA[
                            PTC.Factory.Console_LicenseExpirationInfoWithLink.MoreThanOneDays
                            ]]>
                            </name>
                            <value>
                            <![CDATA[
                            <span style='color:#ed684a'><b>Срок действия вашей лицензии истечет через {0} дн. Приобретите ThingWorx Manufacturing Apps или запросите продление через страницу <a href="index.html#master=PTC.Factory.RenewLicense.Master&mashup=PTC.Factory.RenewLicense" class='factory_black_16_link_console' style='color:#ed684a'><b>Обновление лицензии</b></a>.</b></span>
                            ]]>
                            </value>
                        </Row>
                        <Row>
                            <name>
                            <![CDATA[
                            PTC.Factory.Console_LicenseExpirationInfoWithLink.OneDay
                            ]]>
                            </name>
                            <value>
                            <![CDATA[
                            <span style='color:#ed684a'><b>Срок действия вашей лицензии истечет через 1 день. Приобретите ThingWorx Manufacturing Apps или запросите продление через страницу <a href="index.html#master=PTC.Factory.RenewLicense.Master&mashup=PTC.Factory.RenewLicense" class='factory_black_16_link_console' style='color:#ed684a'><b>Обновление лицензии</b></a>.</b></span>
                            ]]>
                            </value>
                        </Row>
                        <Row>
                            <name>
                            <![CDATA[
                            PTC.Factory.Console_LicenseExpirationInfoWithLink.Expired
                            ]]>
                            </name>
                            <value>
                            <![CDATA[
                            <span style='color:#ed684a'><b>Срок действия вашей лицензии истек. Приобретите ThingWorx Manufacturing Apps или запросите продление через страницу <a href="index.html#master=PTC.Factory.RenewLicense.Master&mashup=PTC.Factory.RenewLicense" class='factory_black_16_link_console' style='color:#ed684a'><b>Обновление лицензии</b></a>.</b></span>
                            ]]>
                            </value>
                        </Row>
                        <Row>
                            <name>
                            <![CDATA[
                            PTC.Factory.Console_LicenseExpirationInfoWithoutLink.MoreThanOneDays
                            ]]>
                            </name>
                            <value>
                            <![CDATA[
                            <span style='color:#ed684a'><b>Срок действия вашей лицензии истечет через {0} дн. Приобретите ThingWorx Manufacturing Apps или запросите продление через страницу Обновление лицензии.</b></span>
                            ]]>
                            </value>
                        </Row>
                        <Row>
                            <name>
                            <![CDATA[
                            PTC.Factory.Console_LicenseExpirationInfoWithoutLink.OneDay
                            ]]>
                            </name>
                            <value>
                            <![CDATA[
                            <span style='color:#ed684a'><b>Срок действия вашей лицензии истечет через 1 день. Приобретите ThingWorx Manufacturing Apps или запросите продление через страницу Обновление лицензии.</b></span>
                            ]]>
                            </value>
                        </Row>
                        <Row>
                            <name>
                            <![CDATA[
                            PTC.Factory.Console_LicenseExpirationInfoWithoutLink.Expired
                            ]]>
                            </name>
                            <value>
                            <![CDATA[
                            <span style='color:#ed684a'><b>Срок действия вашей лицензии истек. Приобретите ThingWorx Manufacturing Apps или запросите продление через страницу Обновление лицензии.</b></span>
                            ]]>
                            </value>
                        </Row>
                        <Row>
                            <name>
                            <![CDATA[
                            PTC.Factory.TextMessageRatesWarning
                            ]]>
                            </name>
                            <value>
                            <![CDATA[
                            Может взиматься стандартная плата за сообщения.
                            ]]>
                            </value>
                        </Row>
                        <Row>
                            <name>
                            <![CDATA[
                            PTC.Factory.MobileNumberFormattingTwilioErrorMessage
                            ]]>
                            </name>
                            <value>
                            <![CDATA[
                            Номер мобильного телефона должен включать код страны и номер абонента (например: +151423567)
                            ]]>
                            </value>
                        </Row>
                        <Row>
                            <name>
                            <![CDATA[
                            PTC.Factory.DisplayTypeName
                            ]]>
                            </name>
                            <value>
                            <![CDATA[
                            {0} {1} ({2})
                            ]]>
                            </value>
                        </Row>
                    </Rows>
                </ConfigurationTable>
            </ConfigurationTables>
        </LocalizationTable>
    </LocalizationTables>
</Entities>
