<?xml version="1.0" encoding="UTF-8"?>
<Entities>
    <LocalizationTables>
        <LocalizationTable
         description="zh-CN localization table"
         homeMashup=""
         name="zh-CN"
         tags="PTC:factory-mv">
            <avatar></avatar>
            <DesignTimePermissions>
                <Create></Create>
                <Read></Read>
                <Update></Update>
                <Delete></Delete>
                <Metadata></Metadata>
            </DesignTimePermissions>
            <RunTimePermissions></RunTimePermissions>
            <VisibilityPermissions>
                <Visibility>
                    <Principal
                     isPermitted="true"
                     name="PTC.Factory.MachineVisibility"
                     type="Organization"></Principal>
                </Visibility>
            </VisibilityPermissions>
            <ConfigurationTables>
                <ConfigurationTable
                 description="Localization Tokens"
                 isMultiRow="true"
                 name="LocalizationTokens"
                 ordinal="0">
                    <DataShape>
                        <FieldDefinitions>
                            <FieldDefinition
                             aspect.friendlyName="Translation context"
                             baseType="STRING"
                             description="Translation context"
                             name="context"
                             ordinal="3"></FieldDefinition>
                            <FieldDefinition
                             aspect.friendlyName="Token name"
                             baseType="STRING"
                             description="Token name"
                             name="name"
                             ordinal="0"></FieldDefinition>
                            <FieldDefinition
                             aspect.friendlyName="Token usage"
                             baseType="STRING"
                             description="Token usage"
                             name="usage"
                             ordinal="2"></FieldDefinition>
                            <FieldDefinition
                             aspect.friendlyName="Localized value"
                             baseType="STRING"
                             description="Localized value"
                             name="value"
                             ordinal="1"></FieldDefinition>
                        </FieldDefinitions>
                    </DataShape>
                    <Rows>
                        <Row>
                            <name>
                            <![CDATA[
                            PTC.Factory.Administration.IncorrectEmailAddress
                            ]]>
                            </name>
                            <value>
                            <![CDATA[
                            电子邮件地址 {0} 无效，请提供有效地址。
                            ]]>
                            </value>
                        </Row>
                        <Row>
                            <name>
                            <![CDATA[
                            PTC.Factory.Administration.EmailAddressExists
                            ]]>
                            </name>
                            <value>
                            <![CDATA[
                            电子邮件地址 {0} 已存在，请提供新地址。
                            ]]>
                            </value>
                        </Row>
                        <Row>
                            <name>
                            <![CDATA[
                            PTC.Factory.Administration.IncorrectPhoneNumber
                            ]]>
                            </name>
                            <value>
                            <![CDATA[
                            电话号码 {0} 无效，请提供有效号码。
                            ]]>
                            </value>
                        </Row>
                        <Row>
                            <name>
                            <![CDATA[
                            PTC.Factory.Administration.DeleteUserLabel
                            ]]>
                            </name>
                            <value>
                            <![CDATA[
                            确定要删除 {0}, {1}?
                            ]]>
                            </value>
                        </Row>
                        <Row>
                            <name>
                            <![CDATA[
                            PTC.Factory.DeleteServerMessage
                            ]]>
                            </name>
                            <value>
                            <![CDATA[
                            确定要删除连接 {0}? 如果删除连接，所有引用该连接的实体 (例如: 资产、趋势) 都将失去其数据连接。
                            ]]>
                            </value>
                        </Row>
                        <Row>
                            <name>
                            <![CDATA[
                            PTC.Factory.DeleteAggregateServerMessage
                            ]]>
                            </name>
                            <value>
                            <![CDATA[
                            如果删除此聚合器，所有连接的旧式和非 Kepware OPC 服务器都将从连接列表中移除。而且，所有引用这些服务器的实体 (例如: 资产、趋势) 都将失去其数据连接。
                            ]]>
                            </value>
                        </Row>
                        <Row>
                            <name>
                            <![CDATA[
                            PTC.Factory.Administration.DELETE_USER.TITLE
                            ]]>
                            </name>
                            <value>
                            <![CDATA[
                            删除用户
                            ]]>
                            </value>
                        </Row>
                        <Row>
                            <name>
                            <![CDATA[
                            PTC.Factory.Administration.CREATE_USER.TITLE
                            ]]>
                            </name>
                            <value>
                            <![CDATA[
                            创建用户
                            ]]>
                            </value>
                        </Row>
                        <Row>
                            <name>
                            <![CDATA[
                            PTC.Factory.Administration.EDIT_USER.TITLE
                            ]]>
                            </name>
                            <value>
                            <![CDATA[
                            编辑用户
                            ]]>
                            </value>
                        </Row>
                        <Row>
                            <name>
                            <![CDATA[
                            PTC.Factory.DeleteConnectionTitle
                            ]]>
                            </name>
                            <value>
                            <![CDATA[
                            删除连接
                            ]]>
                            </value>
                        </Row>
                        <Row>
                            <name>
                            <![CDATA[
                            PTC.Factory.UserManager.Title
                            ]]>
                            </name>
                            <value>
                            <![CDATA[
                            用户和访问控制
                            ]]>
                            </value>
                        </Row>
                        <Row>
                            <name>
                            <![CDATA[
                            PTC.Factory.Administration.DELETE_USER.TOOLTIP
                            ]]>
                            </name>
                            <value>
                            <![CDATA[
                            删除用户
                            ]]>
                            </value>
                        </Row>
                        <Row>
                            <name>
                            <![CDATA[
                            PTC.Factory.Administration.NEW_USER.TOOLTIP
                            ]]>
                            </name>
                            <value>
                            <![CDATA[
                            创建用户
                            ]]>
                            </value>
                        </Row>
                        <Row>
                            <name>
                            <![CDATA[
                            PTC.Factory.Administration.EDIT_USER.TOOLTIP
                            ]]>
                            </name>
                            <value>
                            <![CDATA[
                            编辑用户
                            ]]>
                            </value>
                        </Row>
                        <Row>
                            <name>
                            <![CDATA[
                            PTC.Factory.Administration.User
                            ]]>
                            </name>
                            <value>
                            <![CDATA[
                            用户
                            ]]>
                            </value>
                        </Row>
                        <Row>
                            <name>
                            <![CDATA[
                            PTC.Factory.Administration.Contact Information
                            ]]>
                            </name>
                            <value>
                            <![CDATA[
                            联系信息
                            ]]>
                            </value>
                        </Row>
                        <Row>
                            <name>
                            <![CDATA[
                            PTC.Factory.Administration.Security
                            ]]>
                            </name>
                            <value>
                            <![CDATA[
                            安全
                            ]]>
                            </value>
                        </Row>
                        <Row>
                            <name>
                            <![CDATA[
                            PTC.Factory.Administration.Role Assignment
                            ]]>
                            </name>
                            <value>
                            <![CDATA[
                            角色分配
                            ]]>
                            </value>
                        </Row>
                        <Row>
                            <name>
                            <![CDATA[
                            PTC.Factory.Administration.First Name
                            ]]>
                            </name>
                            <value>
                            <![CDATA[
                            名字
                            ]]>
                            </value>
                        </Row>
                        <Row>
                            <name>
                            <![CDATA[
                            PTC.Factory.Administration.Last Name
                            ]]>
                            </name>
                            <value>
                            <![CDATA[
                            姓氏
                            ]]>
                            </value>
                        </Row>
                        <Row>
                            <name>
                            <![CDATA[
                            PTC.Factory.Administration.Name
                            ]]>
                            </name>
                            <value>
                            <![CDATA[
                            用户名
                            ]]>
                            </value>
                        </Row>
                        <Row>
                            <name>
                            <![CDATA[
                            PTC.Factory.Administration.First Name.input
                            ]]>
                            </name>
                            <value>
                            <![CDATA[
                            名字 *
                            ]]>
                            </value>
                        </Row>
                        <Row>
                            <name>
                            <![CDATA[
                            PTC.Factory.Administration.Last Name.input
                            ]]>
                            </name>
                            <value>
                            <![CDATA[
                            姓氏 *
                            ]]>
                            </value>
                        </Row>
                        <Row>
                            <name>
                            <![CDATA[
                            PTC.Factory.Administration.Name.input
                            ]]>
                            </name>
                            <value>
                            <![CDATA[
                            用户名 *
                            ]]>
                            </value>
                        </Row>
                        <Row>
                            <name>
                            <![CDATA[
                            PTC.Factory.Administration.Password.input
                            ]]>
                            </name>
                            <value>
                            <![CDATA[
                            密码 *
                            ]]>
                            </value>
                        </Row>
                        <Row>
                            <name>
                            <![CDATA[
                            PTC.Factory.Administration.Confirm Password.input
                            ]]>
                            </name>
                            <value>
                            <![CDATA[
                            确认密码 *
                            ]]>
                            </value>
                        </Row>
                        <Row>
                            <name>
                            <![CDATA[
                            PTC.Factory.Administration.EmailInput
                            ]]>
                            </name>
                            <value>
                            <![CDATA[
                            电子邮件 *
                            ]]>
                            </value>
                        </Row>
                        <Row>
                            <name>
                            <![CDATA[
                            PTC.Factory.Administration.Email
                            ]]>
                            </name>
                            <value>
                            <![CDATA[
                            电子邮件
                            ]]>
                            </value>
                        </Row>
                        <Row>
                            <name>
                            <![CDATA[
                            PTC.Factory.Administration.Mobile Phone
                            ]]>
                            </name>
                            <value>
                            <![CDATA[
                            移动电话
                            ]]>
                            </value>
                        </Row>
                        <Row>
                            <name>
                            <![CDATA[
                            PTC.Factory.Administration.SMS Address
                            ]]>
                            </name>
                            <value>
                            <![CDATA[
                            短信号码
                            ]]>
                            </value>
                        </Row>
                        <Row>
                            <name>
                            <![CDATA[
                            PTC.Factory.Administration.WorkPhoneInput
                            ]]>
                            </name>
                            <value>
                            <![CDATA[
                            工作电话 *
                            ]]>
                            </value>
                        </Row>
                        <Row>
                            <name>
                            <![CDATA[
                            PTC.Factory.Administration.WorkPhone
                            ]]>
                            </name>
                            <value>
                            <![CDATA[
                            工作电话
                            ]]>
                            </value>
                        </Row>
                        <Row>
                            <name>
                            <![CDATA[
                            PTC.Factory.Administration.Notification Preference
                            ]]>
                            </name>
                            <value>
                            <![CDATA[
                            通知首选项
                            ]]>
                            </value>
                        </Row>
                        <Row>
                            <name>
                            <![CDATA[
                            PTC.Factory.Administration.SMS
                            ]]>
                            </name>
                            <value>
                            <![CDATA[
                            短信
                            ]]>
                            </value>
                        </Row>
                        <Row>
                            <name>
                            <![CDATA[
                            PTC.Factory.Administration.groupName
                            ]]>
                            </name>
                            <value>
                            <![CDATA[
                            分配的角色
                            ]]>
                            </value>
                        </Row>
                        <Row>
                            <name>
                            <![CDATA[
                            PTC.Factory.Administration.Password
                            ]]>
                            </name>
                            <value>
                            <![CDATA[
                            密码
                            ]]>
                            </value>
                        </Row>
                        <Row>
                            <name>
                            <![CDATA[
                            PTC.Factory.Administration.Language
                            ]]>
                            </name>
                            <value>
                            <![CDATA[
                            语言
                            ]]>
                            </value>
                        </Row>
                        <Row>
                            <name>
                            <![CDATA[
                            PTC.Factory.Administration.WarningDeleteYourSelfNotAllowed
                            ]]>
                            </name>
                            <value>
                            <![CDATA[
                            注意: 您不能删除自己。
                            ]]>
                            </value>
                        </Row>
                        <Row>
                            <name>
                            <![CDATA[
                            PTC.Factory.Administration.WarningUserAlreadyExist
                            ]]>
                            </name>
                            <value>
                            <![CDATA[
                            注意: 此用户名已存在，不能使用。
                            ]]>
                            </value>
                        </Row>
                        <Row>
                            <name>
                            <![CDATA[
                            PTC.Factory.Administration.WarningPasswordTooShort
                            ]]>
                            </name>
                            <value>
                            <![CDATA[
                            注意: 密码不能少于 {0} 个字符。
                            ]]>
                            </value>
                        </Row>
                        <Row>
                            <name>
                            <![CDATA[
                            PTC.Factory.Administration.CreateUserInfoMissing
                            ]]>
                            </name>
                            <value>
                            <![CDATA[
                            注意: “用户名”、“名字”、“姓氏”、“电子邮件”、“工作电话”、“密码”、“确认密码”是必填字段。
                            ]]>
                            </value>
                        </Row>
                        <Row>
                            <name>
                            <![CDATA[
                            PTC.Factory.Administration.EditUserInfoMissing
                            ]]>
                            </name>
                            <value>
                            <![CDATA[
                            注意: “用户名”、“名字”、“姓氏”、“电子邮件”、“工作电话”是必填字段。
                            ]]>
                            </value>
                        </Row>
                        <Row>
                            <name>
                            <![CDATA[
                            PTC.Factory.Administration.PasswordNotMatching
                            ]]>
                            </name>
                            <value>
                            <![CDATA[
                            注意:“密码”和“确认密码”字段必须匹配。
                            ]]>
                            </value>
                        </Row>
                        <Row>
                            <name>
                            <![CDATA[
                            PTC.Factory.Administration.UserInfoMaxSizeExceeded
                            ]]>
                            </name>
                            <value>
                            <![CDATA[
                            注意: 任何字段的最大输入长度都不能超过 255 个字符。
                            ]]>
                            </value>
                        </Row>
                        <Row>
                            <name>
                            <![CDATA[
                            PTC.Factory.Administration.RemoveControlsEngineerNotAllowed
                            ]]>
                            </name>
                            <value>
                            <![CDATA[
                            注意: 您不能将自己从“控制工程师”角色中移除。
                            ]]>
                            </value>
                        </Row>
                        <Row>
                            <name>
                            <![CDATA[
                            PTC.Factory.Administration.MobilePhoneFieldIfMobilePreferenceSelected
                            ]]>
                            </name>
                            <value>
                            <![CDATA[
                            输入接收短信通知的移动电话号码。
                            ]]>
                            </value>
                        </Row>
                        <Row>
                            <name>
                            <![CDATA[
                            PTC.Factory.Administration.NoSystemInfo
                            ]]>
                            </name>
                            <value>
                            <![CDATA[
                            无法获取系统信息
                            ]]>
                            </value>
                        </Row>
                        <Row>
                            <name>
                            <![CDATA[
                            PTC.Factory.ConnectionStatus
                            ]]>
                            </name>
                            <value>
                            <![CDATA[
                            连接状况
                            ]]>
                            </value>
                        </Row>
                        <Row>
                            <name>
                            <![CDATA[
                            PTC.SCA.SCO.ConnectionPublishFloor_ms
                            ]]>
                            </name>
                            <value>
                            <![CDATA[
                            连接发布下限 (毫秒)
                            ]]>
                            </value>
                        </Row>
                        <Row>
                            <name>
                            <![CDATA[
                            PTC.SCA.SCO.ConnectionPublishFloor
                            ]]>
                            </name>
                            <value>
                            <![CDATA[
                            连接发布下限
                            ]]>
                            </value>
                        </Row>
                        <Row>
                            <name>
                            <![CDATA[
                            PTC.SCA.SCO.ms
                            ]]>
                            </name>
                            <value>
                            <![CDATA[
                            毫秒
                            ]]>
                            </value>
                        </Row>
                        <Row>
                            <name>
                            <![CDATA[
                            PTC.Factory.Tags.Tag Name
                            ]]>
                            </name>
                            <value>
                            <![CDATA[
                            标记名称
                            ]]>
                            </value>
                        </Row>
                        <Row>
                            <name>
                            <![CDATA[
                            PTC.Factory.Tags.Source
                            ]]>
                            </name>
                            <value>
                            <![CDATA[
                            源
                            ]]>
                            </value>
                        </Row>
                        <Row>
                            <name>
                            <![CDATA[
                            PTC.Factory.Tags.Select Server
                            ]]>
                            </name>
                            <value>
                            <![CDATA[
                            选择服务器
                            ]]>
                            </value>
                        </Row>
                        <Row>
                            <name>
                            <![CDATA[
                            PTC.Factory.Tags.Server Structure
                            ]]>
                            </name>
                            <value>
                            <![CDATA[
                            服务器结构
                            ]]>
                            </value>
                        </Row>
                        <Row>
                            <name>
                            <![CDATA[
                            PTC.Factory.DeleteConnectionLabel
                            ]]>
                            </name>
                            <value>
                            <![CDATA[
                            删除连接
                            ]]>
                            </value>
                        </Row>
                        <Row>
                            <name>
                            <![CDATA[
                            PTC.Factory.EditConnectionPopupLabel
                            ]]>
                            </name>
                            <value>
                            <![CDATA[
                            编辑连接
                            ]]>
                            </value>
                        </Row>
                        <Row>
                            <name>
                            <![CDATA[
                            PTC.Factory.SelectTagLimit
                            ]]>
                            </name>
                            <value>
                            <![CDATA[
                            最多选择 5 个
                            ]]>
                            </value>
                        </Row>
                        <Row>
                            <name>
                            <![CDATA[
                            PTC.Factory.LabelForRoles
                            ]]>
                            </name>
                            <value>
                            <![CDATA[
                            角色
                            ]]>
                            </value>
                        </Row>
                        <Row>
                            <name>
                            <![CDATA[
                            PTC.Factory.DataRates
                            ]]>
                            </name>
                            <value>
                            <![CDATA[
                            数据速率
                            ]]>
                            </value>
                        </Row>
                        <Row>
                            <name>
                            <![CDATA[
                            PTC.Factory.ChangePassword
                            ]]>
                            </name>
                            <value>
                            <![CDATA[
                            更改密码
                            ]]>
                            </value>
                        </Row>
                        <Row>
                            <name>
                            <![CDATA[
                            PTC.Factory.Export.ExportConfigurationAndData
                            ]]>
                            </name>
                            <value>
                            <![CDATA[
                            导出配置和数据
                            ]]>
                            </value>
                        </Row>
                        <Row>
                            <name>
                            <![CDATA[
                            PTC.Factory.Export.ExportConfigurationTitle
                            ]]>
                            </name>
                            <value>
                            <![CDATA[
                            导出配置和数据
                            ]]>
                            </value>
                        </Row>
                        <Row>
                            <name>
                            <![CDATA[
                            PTC.Factory.Export.IncludeData
                            ]]>
                            </name>
                            <value>
                            <![CDATA[
                            包括数据
                            ]]>
                            </value>
                        </Row>
                        <Row>
                            <name>
                            <![CDATA[
                            PTC.Factory.Export.ExportLabel
                            ]]>
                            </name>
                            <value>
                            <![CDATA[
                            导出
                            ]]>
                            </value>
                        </Row>
                        <Row>
                            <name>
                            <![CDATA[
                            PTC.Factory.Export.DownloadLinkLabel
                            ]]>
                            </name>
                            <value>
                            <![CDATA[
                            下载链接
                            ]]>
                            </value>
                        </Row>
                        <Row>
                            <name>
                            <![CDATA[
                            PTC.Factory.Export.DownloadMessage
                            ]]>
                            </name>
                            <value>
                            <![CDATA[
                            导出成功。单击此处下载:
                            ]]>
                            </value>
                        </Row>
                        <Row>
                            <name>
                            <![CDATA[
                            PTC.Factory.Export.ExportConfirmationTitle
                            ]]>
                            </name>
                            <value>
                            <![CDATA[
                            导出?
                            ]]>
                            </value>
                        </Row>
                        <Row>
                            <name>
                            <![CDATA[
                            PTC.Factory.Export.ExportConfirmationMessage
                            ]]>
                            </name>
                            <value>
                            <![CDATA[
                            导出需要一定时间并且会影响性能。您可以离开此页面。导出将继续在后台运行，并在完成时显示下载链接。
                            ]]>
                            </value>
                        </Row>
                        <Row>
                            <name>
                            <![CDATA[
                            PTC.Factory.Export.ExportSuccessMessage
                            ]]>
                            </name>
                            <value>
                            <![CDATA[
                            导出成功完成。
                            ]]>
                            </value>
                        </Row>
                        <Row>
                            <name>
                            <![CDATA[
                            PTC.Factory.Export.ExportDoneWithErrorMessage
                            ]]>
                            </name>
                            <value>
                            <![CDATA[
                            导出已完成，但有错误。
                            ]]>
                            </value>
                        </Row>
                        <Row>
                            <name>
                            <![CDATA[
                            PTC.Factory.Export.CheckLogMessage
                            ]]>
                            </name>
                            <value>
                            <![CDATA[
                            请查阅日志，了解 {0} 的状况。
                            ]]>
                            </value>
                        </Row>
                        <Row>
                            <name>
                            <![CDATA[
                            PTC.Factory.Export.TaskPrefix
                            ]]>
                            </name>
                            <value>
                            <![CDATA[
                            任务-
                            ]]>
                            </value>
                        </Row>
                        <Row>
                            <name>
                            <![CDATA[
                            PTC.Factory.Import.StartMessage
                            ]]>
                            </name>
                            <value>
                            <![CDATA[
                            已提交实体和数据导入进行处理。请查阅日志，了解 {0} 的完成状况。
                            ]]>
                            </value>
                        </Row>
                        <Row>
                            <name>
                            <![CDATA[
                            PTC.Factory.Import.EndMessage
                            ]]>
                            </name>
                            <value>
                            <![CDATA[
                            实体和数据导入完成。
                            ]]>
                            </value>
                        </Row>
                        <Row>
                            <name>
                            <![CDATA[
                            PTC.Factory.Import.CheckLogMessage
                            ]]>
                            </name>
                            <value>
                            <![CDATA[
                            请查阅日志，了解 {0} 的完成状况。
                            ]]>
                            </value>
                        </Row>
                        <Row>
                            <name>
                            <![CDATA[
                            PTC.Factory.Import.AbortMessage
                            ]]>
                            </name>
                            <value>
                            <![CDATA[
                            实体和数据导入已中止。请查阅日志，了解导入状况
                            ]]>
                            </value>
                        </Row>
                        <Row>
                            <name>
                            <![CDATA[
                            PTC.Factory.Import.ErrortMessage
                            ]]>
                            </name>
                            <value>
                            <![CDATA[
                            任务已完成，但有错误。
                            ]]>
                            </value>
                        </Row>
                        <Row>
                            <name>
                            <![CDATA[
                            PTC.Factory.Import.WorkInBackgroundMessage
                            ]]>
                            </name>
                            <value>
                            <![CDATA[
                            实体和数据导入正在后台进行。
                            ]]>
                            </value>
                        </Row>
                        <Row>
                            <name>
                            <![CDATA[
                            PTC.Factory.Import.DeleteErrorMessage
                            ]]>
                            </name>
                            <value>
                            <![CDATA[
                            删除导入文件时出错。请手动删除。导入文件: {0}
                            ]]>
                            </value>
                        </Row>
                        <Row>
                            <name>
                            <![CDATA[
                            PTC.Factory.Import.GetLinkErrorMessage
                            ]]>
                            </name>
                            <value>
                            <![CDATA[
                            调用 getUploadFileLink 时出现异常。
                            ]]>
                            </value>
                        </Row>
                        <Row>
                            <name>
                            <![CDATA[
                            PTC.Factory.Import.TaskPrefix
                            ]]>
                            </name>
                            <value>
                            <![CDATA[
                            任务-
                            ]]>
                            </value>
                        </Row>
                        <Row>
                            <name>
                            <![CDATA[
                            PTC.Factory.Import.MaxAllowableMessage
                            ]]>
                            </name>
                            <value>
                            <![CDATA[
                            无法启动实体和数据导入。正在进行最大允许数目的实体和数据导入。请稍后重试。
                            ]]>
                            </value>
                        </Row>
                        <Row>
                            <name>
                            <![CDATA[
                            PTC.Factory.Import.ImportTitle
                            ]]>
                            </name>
                            <value>
                            <![CDATA[
                            导入配置和数据
                            ]]>
                            </value>
                        </Row>
                        <Row>
                            <name>
                            <![CDATA[
                            PTC.Factory.Import.Import
                            ]]>
                            </name>
                            <value>
                            <![CDATA[
                            导入?
                            ]]>
                            </value>
                        </Row>
                        <Row>
                            <name>
                            <![CDATA[
                            PTC.Factory.Import.ImportConfirmationMessage
                            ]]>
                            </name>
                            <value>
                            <![CDATA[
                            导入需要一定时间并且会影响性能。您可以离开此页面。导入进程将继续在后台运行，并在完成时显示状态消息。
                            ]]>
                            </value>
                        </Row>
                        <Row>
                            <name>
                            <![CDATA[
                            PTC.Factory.Import.FileNameErrortMessage
                            ]]>
                            </name>
                            <value>
                            <![CDATA[
                            请选择正确的文件。
                            ]]>
                            </value>
                        </Row>
                        <Row>
                            <name>
                            <![CDATA[
                            PTC.Factory.Import.ImportMenu
                            ]]>
                            </name>
                            <value>
                            <![CDATA[
                            导入配置和数据
                            ]]>
                            </value>
                        </Row>
                        <Row>
                            <name>
                            <![CDATA[
                            PTC.Factory.UpdateLicense_LicenseExpired
                            ]]>
                            </name>
                            <value>
                            <![CDATA[
                            您的许可证已经到期。
                            ]]>
                            </value>
                        </Row>
                        <Row>
                            <name>
                            <![CDATA[
                            PTC.Factory.UpdateLicense_LicenseExpiringInNextFewDays
                            ]]>
                            </name>
                            <value>
                            <![CDATA[
                            您的许可证将在 {0} 天后到期。
                            ]]>
                            </value>
                        </Row>
                        <Row>
                            <name>
                            <![CDATA[
                            PTC.Factory.UpdateLicense_LicenseExpiringInNextFewDays_ServiceApp
                            ]]>
                            </name>
                            <value>
                            <![CDATA[
                            <span style='color:#ed684a'><b>您的许可证将在 {0} 天后到期。</b></span>
                            ]]>
                            </value>
                        </Row>
                        <Row>
                            <name>
                            <![CDATA[
                            PTC.Factory.Console_LicenseExpirationInfo.OneDay_ServiceApp
                            ]]>
                            </name>
                            <value>
                            <![CDATA[
                            <span style='color:#ed684a'><b>您的许可证将在 1 天后到期。</b></span>
                            ]]>
                            </value>
                        </Row>
                        <Row>
                            <name>
                            <![CDATA[
                            PTC.Factory.Console_LicenseExpirationInfo_ServiceApp.Expired
                            ]]>
                            </name>
                            <value>
                            <![CDATA[
                            <span style='color:#ed684a'><b>您的许可证已经到期。</b></span>
                            ]]>
                            </value>
                        </Row>
                        <Row>
                            <name>
                            <![CDATA[
                            PTC.Factory.UpdateLicense_LicenseExpiringTomorrow
                            ]]>
                            </name>
                            <value>
                            <![CDATA[
                            您的许可证将在 1 天后到期。
                            ]]>
                            </value>
                        </Row>
                        <Row>
                            <name>
                            <![CDATA[
                            PTC.Factory.UpdateLicense_LicensePurchaseInstructions
                            ]]>
                            </name>
                            <value>
                            <![CDATA[
                            请按照以下说明，购买 ThingWorx Manufacturing Apps 或者请求许可证延期。
                            ]]>
                            </value>
                        </Row>
                        <Row>
                            <name>
                            <![CDATA[
                            PTC.Factory.UpdateLicense_BuyProductInstructions
                            ]]>
                            </name>
                            <value>
                            <![CDATA[
                            <span style='color:#232b2d;font-size:12px;line-height:23px'><b>1. </b>联系当地 PTC 销售: <a style="color:#1b3c84;font-weight:bold" href="https://www.ptc.com/industries/manufacturing/contact-us" target="_blank">https://www.ptc.com/industries/manufacturing/contact-us</a>，购买 ThingWorx Manufacturing Apps 许可证。<br/>
                             <b>2. </b>许可证文件通过电子邮件提供。<br/>
                             <b>3. </b>将许可证文件保存到 ThingWorx 服务器的 <tt>{0}</tt> 位置，替换现有文件。<br/>
                             <b>4. </b>重新启动 ThingWorx 以应用新的许可证。</span>
                            ]]>
                            </value>
                        </Row>
                        <Row>
                            <name>
                            <![CDATA[
                            PTC.Factory.UpdateLicense_ExtensionRequest_1A
                            ]]>
                            </name>
                            <value>
                            <![CDATA[
                            <span style='color:#232b2d;font-size:12px;line-height:17px'><b>1. </b>单击“使用报告”。</span>
                            ]]>
                            </value>
                        </Row>
                        <Row>
                            <name>
                            <![CDATA[
                            PTC.Factory.UpdateLicense_ExtensionRequest_1B
                            ]]>
                            </name>
                            <value>
                            <![CDATA[
                            <span style='color:#232b2d;font-size:12px;line-height:17px'>此报告列出正在使用的产品以及使用者。</span>
                            ]]>
                            </value>
                        </Row>
                        <Row>
                            <name>
                            <![CDATA[
                            PTC.Factory.UpdateLicense_ExtensionRequest_2
                            ]]>
                            </name>
                            <value>
                            <![CDATA[
                            <span style='color:#232b2d;font-size:12px;line-height:23px'><b>2. </b>在下载文件夹中找到使用报告。</span><br/>
                             <span style='color:#232b2d;font-size:12px;line-height:17px'><b>3. </b>将报告提交给 PTC 以请求延长许可证期限，网址为: <a style="color:#1b3c84;font-weight:bold" href="https://www.ptc.com/mfg-renewal" target="_blank">https://www.ptc.com/mfg-renewal</a>。如果核准，将提供新的许可证文件。</span><br/>
                             <span style='color:#232b2d;font-size:12px;line-height:23px'><b>4. </b>将许可证文件保存到 ThingWorx 服务器的 <tt>{0}</tt> 位置，替换现有文件。</span><br/>
                             <span style='color:#232b2d;font-size:12px;line-height:23px'><b>5. </b>重新启动 ThingWorx 以应用新的许可证。</span>
                            ]]>
                            </value>
                        </Row>
                        <Row>
                            <name>
                            <![CDATA[
                            PTC.Factory.BuyProduct
                            ]]>
                            </name>
                            <value>
                            <![CDATA[
                            购买产品
                            ]]>
                            </value>
                        </Row>
                        <Row>
                            <name>
                            <![CDATA[
                            PTC.Factory.ExtensionRequest
                            ]]>
                            </name>
                            <value>
                            <![CDATA[
                            请求延期
                            ]]>
                            </value>
                        </Row>
                        <Row>
                            <name>
                            <![CDATA[
                            PTC.Factory.UpdateLicense_LicenseExpirationInfo
                            ]]>
                            </name>
                            <value>
                            <![CDATA[
                            请按照以下步骤，在 {0} 天内提供您的反馈。
                            ]]>
                            </value>
                        </Row>
                        <Row>
                            <name>
                            <![CDATA[
                            PTC.Factory.Console_LicenseExpirationInfoWithLink.MoreThanOneDays
                            ]]>
                            </name>
                            <value>
                            <![CDATA[
                            <span style='color:#ed684a'><b>您的许可证将在 {0} 天后到期。要购买 ThingWorx Manufacturing Apps 或请求许可证延期，请前往<a href="index.html#master=PTC.Factory.RenewLicense.Master&mashup=PTC.Factory.RenewLicense" class='factory_black_16_link_console' style='color:#ed684a'><b>更新许可证</b></a>页面。</b></span>
                            ]]>
                            </value>
                        </Row>
                        <Row>
                            <name>
                            <![CDATA[
                            PTC.Factory.Console_LicenseExpirationInfoWithLink.OneDay
                            ]]>
                            </name>
                            <value>
                            <![CDATA[
                            <span style='color:#ed684a'><b>您的许可证将在 1 天后到期。要购买 ThingWorx Manufacturing Apps 或请求许可证延期，请前往<a href="index.html#master=PTC.Factory.RenewLicense.Master&mashup=PTC.Factory.RenewLicense" class='factory_black_16_link_console' style='color:#ed684a'><b>更新许可证</b></a>页面。</b></span>
                            ]]>
                            </value>
                        </Row>
                        <Row>
                            <name>
                            <![CDATA[
                            PTC.Factory.Console_LicenseExpirationInfoWithLink.Expired
                            ]]>
                            </name>
                            <value>
                            <![CDATA[
                            <span style='color:#ed684a'><b>您的许可证已经到期。要购买 ThingWorx Manufacturing Apps 或请求许可证延期，请前往<a href="index.html#master=PTC.Factory.RenewLicense.Master&mashup=PTC.Factory.RenewLicense" class='factory_black_16_link_console' style='color:#ed684a'><b>更新许可证</b></a>页面。</b></span>
                            ]]>
                            </value>
                        </Row>
                        <Row>
                            <name>
                            <![CDATA[
                            PTC.Factory.Console_LicenseExpirationInfoWithoutLink.MoreThanOneDays
                            ]]>
                            </name>
                            <value>
                            <![CDATA[
                            <span style='color:#ed684a'><b>您的许可证将在 {0} 天后到期。要购买 ThingWorx Manufacturing Apps 或请求许可证延期，请前往“更新许可证”页面。</b></span>
                            ]]>
                            </value>
                        </Row>
                        <Row>
                            <name>
                            <![CDATA[
                            PTC.Factory.Console_LicenseExpirationInfoWithoutLink.OneDay
                            ]]>
                            </name>
                            <value>
                            <![CDATA[
                            <span style='color:#ed684a'><b>您的许可证将在 1 天后到期。要购买 ThingWorx Manufacturing Apps 或请求许可证延期，请前往“更新许可证”页面。</b></span>
                            ]]>
                            </value>
                        </Row>
                        <Row>
                            <name>
                            <![CDATA[
                            PTC.Factory.Console_LicenseExpirationInfoWithoutLink.Expired
                            ]]>
                            </name>
                            <value>
                            <![CDATA[
                            <span style='color:#ed684a'><b>您的许可证已经到期。要购买 ThingWorx Manufacturing Apps 或请求许可证延期，请前往“更新许可证”页面。</b></span>
                            ]]>
                            </value>
                        </Row>
                        <Row>
                            <name>
                            <![CDATA[
                            PTC.Factory.TextMessageRatesWarning
                            ]]>
                            </name>
                            <value>
                            <![CDATA[
                            可能出现正常短信费用。
                            ]]>
                            </value>
                        </Row>
                        <Row>
                            <name>
                            <![CDATA[
                            PTC.Factory.MobileNumberFormattingTwilioErrorMessage
                            ]]>
                            </name>
                            <value>
                            <![CDATA[
                            移动电话号码需要包括国家/地区号码，例如: +151423567
                            ]]>
                            </value>
                        </Row>
                        <Row>
                            <name>
                            <![CDATA[
                            PTC.Factory.DisplayTypeName
                            ]]>
                            </name>
                            <value>
                            <![CDATA[
                            {0} {1} ({2})
                            ]]>
                            </value>
                        </Row>
                    </Rows>
                </ConfigurationTable>
            </ConfigurationTables>
        </LocalizationTable>
    </LocalizationTables>
</Entities>
