<?xml version="1.0" encoding="UTF-8"?>
<Entities>
    <LocalizationTables>
        <LocalizationTable
         description="es localization table"
         homeMashup=""
         name="es"
         tags="PTC:factory-mv">
            <avatar></avatar>
            <DesignTimePermissions>
                <Create></Create>
                <Read></Read>
                <Update></Update>
                <Delete></Delete>
                <Metadata></Metadata>
            </DesignTimePermissions>
            <RunTimePermissions></RunTimePermissions>
            <VisibilityPermissions>
                <Visibility>
                    <Principal
                     isPermitted="true"
                     name="PTC.Factory.MachineVisibility"
                     type="Organization"></Principal>
                </Visibility>
            </VisibilityPermissions>
            <ConfigurationTables>
                <ConfigurationTable
                 description="Localization Tokens"
                 isMultiRow="true"
                 name="LocalizationTokens"
                 ordinal="0">
                    <DataShape>
                        <FieldDefinitions>
                            <FieldDefinition
                             aspect.friendlyName="Translation context"
                             baseType="STRING"
                             description="Translation context"
                             name="context"
                             ordinal="3"></FieldDefinition>
                            <FieldDefinition
                             aspect.friendlyName="Token name"
                             baseType="STRING"
                             description="Token name"
                             name="name"
                             ordinal="0"></FieldDefinition>
                            <FieldDefinition
                             aspect.friendlyName="Token usage"
                             baseType="STRING"
                             description="Token usage"
                             name="usage"
                             ordinal="2"></FieldDefinition>
                            <FieldDefinition
                             aspect.friendlyName="Localized value"
                             baseType="STRING"
                             description="Localized value"
                             name="value"
                             ordinal="1"></FieldDefinition>
                        </FieldDefinitions>
                    </DataShape>
                    <Rows>
                        <Row>
                            <name>
                            <![CDATA[
                            PTC.Factory.Administration.IncorrectEmailAddress
                            ]]>
                            </name>
                            <value>
                            <![CDATA[
                            La dirección {0} no es válida; proporcione una dirección de correo electrónico válida.
                            ]]>
                            </value>
                        </Row>
                        <Row>
                            <name>
                            <![CDATA[
                            PTC.Factory.Administration.EmailAddressExists
                            ]]>
                            </name>
                            <value>
                            <![CDATA[
                            La dirección {0} ya existe; proporcione una nueva dirección.
                            ]]>
                            </value>
                        </Row>
                        <Row>
                            <name>
                            <![CDATA[
                            PTC.Factory.Administration.IncorrectPhoneNumber
                            ]]>
                            </name>
                            <value>
                            <![CDATA[
                            El número de teléfono {0} no es válido; proporcione un número de teléfono válido.
                            ]]>
                            </value>
                        </Row>
                        <Row>
                            <name>
                            <![CDATA[
                            PTC.Factory.Administration.DeleteUserLabel
                            ]]>
                            </name>
                            <value>
                            <![CDATA[
                            ¿Desea borrar {0}, {1}?
                            ]]>
                            </value>
                        </Row>
                        <Row>
                            <name>
                            <![CDATA[
                            PTC.Factory.DeleteServerMessage
                            ]]>
                            </name>
                            <value>
                            <![CDATA[
                            ¿Desea borrar la conexión {0}? Cuando borra una conexión, las entidades que hacen referencia al servidor (por ejemplo, activos, tendencias, etc.) pierden su conexión de datos.
                            ]]>
                            </value>
                        </Row>
                        <Row>
                            <name>
                            <![CDATA[
                            PTC.Factory.DeleteAggregateServerMessage
                            ]]>
                            </name>
                            <value>
                            <![CDATA[
                            Al borrar este agregador, se eliminan todos los servidores de OPC heredados y que no sean Kepware de la lista Conexiones. Además, cualquier entidad (por ejemplo, los activos o las tendencias) que hace referencia al servidor pierde su conexión de datos.
                            ]]>
                            </value>
                        </Row>
                        <Row>
                            <name>
                            <![CDATA[
                            PTC.Factory.Administration.DELETE_USER.TITLE
                            ]]>
                            </name>
                            <value>
                            <![CDATA[
                            BORRAR USUARIO
                            ]]>
                            </value>
                        </Row>
                        <Row>
                            <name>
                            <![CDATA[
                            PTC.Factory.Administration.CREATE_USER.TITLE
                            ]]>
                            </name>
                            <value>
                            <![CDATA[
                            CREAR USUARIO
                            ]]>
                            </value>
                        </Row>
                        <Row>
                            <name>
                            <![CDATA[
                            PTC.Factory.Administration.EDIT_USER.TITLE
                            ]]>
                            </name>
                            <value>
                            <![CDATA[
                            EDITAR USUARIO
                            ]]>
                            </value>
                        </Row>
                        <Row>
                            <name>
                            <![CDATA[
                            PTC.Factory.DeleteConnectionTitle
                            ]]>
                            </name>
                            <value>
                            <![CDATA[
                            BORRAR CONEXIÓN
                            ]]>
                            </value>
                        </Row>
                        <Row>
                            <name>
                            <![CDATA[
                            PTC.Factory.UserManager.Title
                            ]]>
                            </name>
                            <value>
                            <![CDATA[
                            CONTROL DE ACCESO Y USUARIOS
                            ]]>
                            </value>
                        </Row>
                        <Row>
                            <name>
                            <![CDATA[
                            PTC.Factory.Administration.DELETE_USER.TOOLTIP
                            ]]>
                            </name>
                            <value>
                            <![CDATA[
                            Borrar usuario
                            ]]>
                            </value>
                        </Row>
                        <Row>
                            <name>
                            <![CDATA[
                            PTC.Factory.Administration.NEW_USER.TOOLTIP
                            ]]>
                            </name>
                            <value>
                            <![CDATA[
                            Crear usuario
                            ]]>
                            </value>
                        </Row>
                        <Row>
                            <name>
                            <![CDATA[
                            PTC.Factory.Administration.EDIT_USER.TOOLTIP
                            ]]>
                            </name>
                            <value>
                            <![CDATA[
                            Editar usuario
                            ]]>
                            </value>
                        </Row>
                        <Row>
                            <name>
                            <![CDATA[
                            PTC.Factory.Administration.User
                            ]]>
                            </name>
                            <value>
                            <![CDATA[
                            Usuario
                            ]]>
                            </value>
                        </Row>
                        <Row>
                            <name>
                            <![CDATA[
                            PTC.Factory.Administration.Contact Information
                            ]]>
                            </name>
                            <value>
                            <![CDATA[
                            Información de contacto
                            ]]>
                            </value>
                        </Row>
                        <Row>
                            <name>
                            <![CDATA[
                            PTC.Factory.Administration.Security
                            ]]>
                            </name>
                            <value>
                            <![CDATA[
                            Seguridad
                            ]]>
                            </value>
                        </Row>
                        <Row>
                            <name>
                            <![CDATA[
                            PTC.Factory.Administration.Role Assignment
                            ]]>
                            </name>
                            <value>
                            <![CDATA[
                            Asignación de roles
                            ]]>
                            </value>
                        </Row>
                        <Row>
                            <name>
                            <![CDATA[
                            PTC.Factory.Administration.First Name
                            ]]>
                            </name>
                            <value>
                            <![CDATA[
                            Nombre
                            ]]>
                            </value>
                        </Row>
                        <Row>
                            <name>
                            <![CDATA[
                            PTC.Factory.Administration.Last Name
                            ]]>
                            </name>
                            <value>
                            <![CDATA[
                            Apellido
                            ]]>
                            </value>
                        </Row>
                        <Row>
                            <name>
                            <![CDATA[
                            PTC.Factory.Administration.Name
                            ]]>
                            </name>
                            <value>
                            <![CDATA[
                            Nombre de usuario
                            ]]>
                            </value>
                        </Row>
                        <Row>
                            <name>
                            <![CDATA[
                            PTC.Factory.Administration.First Name.input
                            ]]>
                            </name>
                            <value>
                            <![CDATA[
                            Nombre *
                            ]]>
                            </value>
                        </Row>
                        <Row>
                            <name>
                            <![CDATA[
                            PTC.Factory.Administration.Last Name.input
                            ]]>
                            </name>
                            <value>
                            <![CDATA[
                            Apellido *
                            ]]>
                            </value>
                        </Row>
                        <Row>
                            <name>
                            <![CDATA[
                            PTC.Factory.Administration.Name.input
                            ]]>
                            </name>
                            <value>
                            <![CDATA[
                            Nombre de usuario *
                            ]]>
                            </value>
                        </Row>
                        <Row>
                            <name>
                            <![CDATA[
                            PTC.Factory.Administration.Password.input
                            ]]>
                            </name>
                            <value>
                            <![CDATA[
                            Contraseña *
                            ]]>
                            </value>
                        </Row>
                        <Row>
                            <name>
                            <![CDATA[
                            PTC.Factory.Administration.Confirm Password.input
                            ]]>
                            </name>
                            <value>
                            <![CDATA[
                            Confirmar contraseña *
                            ]]>
                            </value>
                        </Row>
                        <Row>
                            <name>
                            <![CDATA[
                            PTC.Factory.Administration.EmailInput
                            ]]>
                            </name>
                            <value>
                            <![CDATA[
                            Correo electrónico *
                            ]]>
                            </value>
                        </Row>
                        <Row>
                            <name>
                            <![CDATA[
                            PTC.Factory.Administration.Email
                            ]]>
                            </name>
                            <value>
                            <![CDATA[
                            Correo electrónico
                            ]]>
                            </value>
                        </Row>
                        <Row>
                            <name>
                            <![CDATA[
                            PTC.Factory.Administration.Mobile Phone
                            ]]>
                            </name>
                            <value>
                            <![CDATA[
                            Teléfono móvil
                            ]]>
                            </value>
                        </Row>
                        <Row>
                            <name>
                            <![CDATA[
                            PTC.Factory.Administration.SMS Address
                            ]]>
                            </name>
                            <value>
                            <![CDATA[
                            Dirección SMS
                            ]]>
                            </value>
                        </Row>
                        <Row>
                            <name>
                            <![CDATA[
                            PTC.Factory.Administration.WorkPhoneInput
                            ]]>
                            </name>
                            <value>
                            <![CDATA[
                            Teléfono del trabajo *
                            ]]>
                            </value>
                        </Row>
                        <Row>
                            <name>
                            <![CDATA[
                            PTC.Factory.Administration.WorkPhone
                            ]]>
                            </name>
                            <value>
                            <![CDATA[
                            Teléfono del trabajo
                            ]]>
                            </value>
                        </Row>
                        <Row>
                            <name>
                            <![CDATA[
                            PTC.Factory.Administration.Notification Preference
                            ]]>
                            </name>
                            <value>
                            <![CDATA[
                            Preferencia de notificación
                            ]]>
                            </value>
                        </Row>
                        <Row>
                            <name>
                            <![CDATA[
                            PTC.Factory.Administration.SMS
                            ]]>
                            </name>
                            <value>
                            <![CDATA[
                            SMS
                            ]]>
                            </value>
                        </Row>
                        <Row>
                            <name>
                            <![CDATA[
                            PTC.Factory.Administration.groupName
                            ]]>
                            </name>
                            <value>
                            <![CDATA[
                            Rol asignado
                            ]]>
                            </value>
                        </Row>
                        <Row>
                            <name>
                            <![CDATA[
                            PTC.Factory.Administration.Password
                            ]]>
                            </name>
                            <value>
                            <![CDATA[
                            Contraseña
                            ]]>
                            </value>
                        </Row>
                        <Row>
                            <name>
                            <![CDATA[
                            PTC.Factory.Administration.Language
                            ]]>
                            </name>
                            <value>
                            <![CDATA[
                            Idioma
                            ]]>
                            </value>
                        </Row>
                        <Row>
                            <name>
                            <![CDATA[
                            PTC.Factory.Administration.WarningDeleteYourSelfNotAllowed
                            ]]>
                            </name>
                            <value>
                            <![CDATA[
                            Aviso: No puede borrarse a sí mismo.
                            ]]>
                            </value>
                        </Row>
                        <Row>
                            <name>
                            <![CDATA[
                            PTC.Factory.Administration.WarningUserAlreadyExist
                            ]]>
                            </name>
                            <value>
                            <![CDATA[
                            Aviso: No se puede utilizar este nombre de usuario porque ya existe.
                            ]]>
                            </value>
                        </Row>
                        <Row>
                            <name>
                            <![CDATA[
                            PTC.Factory.Administration.WarningPasswordTooShort
                            ]]>
                            </name>
                            <value>
                            <![CDATA[
                            Aviso: La contraseña debe contener como mínimo {0} caracteres.
                            ]]>
                            </value>
                        </Row>
                        <Row>
                            <name>
                            <![CDATA[
                            PTC.Factory.Administration.CreateUserInfoMissing
                            ]]>
                            </name>
                            <value>
                            <![CDATA[
                            Aviso: Los campos siguientes son obligatorios: Nombre de usuario, Nombre, Apellido, Correo electrónico, Teléfono del trabajo, Contraseña y Confirmar contraseña.
                            ]]>
                            </value>
                        </Row>
                        <Row>
                            <name>
                            <![CDATA[
                            PTC.Factory.Administration.EditUserInfoMissing
                            ]]>
                            </name>
                            <value>
                            <![CDATA[
                            Aviso: Los campos siguientes son obligatorios: Nombre de usuario, Nombre, Apellido, Correo electrónico y Teléfono del trabajo.
                            ]]>
                            </value>
                        </Row>
                        <Row>
                            <name>
                            <![CDATA[
                            PTC.Factory.Administration.PasswordNotMatching
                            ]]>
                            </name>
                            <value>
                            <![CDATA[
                            Aviso: Los campos Contraseña y Confirmar contraseña deben coincidir.
                            ]]>
                            </value>
                        </Row>
                        <Row>
                            <name>
                            <![CDATA[
                            PTC.Factory.Administration.UserInfoMaxSizeExceeded
                            ]]>
                            </name>
                            <value>
                            <![CDATA[
                            Aviso: La longitud de entrada máxima de cualquier campo es de 255 caracteres.
                            ]]>
                            </value>
                        </Row>
                        <Row>
                            <name>
                            <![CDATA[
                            PTC.Factory.Administration.RemoveControlsEngineerNotAllowed
                            ]]>
                            </name>
                            <value>
                            <![CDATA[
                            Aviso: No puede eliminarse de la función de ingeniero de controles.
                            ]]>
                            </value>
                        </Row>
                        <Row>
                            <name>
                            <![CDATA[
                            PTC.Factory.Administration.MobilePhoneFieldIfMobilePreferenceSelected
                            ]]>
                            </name>
                            <value>
                            <![CDATA[
                            Indique un número de teléfono móvil para la notificación de SMS.
                            ]]>
                            </value>
                        </Row>
                        <Row>
                            <name>
                            <![CDATA[
                            PTC.Factory.Administration.NoSystemInfo
                            ]]>
                            </name>
                            <value>
                            <![CDATA[
                            No es posible obtener la información del sistema
                            ]]>
                            </value>
                        </Row>
                        <Row>
                            <name>
                            <![CDATA[
                            PTC.Factory.ConnectionStatus
                            ]]>
                            </name>
                            <value>
                            <![CDATA[
                            Estado de conexión
                            ]]>
                            </value>
                        </Row>
                        <Row>
                            <name>
                            <![CDATA[
                            PTC.SCA.SCO.ConnectionPublishFloor_ms
                            ]]>
                            </name>
                            <value>
                            <![CDATA[
                            Valor mínimo de publicación de conexión (ms)
                            ]]>
                            </value>
                        </Row>
                        <Row>
                            <name>
                            <![CDATA[
                            PTC.SCA.SCO.ConnectionPublishFloor
                            ]]>
                            </name>
                            <value>
                            <![CDATA[
                            Valor mínimo de publicación de conexión
                            ]]>
                            </value>
                        </Row>
                        <Row>
                            <name>
                            <![CDATA[
                            PTC.SCA.SCO.ms
                            ]]>
                            </name>
                            <value>
                            <![CDATA[
                            ms
                            ]]>
                            </value>
                        </Row>
                        <Row>
                            <name>
                            <![CDATA[
                            PTC.Factory.Tags.Tag Name
                            ]]>
                            </name>
                            <value>
                            <![CDATA[
                            Nombre de etiqueta
                            ]]>
                            </value>
                        </Row>
                        <Row>
                            <name>
                            <![CDATA[
                            PTC.Factory.Tags.Source
                            ]]>
                            </name>
                            <value>
                            <![CDATA[
                            Origen
                            ]]>
                            </value>
                        </Row>
                        <Row>
                            <name>
                            <![CDATA[
                            PTC.Factory.Tags.Select Server
                            ]]>
                            </name>
                            <value>
                            <![CDATA[
                            Seleccionar servidor
                            ]]>
                            </value>
                        </Row>
                        <Row>
                            <name>
                            <![CDATA[
                            PTC.Factory.Tags.Server Structure
                            ]]>
                            </name>
                            <value>
                            <![CDATA[
                            Estructura de servidor
                            ]]>
                            </value>
                        </Row>
                        <Row>
                            <name>
                            <![CDATA[
                            PTC.Factory.DeleteConnectionLabel
                            ]]>
                            </name>
                            <value>
                            <![CDATA[
                            Borrar conexión
                            ]]>
                            </value>
                        </Row>
                        <Row>
                            <name>
                            <![CDATA[
                            PTC.Factory.EditConnectionPopupLabel
                            ]]>
                            </name>
                            <value>
                            <![CDATA[
                            EDITAR CONEXIÓN
                            ]]>
                            </value>
                        </Row>
                        <Row>
                            <name>
                            <![CDATA[
                            PTC.Factory.SelectTagLimit
                            ]]>
                            </name>
                            <value>
                            <![CDATA[
                            Seleccionar hasta 5
                            ]]>
                            </value>
                        </Row>
                        <Row>
                            <name>
                            <![CDATA[
                            PTC.Factory.LabelForRoles
                            ]]>
                            </name>
                            <value>
                            <![CDATA[
                            Roles
                            ]]>
                            </value>
                        </Row>
                        <Row>
                            <name>
                            <![CDATA[
                            PTC.Factory.DataRates
                            ]]>
                            </name>
                            <value>
                            <![CDATA[
                            Velocidades de datos
                            ]]>
                            </value>
                        </Row>
                        <Row>
                            <name>
                            <![CDATA[
                            PTC.Factory.ChangePassword
                            ]]>
                            </name>
                            <value>
                            <![CDATA[
                            Cambiar contraseña
                            ]]>
                            </value>
                        </Row>
                        <Row>
                            <name>
                            <![CDATA[
                            PTC.Factory.Export.ExportConfigurationAndData
                            ]]>
                            </name>
                            <value>
                            <![CDATA[
                            Exportar configuración y datos
                            ]]>
                            </value>
                        </Row>
                        <Row>
                            <name>
                            <![CDATA[
                            PTC.Factory.Export.ExportConfigurationTitle
                            ]]>
                            </name>
                            <value>
                            <![CDATA[
                            EXPORTAR CONFIGURACIÓN Y DATOS
                            ]]>
                            </value>
                        </Row>
                        <Row>
                            <name>
                            <![CDATA[
                            PTC.Factory.Export.IncludeData
                            ]]>
                            </name>
                            <value>
                            <![CDATA[
                            Incluir datos
                            ]]>
                            </value>
                        </Row>
                        <Row>
                            <name>
                            <![CDATA[
                            PTC.Factory.Export.ExportLabel
                            ]]>
                            </name>
                            <value>
                            <![CDATA[
                            Exportar
                            ]]>
                            </value>
                        </Row>
                        <Row>
                            <name>
                            <![CDATA[
                            PTC.Factory.Export.DownloadLinkLabel
                            ]]>
                            </name>
                            <value>
                            <![CDATA[
                            vínculo de descarga
                            ]]>
                            </value>
                        </Row>
                        <Row>
                            <name>
                            <![CDATA[
                            PTC.Factory.Export.DownloadMessage
                            ]]>
                            </name>
                            <value>
                            <![CDATA[
                            Exportación correcta. Pulse aquí para descargar:
                            ]]>
                            </value>
                        </Row>
                        <Row>
                            <name>
                            <![CDATA[
                            PTC.Factory.Export.ExportConfirmationTitle
                            ]]>
                            </name>
                            <value>
                            <![CDATA[
                            ¿EXPORTAR?
                            ]]>
                            </value>
                        </Row>
                        <Row>
                            <name>
                            <![CDATA[
                            PTC.Factory.Export.ExportConfirmationMessage
                            ]]>
                            </name>
                            <value>
                            <![CDATA[
                            La exportación podría requerir cierto tiempo y afectar al rendimiento. Puede salir de esta página. El proceso de exportación sigue en segundo plano y muestra un vínculo de descarga al finalizar.
                            ]]>
                            </value>
                        </Row>
                        <Row>
                            <name>
                            <![CDATA[
                            PTC.Factory.Export.ExportSuccessMessage
                            ]]>
                            </name>
                            <value>
                            <![CDATA[
                            La exportación se ha completado correctamente.
                            ]]>
                            </value>
                        </Row>
                        <Row>
                            <name>
                            <![CDATA[
                            PTC.Factory.Export.ExportDoneWithErrorMessage
                            ]]>
                            </name>
                            <value>
                            <![CDATA[
                            La exportación se ha completado con errores.
                            ]]>
                            </value>
                        </Row>
                        <Row>
                            <name>
                            <![CDATA[
                            PTC.Factory.Export.CheckLogMessage
                            ]]>
                            </name>
                            <value>
                            <![CDATA[
                            Consulte en el registro el estado de {0}
                            ]]>
                            </value>
                        </Row>
                        <Row>
                            <name>
                            <![CDATA[
                            PTC.Factory.Export.TaskPrefix
                            ]]>
                            </name>
                            <value>
                            <![CDATA[
                            Tarea-
                            ]]>
                            </value>
                        </Row>
                        <Row>
                            <name>
                            <![CDATA[
                            PTC.Factory.Import.StartMessage
                            ]]>
                            </name>
                            <value>
                            <![CDATA[
                            La importación de datos y entidades se ha enviado para su procesamiento. Consulte en el registro el estado de finalización de {0}
                            ]]>
                            </value>
                        </Row>
                        <Row>
                            <name>
                            <![CDATA[
                            PTC.Factory.Import.EndMessage
                            ]]>
                            </name>
                            <value>
                            <![CDATA[
                            La importación de datos y entidades se ha completado.
                            ]]>
                            </value>
                        </Row>
                        <Row>
                            <name>
                            <![CDATA[
                            PTC.Factory.Import.CheckLogMessage
                            ]]>
                            </name>
                            <value>
                            <![CDATA[
                            Consulte en el registro el estado de finalización de {0}
                            ]]>
                            </value>
                        </Row>
                        <Row>
                            <name>
                            <![CDATA[
                            PTC.Factory.Import.AbortMessage
                            ]]>
                            </name>
                            <value>
                            <![CDATA[
                            La importación de datos y entidades se ha anulado. Consulte en el registro el estado de la importación
                            ]]>
                            </value>
                        </Row>
                        <Row>
                            <name>
                            <![CDATA[
                            PTC.Factory.Import.ErrortMessage
                            ]]>
                            </name>
                            <value>
                            <![CDATA[
                            La tarea se ha completado con uno o varios errores.
                            ]]>
                            </value>
                        </Row>
                        <Row>
                            <name>
                            <![CDATA[
                            PTC.Factory.Import.WorkInBackgroundMessage
                            ]]>
                            </name>
                            <value>
                            <![CDATA[
                            La importación de datos y entidades se está efectuando en segundo plano.
                            ]]>
                            </value>
                        </Row>
                        <Row>
                            <name>
                            <![CDATA[
                            PTC.Factory.Import.DeleteErrorMessage
                            ]]>
                            </name>
                            <value>
                            <![CDATA[
                            Error al borrar el fichero importado. Bórrelo manualmente. Fichero importado: {0}
                            ]]>
                            </value>
                        </Row>
                        <Row>
                            <name>
                            <![CDATA[
                            PTC.Factory.Import.GetLinkErrorMessage
                            ]]>
                            </name>
                            <value>
                            <![CDATA[
                            Excepción al llamar a getUploadFileLink.
                            ]]>
                            </value>
                        </Row>
                        <Row>
                            <name>
                            <![CDATA[
                            PTC.Factory.Import.TaskPrefix
                            ]]>
                            </name>
                            <value>
                            <![CDATA[
                            Tarea-
                            ]]>
                            </value>
                        </Row>
                        <Row>
                            <name>
                            <![CDATA[
                            PTC.Factory.Import.MaxAllowableMessage
                            ]]>
                            </name>
                            <value>
                            <![CDATA[
                            La importación de datos y entidades no se ha podido iniciar. Importaciones máximas permitidas de entidades y datos en curso. Inténtelo de nuevo más tarde.
                            ]]>
                            </value>
                        </Row>
                        <Row>
                            <name>
                            <![CDATA[
                            PTC.Factory.Import.ImportTitle
                            ]]>
                            </name>
                            <value>
                            <![CDATA[
                            IMPORTAR CONFIGURACIÓN Y DATOS
                            ]]>
                            </value>
                        </Row>
                        <Row>
                            <name>
                            <![CDATA[
                            PTC.Factory.Import.Import
                            ]]>
                            </name>
                            <value>
                            <![CDATA[
                            ¿IMPORTAR?
                            ]]>
                            </value>
                        </Row>
                        <Row>
                            <name>
                            <![CDATA[
                            PTC.Factory.Import.ImportConfirmationMessage
                            ]]>
                            </name>
                            <value>
                            <![CDATA[
                            La importación podría requerir cierto tiempo y afectar al rendimiento. Puede salir de esta página. El proceso de importación sigue en segundo plano y muestra un mensaje de estado al finalizar.
                            ]]>
                            </value>
                        </Row>
                        <Row>
                            <name>
                            <![CDATA[
                            PTC.Factory.Import.FileNameErrortMessage
                            ]]>
                            </name>
                            <value>
                            <![CDATA[
                            Seleccione un fichero correcto.
                            ]]>
                            </value>
                        </Row>
                        <Row>
                            <name>
                            <![CDATA[
                            PTC.Factory.Import.ImportMenu
                            ]]>
                            </name>
                            <value>
                            <![CDATA[
                            Importar configuración y datos
                            ]]>
                            </value>
                        </Row>
                        <Row>
                            <name>
                            <![CDATA[
                            PTC.Factory.UpdateLicense_LicenseExpired
                            ]]>
                            </name>
                            <value>
                            <![CDATA[
                            La licencia ha caducado.
                            ]]>
                            </value>
                        </Row>
                        <Row>
                            <name>
                            <![CDATA[
                            PTC.Factory.UpdateLicense_LicenseExpiringInNextFewDays
                            ]]>
                            </name>
                            <value>
                            <![CDATA[
                            La licencia caducará dentro de {0} días.
                            ]]>
                            </value>
                        </Row>
                        <Row>
                            <name>
                            <![CDATA[
                            PTC.Factory.UpdateLicense_LicenseExpiringInNextFewDays_ServiceApp
                            ]]>
                            </name>
                            <value>
                            <![CDATA[
                            <span style='color:#ed684a'><b>La licencia caducará dentro de {0} días.</b></span>
                            ]]>
                            </value>
                        </Row>
                        <Row>
                            <name>
                            <![CDATA[
                            PTC.Factory.Console_LicenseExpirationInfo.OneDay_ServiceApp
                            ]]>
                            </name>
                            <value>
                            <![CDATA[
                            <span style='color:#ed684a'><b>La licencia caducará dentro de 1 día.</b></span>
                            ]]>
                            </value>
                        </Row>
                        <Row>
                            <name>
                            <![CDATA[
                            PTC.Factory.Console_LicenseExpirationInfo_ServiceApp.Expired
                            ]]>
                            </name>
                            <value>
                            <![CDATA[
                            <span style='color:#ed684a'><b>La licencia ha caducado.</b></span>
                            ]]>
                            </value>
                        </Row>
                        <Row>
                            <name>
                            <![CDATA[
                            PTC.Factory.UpdateLicense_LicenseExpiringTomorrow
                            ]]>
                            </name>
                            <value>
                            <![CDATA[
                            La licencia caducará dentro de 1 día.
                            ]]>
                            </value>
                        </Row>
                        <Row>
                            <name>
                            <![CDATA[
                            PTC.Factory.UpdateLicense_LicensePurchaseInstructions
                            ]]>
                            </name>
                            <value>
                            <![CDATA[
                            Siga las instrucciones a continuación para adquirir ThingWorx Manufacturing Apps o solicitar una ampliación de la licencia.
                            ]]>
                            </value>
                        </Row>
                        <Row>
                            <name>
                            <![CDATA[
                            PTC.Factory.UpdateLicense_BuyProductInstructions
                            ]]>
                            </name>
                            <value>
                            <![CDATA[
                            <span style='color:#232b2d;font-size:12px;line-height:23px'><b>1. </b>Póngase en contacto con la oficina de ventas de PTC local en <a style="color:#1b3c84;font-weight:bold" href="https://www.ptc.com/industries/manufacturing/contact-us" target="_blank">https://www.ptc.com/industries/manufacturing/contact-us</a> para adquirir la licencia de ThingWorx Manufacturing Apps.<br/>
                             <b>2. </b>Se le enviará un correo electrónico con el fichero de licencias.<br/>
                             <b>3. </b>Guarde el fichero de licencias en la ubicación siguiente <tt>{0}</tt> del servidor de ThingWorx, y sustituya el que ya había.<br/>
                             <b>4. </b>Reinicie ThingWorx para aplicar la nueva licencia.</span>
                            ]]>
                            </value>
                        </Row>
                        <Row>
                            <name>
                            <![CDATA[
                            PTC.Factory.UpdateLicense_ExtensionRequest_1A
                            ]]>
                            </name>
                            <value>
                            <![CDATA[
                            <span style='color:#232b2d;font-size:12px;line-height:17px'><b>1. </b>Pulse en Informe de uso.</span>
                            ]]>
                            </value>
                        </Row>
                        <Row>
                            <name>
                            <![CDATA[
                            PTC.Factory.UpdateLicense_ExtensionRequest_1B
                            ]]>
                            </name>
                            <value>
                            <![CDATA[
                            <span style='color:#232b2d;font-size:12px;line-height:17px'>Este informe enumera qué aplicaciones están en uso y quién las está usando.</span>
                            ]]>
                            </value>
                        </Row>
                        <Row>
                            <name>
                            <![CDATA[
                            PTC.Factory.UpdateLicense_ExtensionRequest_2
                            ]]>
                            </name>
                            <value>
                            <![CDATA[
                            <span style='color:#232b2d;font-size:12px;line-height:23px'><b>2. </b>Localice el informe de uso en la carpeta Descargas.</span><br/>
                             <span style='color:#232b2d;font-size:12px;line-height:17px'><b>3. </b>Envíe el informe a PTC para solicitar una ampliación de la licencia a través de <a style="color:#1b3c84;font-weight:bold" href="https://www.ptc.com/mfg-renewal" target="_blank">https://www.ptc.com/mfg-renewal</a>. Si se aprueba, se proporcionará un nuevo fichero de licencias.</span><br/>
                             <span style='color:#232b2d;font-size:12px;line-height:23px'><b>4. </b>Guarde el fichero de licencias en <tt>{0}</tt> en el servidor de ThingWorx y sustituya el que ya había.</span><br/>
                             <span style='color:#232b2d;font-size:12px;line-height:23px'><b>5. </b>Reinicie ThingWorx para aplicar la nueva licencia</span>
                            ]]>
                            </value>
                        </Row>
                        <Row>
                            <name>
                            <![CDATA[
                            PTC.Factory.BuyProduct
                            ]]>
                            </name>
                            <value>
                            <![CDATA[
                            Comprar producto
                            ]]>
                            </value>
                        </Row>
                        <Row>
                            <name>
                            <![CDATA[
                            PTC.Factory.ExtensionRequest
                            ]]>
                            </name>
                            <value>
                            <![CDATA[
                            Solicitar una ampliación
                            ]]>
                            </value>
                        </Row>
                        <Row>
                            <name>
                            <![CDATA[
                            PTC.Factory.UpdateLicense_LicenseExpirationInfo
                            ]]>
                            </name>
                            <value>
                            <![CDATA[
                            Tiene {0} días para proporcionar sus comentarios siguiendo este procedimiento.
                            ]]>
                            </value>
                        </Row>
                        <Row>
                            <name>
                            <![CDATA[
                            PTC.Factory.Console_LicenseExpirationInfoWithLink.MoreThanOneDays
                            ]]>
                            </name>
                            <value>
                            <![CDATA[
                            <span style='color:#ed684a'><b>La licencia caducará dentro de {0} días. Adquiera ThingWorx Manufacturing Apps o solicite una ampliación a través de la página <a href="index.html#master=PTC.Factory.RenewLicense.Master&mashup=PTC.Factory.RenewLicense" class='factory_black_16_link_console' style='color:#ed684a'><b>Actualizar licencia</b></a>.</b></span>
                            ]]>
                            </value>
                        </Row>
                        <Row>
                            <name>
                            <![CDATA[
                            PTC.Factory.Console_LicenseExpirationInfoWithLink.OneDay
                            ]]>
                            </name>
                            <value>
                            <![CDATA[
                            <span style='color:#ed684a'><b>La licencia caducará dentro de 1 día. Adquiera ThingWorx Manufacturing Apps o solicite una ampliación a través de la página <a href="index.html#master=PTC.Factory.RenewLicense.Master&mashup=PTC.Factory.RenewLicense" class='factory_black_16_link_console' style='color:#ed684a'><b>Actualizar licencia</b></a>.</b></span>
                            ]]>
                            </value>
                        </Row>
                        <Row>
                            <name>
                            <![CDATA[
                            PTC.Factory.Console_LicenseExpirationInfoWithLink.Expired
                            ]]>
                            </name>
                            <value>
                            <![CDATA[
                            <span style='color:#ed684a'><b>La licencia ha caducado. Adquiera ThingWorx Manufacturing Apps o solicite una ampliación a través de la página <a href="index.html#master=PTC.Factory.RenewLicense.Master&mashup=PTC.Factory.RenewLicense" class='factory_black_16_link_console' style='color:#ed684a'><b>Actualizar licencia</b></a>.</b></span>
                            ]]>
                            </value>
                        </Row>
                        <Row>
                            <name>
                            <![CDATA[
                            PTC.Factory.Console_LicenseExpirationInfoWithoutLink.MoreThanOneDays
                            ]]>
                            </name>
                            <value>
                            <![CDATA[
                            <span style='color:#ed684a'><b>La licencia caducará dentro de {0} días. Adquiera ThingWorx Manufacturing Apps o solicite una ampliación a través de la página Actualizar licencia.</b></span>
                            ]]>
                            </value>
                        </Row>
                        <Row>
                            <name>
                            <![CDATA[
                            PTC.Factory.Console_LicenseExpirationInfoWithoutLink.OneDay
                            ]]>
                            </name>
                            <value>
                            <![CDATA[
                            <span style='color:#ed684a'><b>La licencia caducará dentro de 1 día. Adquiera ThingWorx Manufacturing Apps o solicite una ampliación a través de la página Actualizar licencia.</b></span>
                            ]]>
                            </value>
                        </Row>
                        <Row>
                            <name>
                            <![CDATA[
                            PTC.Factory.Console_LicenseExpirationInfoWithoutLink.Expired
                            ]]>
                            </name>
                            <value>
                            <![CDATA[
                            <span style='color:#ed684a'><b>La licencia ha caducado. Adquiera ThingWorx Manufacturing Apps o solicite una ampliación a través de la página Actualizar licencia.</b></span>
                            ]]>
                            </value>
                        </Row>
                        <Row>
                            <name>
                            <![CDATA[
                            PTC.Factory.TextMessageRatesWarning
                            ]]>
                            </name>
                            <value>
                            <![CDATA[
                            Podrían aplicarse tarifas de mensajes estándar.
                            ]]>
                            </value>
                        </Row>
                        <Row>
                            <name>
                            <![CDATA[
                            PTC.Factory.MobileNumberFormattingTwilioErrorMessage
                            ]]>
                            </name>
                            <value>
                            <![CDATA[
                            El número de teléfono móvil debe incluir el código de país y el número del suscriptor, por ejemplo +151423567
                            ]]>
                            </value>
                        </Row>
                        <Row>
                            <name>
                            <![CDATA[
                            PTC.Factory.DisplayTypeName
                            ]]>
                            </name>
                            <value>
                            <![CDATA[
                            {0} {1} ({2})
                            ]]>
                            </value>
                        </Row>
                    </Rows>
                </ConfigurationTable>
            </ConfigurationTables>
        </LocalizationTable>
    </LocalizationTables>
</Entities>
