<?xml version="1.0" encoding="UTF-8"?>
<Entities
 build="b18"
 majorVersion="7"
 minorVersion="1"
 modelPersistenceProviderPackage="NeoPersistenceProviderPackage"
 revision="0"
 schemaVersion="910">
    <ThingTemplates>
        <ThingTemplate
         aspect.isEditableExtensionObject="false"
         aspect.isExtension="true"
         baseThingTemplate="GenericThing"
         description="Base ThingTemplate for trends. {PTC.Factory.TrendBaseThingTemplate}"
         documentationContent="&lt;p&gt;&lt;br&gt;&lt;/p&gt; "
         effectiveThingPackage="ConfiguredThing"
         homeMashup=""
         lastModifiedDate="2016-06-07T13:22:56.396Z"
         name="PTC.Factory.TrendBaseThingTemplate"
         projectName="PTC.SCA.SCO.Troubleshooting Tool"
         tags="PTC:sca-sco-troubleshootingtool;PTC:sca-common;PTC:Trend;PTC:ThingTemplate"
         thingPackage=""
         valueStream="">
            <avatar></avatar>
            <DesignTimePermissions>
                <Create></Create>
                <Read></Read>
                <Update></Update>
                <Delete></Delete>
                <Metadata></Metadata>
            </DesignTimePermissions>
            <RunTimePermissions></RunTimePermissions>
            <VisibilityPermissions>
                <Visibility>
                    <Principal
                     isPermitted="true"
                     name="PTC.Factory.MachineVisibility"
                     type="Organization"></Principal>
                </Visibility>
            </VisibilityPermissions>
            <ConfigurationTables></ConfigurationTables>
            <PropertyBindings></PropertyBindings>
            <RemotePropertyBindings></RemotePropertyBindings>
            <RemoteServiceBindings></RemoteServiceBindings>
            <RemoteEventBindings></RemoteEventBindings>
            <AlertConfigurations></AlertConfigurations>
            <ThingShape>
                <PropertyDefinitions></PropertyDefinitions>
                <ServiceDefinitions></ServiceDefinitions>
                <EventDefinitions></EventDefinitions>
                <ServiceMappings></ServiceMappings>
                <ServiceImplementations></ServiceImplementations>
                <Subscriptions></Subscriptions>
            </ThingShape>
            <ImplementedShapes>
                <ImplementedShape
                 name="PTC.Factory.TrendThingShape"
                 type="ThingShape"></ImplementedShape>
            </ImplementedShapes>
            <SharedConfigurationTables></SharedConfigurationTables>
            <InstanceDesignTimePermissions>
                <Create></Create>
                <Read>
                    <Principal
                     isPermitted="true"
                     name="Controls Engineer"
                     type="Group"></Principal>
                    <Principal
                     isPermitted="true"
                     name="Maintenance Manager"
                     type="Group"></Principal>
                    <Principal
                     isPermitted="true"
                     name="Maintenance Engineer"
                     type="Group"></Principal>
                    <Principal
                     isPermitted="true"
                     name="Production Manager"
                     type="Group"></Principal>
                </Read>
                <Update>
                    <Principal
                     isPermitted="true"
                     name="Controls Engineer"
                     type="Group"></Principal>
                    <Principal
                     isPermitted="true"
                     name="Maintenance Manager"
                     type="Group"></Principal>
                    <Principal
                     isPermitted="true"
                     name="Maintenance Engineer"
                     type="Group"></Principal>
                    <Principal
                     isPermitted="true"
                     name="Production Manager"
                     type="Group"></Principal>
                </Update>
                <Delete>
                    <Principal
                     isPermitted="true"
                     name="Controls Engineer"
                     type="Group"></Principal>
                    <Principal
                     isPermitted="true"
                     name="Maintenance Manager"
                     type="Group"></Principal>
                    <Principal
                     isPermitted="true"
                     name="Maintenance Engineer"
                     type="Group"></Principal>
                    <Principal
                     isPermitted="true"
                     name="Production Manager"
                     type="Group"></Principal>
                </Delete>
                <Metadata></Metadata>
            </InstanceDesignTimePermissions>
            <InstanceRunTimePermissions>
                <Permissions
                 resourceName="*">
                    <PropertyRead>
                        <Principal
                         isPermitted="true"
                         name="Controls Engineer"
                         type="Group"></Principal>
                        <Principal
                         isPermitted="true"
                         name="Maintenance Manager"
                         type="Group"></Principal>
                        <Principal
                         isPermitted="true"
                         name="Maintenance Engineer"
                         type="Group"></Principal>
                        <Principal
                         isPermitted="true"
                         name="Production Manager"
                         type="Group"></Principal>
                    </PropertyRead>
                    <PropertyWrite>
                        <Principal
                         isPermitted="true"
                         name="Controls Engineer"
                         type="Group"></Principal>
                        <Principal
                         isPermitted="true"
                         name="Maintenance Manager"
                         type="Group"></Principal>
                        <Principal
                         isPermitted="true"
                         name="Maintenance Engineer"
                         type="Group"></Principal>
                        <Principal
                         isPermitted="true"
                         name="Production Manager"
                         type="Group"></Principal>
                    </PropertyWrite>
                    <ServiceInvoke>
                        <Principal
                         isPermitted="true"
                         name="Controls Engineer"
                         type="Group"></Principal>
                        <Principal
                         isPermitted="true"
                         name="Maintenance Manager"
                         type="Group"></Principal>
                        <Principal
                         isPermitted="true"
                         name="Maintenance Engineer"
                         type="Group"></Principal>
                        <Principal
                         isPermitted="true"
                         name="Production Manager"
                         type="Group"></Principal>
                    </ServiceInvoke>
                    <EventInvoke></EventInvoke>
                    <EventSubscribe></EventSubscribe>
                </Permissions>
            </InstanceRunTimePermissions>
            <InstanceVisibilityPermissions>
                <Visibility>
                    <Principal
                     isPermitted="true"
                     name="PTC.Factory.MachineVisibility:Trend&amp;Troubleshooting"
                     type="OrganizationalUnit"></Principal>
                </Visibility>
            </InstanceVisibilityPermissions>
        </ThingTemplate>
    </ThingTemplates>
</Entities>
