<?xml version="1.0" encoding="UTF-8"?>
<Entities
 build="b18"
 majorVersion="7"
 minorVersion="1"
 modelPersistenceProviderPackage="NeoPersistenceProviderPackage"
 revision="0"
 schemaVersion="910">
    <StyleDefinitions>
        <StyleDefinition
         description="Dropdownd button style {PTC.Factory.DropdownButtonStyle}"
         documentationContent=""
         homeMashup=""
         lastModifiedDate="2016-05-02T02:24:09.678Z"
         name="PTC.Factory.DropdownButtonStyle"
         projectName="PTC.SCA.SCO.User Management"
         tags="PTC:sca-sco-usermanagement;PTC:sca-common;PTC:StyleDefinition">
            <avatar></avatar>
            <DesignTimePermissions>
                <Create></Create>
                <Read></Read>
                <Update></Update>
                <Delete></Delete>
                <Metadata></Metadata>
            </DesignTimePermissions>
            <RunTimePermissions></RunTimePermissions>
            <VisibilityPermissions>
                <Visibility>
                    <Principal
                     isPermitted="true"
                     name="PTC.Factory.MachineVisibility"
                     type="Organization"></Principal>
                </Visibility>
            </VisibilityPermissions>
            <ConfigurationTables></ConfigurationTables>
            <content>
            <![CDATA[
            {"image":"PTC.Factory.dropdownArrow","backgroundColor":"#a1a1a1","textSize":"normal","lineStyle":"solid","fontEmphasisUnderline":false,"displayString":"","fontEmphasisItalic":false,"lineThickness":1,"lineColor":"#b6b6b6","foregroundColor":"","fontEmphasisBold":false,"secondaryBackgroundColor":"#696969"}
            ]]>
            </content>
        </StyleDefinition>
    </StyleDefinitions>
</Entities>
