<?xml version="1.0" encoding="UTF-8"?><Entities>
  <ExtensionPackages>
    <ExtensionPackage name="AnalyticsSmartGrid_ExtensionPackage" description="Smart grid widget" vendor="ThingWorx Labs" packageVersion="1.1.3" minimumThingWorxVersion="7.0.0" buildNumber="40"/>
  </ExtensionPackages>
  <Widgets>
    <Widget name="analyticsSmartGrid">
      <UIResources>
        <FileResource type="CSS" file="jquery.appendGrid-1.6.2.css" description="" isDevelopment="false" isRuntime="true"/>
        <FileResource type="JS" file="jquery.appendGrid-1.6.2.js" description="" isDevelopment="false" isRuntime="true"/>
        <FileResource type="CSS" file="analyticsSmartGridWidget.ide.css" description="" isDevelopment="true" isRuntime="false"/>
        <FileResource type="JS" file="analyticsSmartGridWidget.ide.js" description="" isDevelopment="true" isRuntime="false"/>
        <FileResource type="JS" file="analyticsSmartGridWidget.customdialog.ide.js" description="" isDevelopment="true" isRuntime="false"/>
        <FileResource type="CSS" file="analyticsSmartGridWidget.runtime.css" description="" isDevelopment="false" isRuntime="true"/>
        <FileResource type="JS" file="analyticsSmartGridWidget.runtime.js" description="" isDevelopment="false" isRuntime="true"/>
      </UIResources>
    </Widget>
  </Widgets>
</Entities>
