<?xml version="1.0" encoding="UTF-8"?>
<Entities>
    <ExtensionPackages>
        <ExtensionPackage name="HistorylessAccordionMenu"
            description="Accordion menu that does not save navigation history"
            vendor="ThingWorx UIUX + PTC"
			packageVersion="8.5.1"
			buildNumber="01"
            minimumThingWorxVersion="8.1.0" />
    </ExtensionPackages>
    <Widgets>
        <Widget name="historyless-accordion-menu">
            <UIResources>
                <FileResource file="historyless-accordion-menu.ide.js" type="JS" isRuntime="false" isDevelopment="true"></FileResource>
                <FileResource file="historyless-accordion-menu.customdialog.ide.js" type="JS" isRuntime="false" isDevelopment="true"></FileResource>
                <FileResource file="historyless-accordion-menu.runtime.js" type="JS" isRuntime="true" isDevelopment="false"></FileResource>
                <FileResource file="historyless-accordion-menu.runtime.css" type="CSS" isRuntime="true" isDevelopment="false"></FileResource>
                <FileResource file="historyless-accordion-menu.ide.css" type="CSS" isRuntime="false" isDevelopment="false"></FileResource>
            </UIResources>
    </Widget>
    </Widgets>
</Entities>
