<?xml version="1.0" encoding="UTF-8" standalone="no"?>
<Entities>
    <ExtensionPackages>
        <ExtensionPackage dependsOn="" description="" minimumThingWorxVersion="8.3.0" name="chartjsextension_v2" packageVersion="2.3.5" vendor="Pfizer"> 
        </ExtensionPackage>
    </ExtensionPackages>
    <Widgets>
        <Widget name="chartjschart_v2">
            <UIResources>
                <FileResource description="" file="chartjschart_v2.ide.js" isDevelopment="true" isRuntime="false" type="JS"/>
                <FileResource description="" file="chartjschart_v2.ide.css" isDevelopment="true" isRuntime="false" type="CSS"/>
                <FileResource description="" file="chartjschart_v2.runtime.js" isDevelopment="false" isRuntime="true" type="JS"/>
                <FileResource description="" file="chartjschart_v2.runtime.css" isDevelopment="false" isRuntime="true" type="CSS"/>
            </UIResources>
        </Widget>
    </Widgets>
</Entities>
