<?xml version="1.0" encoding="UTF-8"?>
<Entities>
	<ExtensionPackages>
		<ExtensionPackage name="LogoutWidgetExt" 
							description="Log out a user by by a click or upon an event" 
							vendor="Pfizer, Inc." 
							packageVersion="1.0.3" 
							minimumThingWorxVersion="6.0.0"
							buildNumber="LogoutWidgetExt v.1.0.1">
		</ExtensionPackage>
	</ExtensionPackages>
	<Widgets>
		<Widget name="LogoutWidgetExt">
			<UIResources>
				<!-- Studio ONLY -->
				<FileResource type="CSS" file="LogoutWidgetExt.ide.css" description="" isDevelopment="true" isRuntime="false" />
				<FileResource type="JS" file="LogoutWidgetExt.ide.js" description="" isDevelopment="true" isRuntime="false" />
				<!-- Runtime/Squeal ONLY -->
				<FileResource type="CSS" file="LogoutWidgetExt.runtime.css" description="" isDevelopment="false" isRuntime="true" />
				<FileResource type="JS" file="LogoutWidgetExt.runtime.js" description="" isDevelopment="false" isRuntime="true" />
			</UIResources>
		</Widget>		
	</Widgets>
</Entities>
