<?xml version="1.0" encoding="UTF-8"?>
<Entities
 build="b3079"
 majorVersion="0"
 minorVersion="0"
 modelPersistenceProviderPackage="PostgresPersistenceProviderPackage"
 revision="0"
 schemaVersion="940">
    <StateDefinitions>
        <StateDefinition
         aspect.isEditableExtensionObject="false"
         aspect.isExtension="true"
         description="***DEPRECATED-J*** This state definition will be deleted in a future release. Monitored Property State Definition with sensor anomaly status styles {PTC.SCA.SCO.AssetMonitor.AssetDetail.MonitoredPropertyOperationalStateDefinition}"
         documentationContent=""
         homeMashup=""
         lastModifiedDate="2017-05-04T10:25:09.109Z"
         name="PTC.SCA.SCO.AssetMonitor.AssetDetail.MonitoredPropertyOperationalStateDefinition"
         projectName="PTC.SCA.SCO.Asset Monitor"
         tags="PTC:sca-sco-assetmonitor;PTC:sca-common;PTC:StateDefinition;PTC:Asset">
            <avatar></avatar>
            <DesignTimePermissions>
                <Create></Create>
                <Read></Read>
                <Update></Update>
                <Delete></Delete>
                <Metadata></Metadata>
            </DesignTimePermissions>
            <RunTimePermissions></RunTimePermissions>
            <VisibilityPermissions>
                <Visibility></Visibility>
            </VisibilityPermissions>
            <ConfigurationTables></ConfigurationTables>
            <content>
            <![CDATA[
            {"stateDefinitions":[{"displayString":"Anomalous","defaultStyleDefinition":"PTC.SCA.SCO.AssetMonitor.AssetDetail.MonitoredProperty.AnomalyIndicatorStyleDefinition","defaultValue":"ANOMALOUS","name":"Anomalous","description":""},{"displayString":"Calibrating","defaultStyleDefinition":"PTC.SCA.SCO.AssetMonitor.AssetDetail.MonitoredProperty.CalibratingIndicatorStyleDefinition","defaultValue":"CALIBRATING","name":"Calibrating","description":""},{"displayString":"Unavailable","defaultStyleDefinition":"PTC.SCA.SCO.AssetMonitor.AssetDetail.MonitoredProperty.UnavailableIndicatorStyleDefinition","defaultValue":"UNAVAILABLE","name":"Unavailable","description":""},{"displayString":"NORMAL","defaultStyleDefinition":"PTC.SCA.SCO.AssetMonitor.AssetDetail.MonitoredProperty.NormalIndicatorStyleDefinition","name":"NORMAL","description":""}],"stateType":"string"}
            ]]>
            </content>
        </StateDefinition>
    </StateDefinitions>
</Entities>
