<?xml version="1.0" encoding="utf-8"?><Entities><ExtensionPackages><ExtensionPackage name="SCO_Common-customization-8.5.1-01-extension" description="Smart Connected Operation Common Tools Extension Customization" vendor="PTC" packageVersion="8.5.1" buildNumber="01" minimumThingWorxVersion="8.1.0" dependsOn="SCO_Common-extension:8.5.1" licensed="true" licenseName="twx_mfg_common" namedLicensedGroup="twx_mfg_common_named"><Licensed><Entity name="PTC.SCA.SCO.ConfigurationAndSetup.C_EquipmentConfigurationMashup_8.5.1_01"></Entity><Entity name="PTC.SCA.SCO.ConfigurationAndSetup.C_EmailAndTextConfigurationMashup_8.5.1_01"></Entity><Entity name="PTC.SCA.SCO.ConfigurationAndSetup.C_PopupMashup_8.5.1_01"></Entity></Licensed><JarResources><FileResource file="sco-Common-customization-extension.jar" type="JAR"></FileResource></JarResources></ExtensionPackage></ExtensionPackages></Entities>