<?xml version="1.0" encoding="UTF-8"?>
<Entities
 build="b52"
 majorVersion="8"
 minorVersion="1"
 modelPersistenceProviderPackage="PostgresPersistenceProviderPackage"
 revision="0"
 schemaVersion="1010">
    <DataShapes>
        <DataShape
         aspect.isEditableExtensionObject="false"
         aspect.isExtension="true"
         baseDataShape=""
         description="A KEP Server Properties {PTC.Factory.KepServerProperties}"
         documentationContent=""
         homeMashup=""
         lastModifiedDate="2017-11-14T13:34:32.475-05:00"
         name="PTC.Factory.KepServerProperties"
         projectName="PTC.SCA.SCO.KEPServerEX Monitor"
         tags="PTC:sca-sco-kepserverexmonitor;PTC:DataShape;PTC:sca-mfg;PTC:KepServer">
            <avatar></avatar>
            <DesignTimePermissions>
                <Create></Create>
                <Read></Read>
                <Update></Update>
                <Delete></Delete>
                <Metadata></Metadata>
            </DesignTimePermissions>
            <RunTimePermissions></RunTimePermissions>
            <VisibilityPermissions>
                <Visibility>
                    <Principal
                     isPermitted="true"
                     name="PTC.Factory.MachineVisibility"
                     type="Organization"></Principal>
                </Visibility>
            </VisibilityPermissions>
            <ConfigurationTables></ConfigurationTables>
            <FieldDefinitions>
                <FieldDefinition
                 baseType="THINGNAME"
                 description=""
                 name="aggregateThing"
                 ordinal="35"></FieldDefinition>
                <FieldDefinition
                 baseType="STRING"
                 description=""
                 name="AlertIcon"
                 ordinal="23"></FieldDefinition>
                <FieldDefinition
                 baseType="INTEGER"
                 description="Number of clients connected to the KEPServerEX Aggregator"
                 name="ClientCount"
                 ordinal="5"></FieldDefinition>
                <FieldDefinition
                 baseType="STRING"
                 description="Current time on the connection"
                 name="CurrentServerTime"
                 ordinal="7"></FieldDefinition>
                <FieldDefinition
                 baseType="STRING"
                 description="Description of the connection"
                 name="Description"
                 ordinal="2"></FieldDefinition>
                <FieldDefinition
                 baseType="STRING"
                 description=""
                 name="DetailsPageLink"
                 ordinal="8"></FieldDefinition>
                <FieldDefinition
                 baseType="INTEGER"
                 description=""
                 name="devicesStatus"
                 ordinal="21"></FieldDefinition>
                <FieldDefinition
                 baseType="STRING"
                 description=""
                 name="displayDevicesStatus"
                 ordinal="27"></FieldDefinition>
                <FieldDefinition
                 baseType="STRING"
                 description=""
                 name="FullServerName"
                 ordinal="11"></FieldDefinition>
                <FieldDefinition
                 baseType="BOOLEAN"
                 description="Indicates if there is an alert on the connection"
                 name="hasAlert"
                 ordinal="24"></FieldDefinition>
                <FieldDefinition
                 baseType="STRING"
                 description=""
                 name="Host"
                 ordinal="1"></FieldDefinition>
                <FieldDefinition
                 baseType="STRING"
                 description=""
                 name="Id"
                 ordinal="13"></FieldDefinition>
                <FieldDefinition
                 baseType="BOOLEAN"
                 description=""
                 name="isAggregate"
                 ordinal="30"></FieldDefinition>
                <FieldDefinition
                 baseType="BOOLEAN"
                 description=""
                 name="IsConnected"
                 ordinal="18"></FieldDefinition>
                <FieldDefinition
                 baseType="BOOLEAN"
                 description=""
                 name="isCustomRemoteOPCServer"
                 ordinal="31"></FieldDefinition>
                <FieldDefinition
                 baseType="STRING"
                 description="corresponding string value for &quot;true&quot; and &quot;false&quot; of field isCustomRemoteOPCServer"
                 name="isCustomRemoteOPCServerString"
                 ordinal="32"></FieldDefinition>
                <FieldDefinition
                 baseType="BOOLEAN"
                 description=""
                 name="isRemoteServer"
                 ordinal="34"></FieldDefinition>
                <FieldDefinition
                 baseType="DATETIME"
                 description=""
                 name="LastCurrentServerTimeValueUpdate"
                 ordinal="21"></FieldDefinition>
                <FieldDefinition
                 baseType="DATETIME"
                 description=""
                 name="LastDiscovery"
                 ordinal="23"></FieldDefinition>
                <FieldDefinition
                 aspect.isPrimaryKey="true"
                 baseType="STRING"
                 description="Name"
                 name="Name"
                 ordinal="9"></FieldDefinition>
                <FieldDefinition
                 baseType="INTEGER"
                 description=""
                 name="NumberOfDevices"
                 ordinal="4"></FieldDefinition>
                <FieldDefinition
                 baseType="INTEGER"
                 description=""
                 name="NumberOfDevicesAdded"
                 ordinal="24"></FieldDefinition>
                <FieldDefinition
                 baseType="INTEGER"
                 description=""
                 name="NumberOfDevicesInError"
                 ordinal="4"></FieldDefinition>
                <FieldDefinition
                 baseType="INTEGER"
                 description=""
                 name="NumberOfDevicesRemoved"
                 ordinal="25"></FieldDefinition>
                <FieldDefinition
                 baseType="BOOLEAN"
                 description=""
                 name="NumberOfDevicesUpdated"
                 ordinal="26"></FieldDefinition>
                <FieldDefinition
                 baseType="STRING"
                 description="***DEPRECATED-H*** please use the Name property instead"
                 name="OPCDAThingName"
                 ordinal="12"></FieldDefinition>
                <FieldDefinition
                 baseType="INTEGER"
                 description="Update/Scan rate for server"
                 name="PublishFloorMS"
                 ordinal="20"></FieldDefinition>
                <FieldDefinition
                 baseType="BOOLEAN"
                 description=""
                 name="RebindTags"
                 ordinal="32"></FieldDefinition>
                <FieldDefinition
                 baseType="BOOLEAN"
                 description="Kepware Server will be consider as initialized (set to true)if the system properties has been subscribed.Else this property will be set to false. "
                 name="ServerInitialized"
                 ordinal="20"></FieldDefinition>
                <FieldDefinition
                 baseType="STRING"
                 description=""
                 name="ServerName"
                 ordinal="10"></FieldDefinition>
                <FieldDefinition
                 baseType="INTEGER"
                 description="An integer indicating the status of the connection"
                 name="serverStatus"
                 ordinal="34"></FieldDefinition>
                <FieldDefinition
                 baseType="STRING"
                 description=""
                 name="serverStatusHTMLString"
                 ordinal="35"></FieldDefinition>
                <FieldDefinition
                 baseType="INTEGER"
                 description="Number of tags on the KEPServerEX Aggregator"
                 name="TagCount"
                 ordinal="6"></FieldDefinition>
                <FieldDefinition
                 baseType="STRING"
                 description="String property representing the connection type"
                 name="connectionType"
                 ordinal="36"></FieldDefinition>
            </FieldDefinitions>
        </DataShape>
    </DataShapes>
</Entities>
