<?xml version="1.0" encoding="UTF-8"?>
<Entities
 build="b3079"
 majorVersion="0"
 minorVersion="0"
 modelPersistenceProviderPackage="NeoPersistenceProviderPackage"
 revision="0"
 schemaVersion="940">
    <DataShapes>
        <DataShape
         aspect.isEditableExtensionObject="false"
         baseDataShape=""
         description="Log Entry {PTC.SCA.SCO.LogEntry}"
         documentationContent=""
         homeMashup=""
         lastModifiedDate="2017-05-10T14:12:37.836-04:00"
         name="PTC.SCA.SCO.LogEntry"
         projectName="PTC.SCA.SCO.KEPServerEX Monitor"
         tags="PTC:sca-sco-kepserverexmonitor;PTC:DataShape;PTC:sca-mfg;PTC:KepServer">
            <avatar></avatar>
            <DesignTimePermissions>
                <Create></Create>
                <Read></Read>
                <Update></Update>
                <Delete></Delete>
                <Metadata></Metadata>
            </DesignTimePermissions>
            <RunTimePermissions></RunTimePermissions>
            <VisibilityPermissions>
                <Visibility></Visibility>
            </VisibilityPermissions>
            <ConfigurationTables></ConfigurationTables>
            <FieldDefinitions>
                <FieldDefinition
                 baseType="STRING"
                 description="log message content"
                 name="content"
                 ordinal="1"></FieldDefinition>
                <FieldDefinition
                 baseType="STRING"
                 description="entity instance  with the log entry"
                 name="instance"
                 ordinal="2"></FieldDefinition>
                <FieldDefinition
                 baseType="STRING"
                 description="level of log entry"
                 name="level"
                 ordinal="3"></FieldDefinition>
                <FieldDefinition
                 baseType="STRING"
                 description="origin of the log entry"
                 name="origin"
                 ordinal="4"></FieldDefinition>
                <FieldDefinition
                 baseType="STRING"
                 description=""
                 name="serverName"
                 ordinal="5"></FieldDefinition>
                <FieldDefinition
                 baseType="STRING"
                 description="session associated with the log entry"
                 name="session"
                 ordinal="6"></FieldDefinition>
                <FieldDefinition
                 baseType="STRING"
                 description="thread that generated log entry"
                 name="thread"
                 ordinal="7"></FieldDefinition>
                <FieldDefinition
                 baseType="DATETIME"
                 description="Time of log entry"
                 name="timestamp"
                 ordinal="8"></FieldDefinition>
                <FieldDefinition
                 aspect.isPrimaryKey="true"
                 baseType="STRING"
                 description="unique ID"
                 name="uniqueId"
                 ordinal="0"></FieldDefinition>
                <FieldDefinition
                 baseType="USERNAME"
                 description="user that generated log entry"
                 name="user"
                 ordinal="9"></FieldDefinition>
            </FieldDefinitions>
        </DataShape>
    </DataShapes>
</Entities>
