<?xml version="1.0" encoding="UTF-8"?>
<Entities
 build="b198"
 majorVersion="8"
 minorVersion="3"
 modelPersistenceProviderPackage="PostgresPersistenceProviderPackage"
 revision="0"
 schemaVersion="1030"
 universal="">
    <DataShapes>
        <DataShape
         aspect.isEditableExtensionObject="false"
         aspect.isExtension="true"
         baseDataShape=""
         description="Data shape containing properties for a job order's required materials {PTC.SCA.SCO.JobOrderMaterialRequirement}"
         documentationContent=""
         homeMashup=""
         lastModifiedDate="2018-05-04T15:22:07.939-04:00"
         name="PTC.SCA.SCO.JobOrderMaterialRequirement"
         projectName=""
         tags="PTC:OA">
            <avatar></avatar>
            <DesignTimePermissions>
                <Create></Create>
                <Read></Read>
                <Update></Update>
                <Delete></Delete>
                <Metadata></Metadata>
            </DesignTimePermissions>
            <RunTimePermissions></RunTimePermissions>
            <VisibilityPermissions>
                <Visibility></Visibility>
            </VisibilityPermissions>
            <ConfigurationTables></ConfigurationTables>
            <FieldDefinitions>
                <FieldDefinition
                 baseType="INTEGER"
                 description=""
                 name="AssemblyRelationship"
                 ordinal="13"></FieldDefinition>
                <FieldDefinition
                 baseType="INTEGER"
                 description=""
                 name="AssemblyType"
                 ordinal="12"></FieldDefinition>
                <FieldDefinition
                 baseType="STRING"
                 description=""
                 name="Description"
                 ordinal="7"></FieldDefinition>
                <FieldDefinition
                 baseType="LONG"
                 description=""
                 name="JobOrderUID"
                 ordinal="2"></FieldDefinition>
                <FieldDefinition
                 baseType="LONG"
                 description=""
                 name="MaterialClassUID"
                 ordinal="3"></FieldDefinition>
                <FieldDefinition
                 baseType="LONG"
                 description=""
                 name="MaterialDefinitionUID"
                 ordinal="4"></FieldDefinition>
                <FieldDefinition
                 baseType="LONG"
                 description=""
                 name="MaterialLotUID"
                 ordinal="5"></FieldDefinition>
                <FieldDefinition
                 baseType="LONG"
                 description=""
                 name="MaterialSublotUID"
                 ordinal="6"></FieldDefinition>
                <FieldDefinition
                 baseType="INTEGER"
                 description=""
                 name="MaterialUse"
                 ordinal="8"></FieldDefinition>
                <FieldDefinition
                 baseType="NUMBER"
                 description=""
                 name="Quantity"
                 ordinal="10"></FieldDefinition>
                <FieldDefinition
                 baseType="STRING"
                 description=""
                 name="QuantityUnitOfMeasure"
                 ordinal="11"></FieldDefinition>
                <FieldDefinition
                 baseType="STRING"
                 description=""
                 name="StorageLocation"
                 ordinal="9"></FieldDefinition>
                <FieldDefinition
                 aspect.isPrimaryKey="true"
                 baseType="LONG"
                 description=""
                 name="UID"
                 ordinal="1"></FieldDefinition>
            </FieldDefinitions>
        </DataShape>
    </DataShapes>
</Entities>
