<?xml version="1.0" encoding="UTF-8"?>
<Entities
 build="b198"
 majorVersion="8"
 minorVersion="3"
 modelPersistenceProviderPackage="PostgresPersistenceProviderPackage"
 revision="0"
 schemaVersion="1030"
 universal="">
    <DataShapes>
        <DataShape
         aspect.isEditableExtensionObject="false"
         aspect.isExtension="true"
         baseDataShape=""
         description="Data Shape containing properties for the personnel specification of a work definition {PTC.SCA.SCO.WorkDefinitionPersonnelSpecification}"
         documentationContent=""
         homeMashup=""
         lastModifiedDate="2018-05-04T16:02:10.623-04:00"
         name="PTC.SCA.SCO.WorkDefinitionPersonnelSpecification"
         projectName=""
         tags="PTC:OA">
            <avatar></avatar>
            <DesignTimePermissions>
                <Create></Create>
                <Read></Read>
                <Update></Update>
                <Delete></Delete>
                <Metadata></Metadata>
            </DesignTimePermissions>
            <RunTimePermissions></RunTimePermissions>
            <VisibilityPermissions>
                <Visibility></Visibility>
            </VisibilityPermissions>
            <ConfigurationTables></ConfigurationTables>
            <FieldDefinitions>
                <FieldDefinition
                 baseType="LONG"
                 description=""
                 name="PersonnelClassUID"
                 ordinal="3"></FieldDefinition>
                <FieldDefinition
                 baseType="LONG"
                 description=""
                 name="PersonUID"
                 ordinal="4"></FieldDefinition>
                <FieldDefinition
                 baseType="INTEGER"
                 description=""
                 name="PersonnelUse"
                 ordinal="5"></FieldDefinition>
                <FieldDefinition
                 baseType="NUMBER"
                 description=""
                 name="Quantity"
                 ordinal="6"></FieldDefinition>
                <FieldDefinition
                 baseType="STRING"
                 description=""
                 name="QuantityUnitOfMeasure"
                 ordinal="7"></FieldDefinition>
                <FieldDefinition
                 baseType="STRING"
                 description=""
                 name="Description"
                 ordinal="8"></FieldDefinition>
                <FieldDefinition
                 aspect.isPrimaryKey="true"
                 baseType="LONG"
                 description=""
                 name="UID"
                 ordinal="1"></FieldDefinition>
                <FieldDefinition
                 baseType="LONG"
                 description=""
                 name="WorkDefinitionUID"
                 ordinal="2"></FieldDefinition>
            </FieldDefinitions>
        </DataShape>
    </DataShapes>
</Entities>
