<?xml version="1.0" encoding="UTF-8"?>
<Entities
 build="b36"
 majorVersion="8"
 minorVersion="2"
 modelPersistenceProviderPackage="PostgresPersistenceProviderPackage"
 revision="3"
 schemaVersion="1020"
 universal="">
    <DataShapes>
        <DataShape
         aspect.isEditableExtensionObject="false"
         aspect.isExtension="true"
         baseDataShape=""
         description="Data shape for the information to display in the job order summary view mashup {PTC.SCA.SCO.JobOrderSummary}"
         documentationContent=""
         homeMashup=""
         lastModifiedDate="2018-04-18T08:59:43.349-04:00"
         name="PTC.SCA.SCO.JobOrderSummary"
         projectName=""
         tags="PTC:OA">
            <avatar></avatar>
            <DesignTimePermissions>
                <Create></Create>
                <Read></Read>
                <Update></Update>
                <Delete></Delete>
                <Metadata></Metadata>
            </DesignTimePermissions>
            <RunTimePermissions></RunTimePermissions>
            <VisibilityPermissions>
                <Visibility></Visibility>
            </VisibilityPermissions>
            <ConfigurationTables></ConfigurationTables>
            <FieldDefinitions>
                <FieldDefinition
                 baseType="INTEGER"
                 description=""
                 name="dispatchStatus"
                 ordinal="11"></FieldDefinition>
                <FieldDefinition
                 baseType="STRING"
                 description=""
                 name="dispatchStatusDisplayString"
                 ordinal="7"></FieldDefinition>
                <FieldDefinition
                 aspect.isPrimaryKey="true"
                 baseType="STRING"
                 description=""
                 name="jobOrderID"
                 ordinal="8"></FieldDefinition>
                <FieldDefinition
                 baseType="STRING"
                 description=""
                 name="location"
                 ordinal="7"></FieldDefinition>
                <FieldDefinition
                 baseType="STRING"
                 description=""
                 name="priorityDisplayString"
                 ordinal="13"></FieldDefinition>
                <FieldDefinition
                 baseType="STRING"
                 description=""
                 name="productionOrderNumber"
                 ordinal="8"></FieldDefinition>
                <FieldDefinition
                 baseType="STRING"
                 description=""
                 name="typeDisplayString"
                 ordinal="8"></FieldDefinition>
                <FieldDefinition
                 baseType="STRING"
                 description=""
                 name="workTypeDisplayString"
                 ordinal="14"></FieldDefinition>
                <FieldDefinition
                 baseType="LONG"
                 description=""
                 name="UID"
                 ordinal="15"></FieldDefinition>
                <FieldDefinition
                 baseType="STRING"
                 description=""
                 name="materialDefinitionId"
                 ordinal="18"></FieldDefinition>
                <FieldDefinition
                 baseType="STRING"
                 description=""
                 name="quantityRequired"
                 ordinal="19"></FieldDefinition>
                <FieldDefinition
                 baseType="DATETIME"
                 description=""
                 name="plannedStartTime"
                 ordinal="22"></FieldDefinition>
                <FieldDefinition
                 baseType="DATETIME"
                 description=""
                 name="plannedEndTime"
                 ordinal="23"></FieldDefinition>
                <FieldDefinition
                 baseType="DATETIME"
                 description=""
                 name="actualStartTime"
                 ordinal="24"></FieldDefinition>
                <FieldDefinition
                 baseType="DATETIME"
                 description=""
                 name="actualEndTime"
                 ordinal="25"></FieldDefinition>
            </FieldDefinitions>
        </DataShape>
    </DataShapes>
</Entities>
