<?xml version="1.0" encoding="UTF-8"?>
<Entities
 build="b2192"
 majorVersion="8"
 minorVersion="4"
 modelPersistenceProviderPackage="PostgresPersistenceProviderPackage"
 revision="3"
 schemaVersion="1040"
 universal="password">
    <DataShapes>
        <DataShape
         aspect.isEditableExtensionObject="false"
         aspect.isExtension="true"
         baseDataShape=""
         description="Data shape use in configuration table for the Database configuration."
         documentationContent=""
         homeMashup=""
         lastModifiedDate="2019-04-04T11:15:06.345-04:00"
         name="PTC.SCA.SCO.DatabaseConfiguration"
         projectName=""
         tags="PTC:OA;PTC:sco-common-layer">
            <avatar></avatar>
            <DesignTimePermissions>
                <Create></Create>
                <Read></Read>
                <Update></Update>
                <Delete></Delete>
                <Metadata></Metadata>
            </DesignTimePermissions>
            <RunTimePermissions></RunTimePermissions>
            <VisibilityPermissions>
                <Visibility></Visibility>
            </VisibilityPermissions>
            <ConfigurationTableDefinitions></ConfigurationTableDefinitions>
            <ConfigurationTables></ConfigurationTables>
            <FieldDefinitions>
                <FieldDefinition
                 aspect.isPrimaryKey="true"
                 aspect.thingShape="PTC.SCA.SCO.DatabaseThingShape"
                 aspect.thingTemplate="PTC.SCA.SCO.DatabaseThingTemplate"
                 baseType="THINGNAME"
                 description=""
                 name="DBConnection"
                 ordinal="1"></FieldDefinition>
            </FieldDefinitions>
        </DataShape>
    </DataShapes>
</Entities>
