<?xml version="1.0" encoding="UTF-8"?>
<Entities
 build="b6750"
 majorVersion="0"
 minorVersion="0"
 modelPersistenceProviderPackage="PostgresPersistenceProviderPackage"
 revision="0"
 schemaVersion="1041"
 universal="password">
    <DataShapes>
        <DataShape
         aspect.isEditableExtensionObject="false"
         aspect.isExtension="true"
         baseDataShape=""
         description="Data Shape containing properties for a thumbnail of a work definition {PTC.SCA.SCO.WorkDefinitionWithThumbnail}"
         documentationContent=""
         homeMashup=""
         lastModifiedDate="2019-05-08T22:44:55.255-04:00"
         name="PTC.SCA.SCO.WorkDefinitionWithThumbnail"
         projectName=""
         tags="PTC:OA">
            <avatar></avatar>
            <DesignTimePermissions>
                <Create></Create>
                <Read></Read>
                <Update></Update>
                <Delete></Delete>
                <Metadata></Metadata>
            </DesignTimePermissions>
            <RunTimePermissions></RunTimePermissions>
            <VisibilityPermissions>
                <Visibility></Visibility>
            </VisibilityPermissions>
            <ConfigurationTableDefinitions></ConfigurationTableDefinitions>
            <ConfigurationTables></ConfigurationTables>
            <FieldDefinitions>
                <FieldDefinition
                 aspect.isPrimaryKey="false"
                 baseType="BOOLEAN"
                 description="Execution status for a work definition step"
                 name="IsCompleted"
                 ordinal="7"></FieldDefinition>
                <FieldDefinition
                 baseType="STRING"
                 description="Illustration Name from GetWorkDefinitionThumbnail service"
                 name="IllustrationName"
                 ordinal="3"></FieldDefinition>
                <FieldDefinition
                 baseType="STRING"
                 description="Illustration URL from GetWorkDefinitionThumbnail service"
                 name="IllustrationURL"
                 ordinal="4"></FieldDefinition>
                <FieldDefinition
                 aspect.isPrimaryKey="false"
                 baseType="INTEGER"
                 description="Sequence Number from Work Definition Table"
                 name="SequenceNumber"
                 ordinal="6"></FieldDefinition>
                <FieldDefinition
                 baseType="STRING"
                 description="Type from GetWorkDefinitionThumbnail service"
                 name="Type"
                 ordinal="5"></FieldDefinition>
                <FieldDefinition
                 aspect.isPrimaryKey="true"
                 baseType="STRING"
                 description="UID from Work Definition Table"
                 name="UID"
                 ordinal="1"></FieldDefinition>
                <FieldDefinition
                 baseType="LONG"
                 description="UID from GetWorkDefinitionThumbnail service"
                 name="IllustrationUID"
                 ordinal="2"></FieldDefinition>
            </FieldDefinitions>
        </DataShape>
    </DataShapes>
</Entities>
