<?xml version="1.0" encoding="UTF-8"?>
<Entities
 build="b36"
 majorVersion="8"
 minorVersion="2"
 modelPersistenceProviderPackage="PostgresPersistenceProviderPackage"
 revision="3"
 schemaVersion="1020"
 universal="">
    <DataShapes>
        <DataShape
         aspect.isEditableExtensionObject="false"
         aspect.isExtension="true"
         baseDataShape=""
         description="Data Shape containing properties for a material definition link {PTC.SCA.SCO.MaterialDefinitionLink}"
         documentationContent=""
         homeMashup=""
         lastModifiedDate="2018-04-03T11:55:05.882-04:00"
         name="PTC.SCA.SCO.MaterialDefinitionLink"
         projectName=""
         tags="PTC:OA">
            <avatar></avatar>
            <DesignTimePermissions>
                <Create></Create>
                <Read></Read>
                <Update></Update>
                <Delete></Delete>
                <Metadata></Metadata>
            </DesignTimePermissions>
            <RunTimePermissions></RunTimePermissions>
            <VisibilityPermissions>
                <Visibility></Visibility>
            </VisibilityPermissions>
            <ConfigurationTables></ConfigurationTables>
            <FieldDefinitions>
                <FieldDefinition
                 baseType="LONG"
                 description=""
                 name="ChildUID"
                 ordinal="3"></FieldDefinition>
                <FieldDefinition
                 aspect.isPrimaryKey="true"
                 baseType="LONG"
                 description=""
                 name="UID"
                 ordinal="1"></FieldDefinition>
                <FieldDefinition
                 baseType="LONG"
                 description=""
                 name="ParentUID"
                 ordinal="2"></FieldDefinition>
            </FieldDefinitions>
        </DataShape>
    </DataShapes>
</Entities>
