<?xml version="1.0" encoding="UTF-8"?>
<Entities
 build="b88"
 majorVersion="8"
 minorVersion="2"
 modelPersistenceProviderPackage="PostgresPersistenceProviderPackage"
 revision="0"
 schemaVersion="1020"
 universal="">
    <Things>
        <Thing
         aspect.isEditableExtensionObject="false"
         aspect.isSystemObject="false"
         description="Resource provider thing for NITestStand"
         documentationContent=""
         effectiveThingPackage="ConfiguredThing"
         enabled="true"
         homeMashup=""
         identifier=""
         lastModifiedDate="2017-12-20T15:34:29.478-05:00"
         name="PTC.SCA.SCO.NITestStandResourceProvider"
         projectName="PTC.SCA.SCO.NITestStand"
         published="false"
         tags="PTC:sca-sco-niteststand;PTC:sca-sco"
         thingTemplate="PTC.SCA.SCO.NITestStandResourceProviderThingTemplate"
         valueStream="">
            <avatar></avatar>
            <DesignTimePermissions>
                <Create></Create>
                <Read></Read>
                <Update></Update>
                <Delete></Delete>
                <Metadata></Metadata>
            </DesignTimePermissions>
            <RunTimePermissions></RunTimePermissions>
            <VisibilityPermissions>
                <Visibility>
                    <Principal
                     isPermitted="true"
                     name="PTC.Factory.MachineVisibility"
                     type="Organization"></Principal>
                </Visibility>
            </VisibilityPermissions>
            <ConfigurationTables></ConfigurationTables>
            <ThingShape>
                <PropertyDefinitions></PropertyDefinitions>
                <ServiceDefinitions></ServiceDefinitions>
                <EventDefinitions></EventDefinitions>
                <ServiceMappings></ServiceMappings>
                <ServiceImplementations></ServiceImplementations>
                <Subscriptions></Subscriptions>
            </ThingShape>
            <PropertyBindings></PropertyBindings>
            <RemotePropertyBindings></RemotePropertyBindings>
            <RemoteServiceBindings></RemoteServiceBindings>
            <RemoteEventBindings></RemoteEventBindings>
            <AlertConfigurations></AlertConfigurations>
            <ImplementedShapes></ImplementedShapes>
            <ThingProperties>
                <pathDelimiter>
                    <Value>
                    <![CDATA[
                    .
                    ]]>
                    </Value>
                    <Timestamp>2017-12-27T11:41:27.131-05:00</Timestamp>
                    <Quality>GOOD</Quality>
                </pathDelimiter>
            </ThingProperties>
        </Thing>
    </Things>
</Entities>
