<?xml version="1.0" encoding="UTF-8" standalone="no"?>
<Entities>
    <ExtensionPackages>
        <ExtensionPackage dependsOn="" description="" minimumThingWorxVersion="6.6.5" name="FlexInfoTable" packageVersion="1.0.10" vendor="Thingworx Labs"> 
        </ExtensionPackage>
    </ExtensionPackages>
    <Widgets>
        <Widget name="flexinfotable">
            <UIResources>
                <FileResource description="" file="fit.ide.js" isDevelopment="true" isRuntime="false" type="JS"/>
                <FileResource description="" file="fit.ide.css" isDevelopment="true" isRuntime="false" type="CSS"/>
                <FileResource description="" file="fit.runtime.js" isDevelopment="false" isRuntime="true" type="JS"/>
                <FileResource description="" file="fit.runtime.css" isDevelopment="false" isRuntime="true" type="CSS"/>
            </UIResources>
        </Widget>
    </Widgets>
</Entities>
