<?xml version="1.0" encoding="UTF-8" standalone="no"?>
<Entities>
    <ExtensionPackages>
        <ExtensionPackage dependsOn="" description="" minimumThingWorxVersion="8.5.0" name="NTLMImageExtension" packageVersion="1.1.16" vendor="Pfizer">
            <JarResources>
                <FileResource description="" file="ntlmimageextension.jar" type="JAR"/>
                <FileResource description="" file="jcifs-1.3.19.jar" type="JAR"/>
            </JarResources>
        </ExtensionPackage>
    </ExtensionPackages>
    <ThingPackages>
        <ThingPackage className="NTLMImageRenderer" description="" name="NTLMImageRendererPackage"/>
    </ThingPackages>
    <ThingTemplates>
        <ThingTemplate aspect.isEditableExtensionObject="true" description="" name="NTLMImageRenderer" thingPackage="NTLMImageRendererPackage"/>
    </ThingTemplates>
</Entities>
