<?xml version="1.0" encoding="utf-8"?><Entities><ExtensionPackages><ExtensionPackage name="KEPServerPlantstatus-extension" description="Plant Status" vendor="PTC" packageVersion="8.5.1" buildNumber="01" minimumThingWorxVersion="8.1.0" dependsOn="AppHomePage-extension:8.5.1,UserManagement-extension:8.5.1" licensed="true" licenseName="twx_prd_adv" namedLicensedGroup="twx_prd_adv_named"><Licensed><Entity name="PTC.Factory.PlantStatus"></Entity></Licensed><JarResources><FileResource file="mfg-KEPServerPlantstatus-extension.jar" type="JAR"></FileResource></JarResources></ExtensionPackage></ExtensionPackages></Entities>