<?xml version="1.0" encoding="utf-8"?><Entities><ExtensionPackages><ExtensionPackage name="AppHomePage-extension" description="Application Home Page Extension" vendor="PTC" packageVersion="8.5.1" buildNumber="01" minimumThingWorxVersion="8.1.0" dependsOn="SCO_Common-extension:8.5.1" licensed="true" licenseName="twx_mfg_common" namedLicensedGroup="twx_mfg_common_named"><Licensed><Entity name="PTC.SCA.SCO.ConfigurationAndSetupMashup"></Entity><Entity name="PTC.Factory.AlertManager"></Entity><Entity name="PTC.Factory.AlertMonitor"></Entity></Licensed><JarResources><FileResource file="sco-AppHomePage-extension.jar" type="JAR"></FileResource></JarResources></ExtensionPackage></ExtensionPackages></Entities>