<?xml version="1.0" encoding="UTF-8"?>
<Entities>
    <LocalizationTables>
        <LocalizationTable
         description="ja localization table"
         homeMashup=""
         name="ja"
         tags="PTC:factory-mv">
            <avatar></avatar>
            <DesignTimePermissions>
                <Create></Create>
                <Read></Read>
                <Update></Update>
                <Delete></Delete>
                <Metadata></Metadata>
            </DesignTimePermissions>
            <RunTimePermissions></RunTimePermissions>
            <VisibilityPermissions>
                <Visibility>
                    <Principal
                     isPermitted="true"
                     name="PTC.Factory.MachineVisibility"
                     type="Organization"></Principal>
                </Visibility>
            </VisibilityPermissions>
            <ConfigurationTables>
                <ConfigurationTable
                 description="Localization Tokens"
                 isMultiRow="true"
                 name="LocalizationTokens"
                 ordinal="0">
                    <DataShape>
                        <FieldDefinitions>
                            <FieldDefinition
                             aspect.friendlyName="Translation context"
                             baseType="STRING"
                             description="Translation context"
                             name="context"
                             ordinal="3"></FieldDefinition>
                            <FieldDefinition
                             aspect.friendlyName="Token name"
                             baseType="STRING"
                             description="Token name"
                             name="name"
                             ordinal="0"></FieldDefinition>
                            <FieldDefinition
                             aspect.friendlyName="Token usage"
                             baseType="STRING"
                             description="Token usage"
                             name="usage"
                             ordinal="2"></FieldDefinition>
                            <FieldDefinition
                             aspect.friendlyName="Localized value"
                             baseType="STRING"
                             description="Localized value"
                             name="value"
                             ordinal="1"></FieldDefinition>
                        </FieldDefinitions>
                    </DataShape>
                    <Rows>
                        <Row>
                            <name>
                            <![CDATA[
                            PTC.Factory.TrendAndTroubleshooting.DELETE_TREND.TITLE
                            ]]>
                            </name>
                            <value>
                            <![CDATA[
                            トレンドを削除
                            ]]>
                            </value>
                        </Row>
                        <Row>
                            <name>
                            <![CDATA[
                            PTC.Factory.TrendAndTroubleshooting.NEW_TREND.TITLE
                            ]]>
                            </name>
                            <value>
                            <![CDATA[
                            新規トレンド
                            ]]>
                            </value>
                        </Row>
                        <Row>
                            <name>
                            <![CDATA[
                            PTC.Factory.TrendAndTroubleshooting.EDIT_TREND.TITLE
                            ]]>
                            </name>
                            <value>
                            <![CDATA[
                            トレンドを編集
                            ]]>
                            </value>
                        </Row>
                        <Row>
                            <name>
                            <![CDATA[
                            PTC.Factory.TrendAndTroubleshooting.ADD_TAGS.TITLE
                            ]]>
                            </name>
                            <value>
                            <![CDATA[
                            タグまたはプロパティをトレンドに追加
                            ]]>
                            </value>
                        </Row>
                        <Row>
                            <name>
                            <![CDATA[
                            PTC.Factory.TrendAndTroubleshooting.DELETE_TAG.TITLE
                            ]]>
                            </name>
                            <value>
                            <![CDATA[
                            タグを除去
                            ]]>
                            </value>
                        </Row>
                        <Row>
                            <name>
                            <![CDATA[
                            PTC.Factory.TrendAndTroubleshooting.DELETE_TREND.TOOLTIP
                            ]]>
                            </name>
                            <value>
                            <![CDATA[
                            トレンドを削除
                            ]]>
                            </value>
                        </Row>
                        <Row>
                            <name>
                            <![CDATA[
                            PTC.Factory.TrendAndTroubleshooting.NEW_TREND.TOOLTIP
                            ]]>
                            </name>
                            <value>
                            <![CDATA[
                            新規トレンド
                            ]]>
                            </value>
                        </Row>
                        <Row>
                            <name>
                            <![CDATA[
                            PTC.Factory.TrendAndTroubleshooting.EDIT_TREND.TOOLTIP
                            ]]>
                            </name>
                            <value>
                            <![CDATA[
                            トレンドを編集
                            ]]>
                            </value>
                        </Row>
                        <Row>
                            <name>
                            <![CDATA[
                            PTC.Factory.TrendAndTroubleshooting.Title
                            ]]>
                            </name>
                            <value>
                            <![CDATA[
                            トレンド
                            ]]>
                            </value>
                        </Row>
                        <Row>
                            <name>
                            <![CDATA[
                            PTC.Factory.TrendAndTroubleshooting.OverviewTile
                            ]]>
                            </name>
                            <value>
                            <![CDATA[
                            概要: {0}
                            ]]>
                            </value>
                        </Row>
                        <Row>
                            <name>
                            <![CDATA[
                            PTC.Factory.TrendAndTroubleshooting.MissingInfo
                            ]]>
                            </name>
                            <value>
                            <![CDATA[
                            「名前」フィールドを空にはできません
                            ]]>
                            </value>
                        </Row>
                        <Row>
                            <name>
                            <![CDATA[
                            PTC.Factory.TrendAndTroubleshooting.MaxSizeExceeded
                            ]]>
                            </name>
                            <value>
                            <![CDATA[
                            「トレンド名」は許容最大長さの 150 文字を超えることはできません
                            ]]>
                            </value>
                        </Row>
                        <Row>
                            <name>
                            <![CDATA[
                            PTC.Factory.TrendAndTroubleshooting.TagOrPropertyName
                            ]]>
                            </name>
                            <value>
                            <![CDATA[
                            タグまたはプロパティ
                            ]]>
                            </value>
                        </Row>
                        <Row>
                            <name>
                            <![CDATA[
                            PTC.Factory.ms
                            ]]>
                            </name>
                            <value>
                            <![CDATA[
                            ミリ秒
                            ]]>
                            </value>
                        </Row>
                        <Row>
                            <name>
                            <![CDATA[
                            PTC.Factory.Trend
                            ]]>
                            </name>
                            <value>
                            <![CDATA[
                            トレンド
                            ]]>
                            </value>
                        </Row>
                        <Row>
                            <name>
                            <![CDATA[
                            PTC.Factory.Save
                            ]]>
                            </name>
                            <value>
                            <![CDATA[
                            保存
                            ]]>
                            </value>
                        </Row>
                        <Row>
                            <name>
                            <![CDATA[
                            PTC.Factory.Trend Name
                            ]]>
                            </name>
                            <value>
                            <![CDATA[
                            トレンド名 *
                            ]]>
                            </value>
                        </Row>
                        <Row>
                            <name>
                            <![CDATA[
                            PTC.Factory.Trend Period
                            ]]>
                            </name>
                            <value>
                            <![CDATA[
                            トレンドの期間
                            ]]>
                            </value>
                        </Row>
                        <Row>
                            <name>
                            <![CDATA[
                            PTC.Factory.View Trend
                            ]]>
                            </name>
                            <value>
                            <![CDATA[
                            トレンドの詳細を表示
                            ]]>
                            </value>
                        </Row>
                        <Row>
                            <name>
                            <![CDATA[
                            PTC.Factory.DeleteTrendLabel
                            ]]>
                            </name>
                            <value>
                            <![CDATA[
                            {0} を除去しますか?
                            ]]>
                            </value>
                        </Row>
                        <Row>
                            <name>
                            <![CDATA[
                            PTC.Factory.Radio.Week
                            ]]>
                            </name>
                            <value>
                            <![CDATA[
                            週
                            ]]>
                            </value>
                        </Row>
                        <Row>
                            <name>
                            <![CDATA[
                            PTC.Factory.Radio.last15min
                            ]]>
                            </name>
                            <value>
                            <![CDATA[
                            直近の 15 分間
                            ]]>
                            </value>
                        </Row>
                        <Row>
                            <name>
                            <![CDATA[
                            PTC.Factory.Radio.lastHour
                            ]]>
                            </name>
                            <value>
                            <![CDATA[
                            直近の 1 時間
                            ]]>
                            </value>
                        </Row>
                        <Row>
                            <name>
                            <![CDATA[
                            PTC.Factory.Radio.lastDay
                            ]]>
                            </name>
                            <value>
                            <![CDATA[
                            直近の 1 日間
                            ]]>
                            </value>
                        </Row>
                        <Row>
                            <name>
                            <![CDATA[
                            PTC.Factory.Radio.custom
                            ]]>
                            </name>
                            <value>
                            <![CDATA[
                            カスタム
                            ]]>
                            </value>
                        </Row>
                        <Row>
                            <name>
                            <![CDATA[
                            PTC.Factory.Radio.Today
                            ]]>
                            </name>
                            <value>
                            <![CDATA[
                            今日
                            ]]>
                            </value>
                        </Row>
                        <Row>
                            <name>
                            <![CDATA[
                            PTC.Factory.Radio.Yesterday
                            ]]>
                            </name>
                            <value>
                            <![CDATA[
                            昨日
                            ]]>
                            </value>
                        </Row>
                        <Row>
                            <name>
                            <![CDATA[
                            PTC.Factory.Radio.Day3
                            ]]>
                            </name>
                            <value>
                            <![CDATA[
                            3 日目
                            ]]>
                            </value>
                        </Row>
                        <Row>
                            <name>
                            <![CDATA[
                            PTC.Factory.Radio.Day4
                            ]]>
                            </name>
                            <value>
                            <![CDATA[
                            4 日目
                            ]]>
                            </value>
                        </Row>
                        <Row>
                            <name>
                            <![CDATA[
                            PTC.Factory.Radio.Day5
                            ]]>
                            </name>
                            <value>
                            <![CDATA[
                            5 日目
                            ]]>
                            </value>
                        </Row>
                        <Row>
                            <name>
                            <![CDATA[
                            PTC.Factory.Radio.Day6
                            ]]>
                            </name>
                            <value>
                            <![CDATA[
                            6 日目
                            ]]>
                            </value>
                        </Row>
                        <Row>
                            <name>
                            <![CDATA[
                            PTC.Factory.Radio.Day7
                            ]]>
                            </name>
                            <value>
                            <![CDATA[
                            7 日目
                            ]]>
                            </value>
                        </Row>
                        <Row>
                            <name>
                            <![CDATA[
                            PTC.Factory.Created On
                            ]]>
                            </name>
                            <value>
                            <![CDATA[
                            作成日
                            ]]>
                            </value>
                        </Row>
                        <Row>
                            <name>
                            <![CDATA[
                            PTC.Factory.Created By
                            ]]>
                            </name>
                            <value>
                            <![CDATA[
                            作成者
                            ]]>
                            </value>
                        </Row>
                        <Row>
                            <name>
                            <![CDATA[
                            PTC.Factory.Start Time
                            ]]>
                            </name>
                            <value>
                            <![CDATA[
                            開始時刻
                            ]]>
                            </value>
                        </Row>
                        <Row>
                            <name>
                            <![CDATA[
                            PTC.Factory.End Time
                            ]]>
                            </name>
                            <value>
                            <![CDATA[
                            終了時刻
                            ]]>
                            </value>
                        </Row>
                        <Row>
                            <name>
                            <![CDATA[
                            PTC.Factory.Tags
                            ]]>
                            </name>
                            <value>
                            <![CDATA[
                            タグ
                            ]]>
                            </value>
                        </Row>
                        <Row>
                            <name>
                            <![CDATA[
                            PTC.Factory.Add Tags
                            ]]>
                            </name>
                            <value>
                            <![CDATA[
                            トレンドにタグを 5 個まで追加
                            ]]>
                            </value>
                        </Row>
                        <Row>
                            <name>
                            <![CDATA[
                            PTC.Factory.Apply
                            ]]>
                            </name>
                            <value>
                            <![CDATA[
                            適用
                            ]]>
                            </value>
                        </Row>
                        <Row>
                            <name>
                            <![CDATA[
                            PTC.Factory.RemoveTag
                            ]]>
                            </name>
                            <value>
                            <![CDATA[
                            タグを除去
                            ]]>
                            </value>
                        </Row>
                        <Row>
                            <name>
                            <![CDATA[
                            PTC.Factory.On
                            ]]>
                            </name>
                            <value>
                            <![CDATA[
                            オン
                            ]]>
                            </value>
                        </Row>
                        <Row>
                            <name>
                            <![CDATA[
                            PTC.Factory.Off
                            ]]>
                            </name>
                            <value>
                            <![CDATA[
                            オフ
                            ]]>
                            </value>
                        </Row>
                        <Row>
                            <name>
                            <![CDATA[
                            PTC.Factory.Error.CannotFindOPCDAThingByName
                            ]]>
                            </name>
                            <value>
                            <![CDATA[
                            {0} という名前の OPCDAThing は見つかりません。
                            ]]>
                            </value>
                        </Row>
                        <Row>
                            <name>
                            <![CDATA[
                            PTC.Factory.ConfirmationMessageForAddTags
                            ]]>
                            </name>
                            <value>
                            <![CDATA[
                            選択したタグはトレンドに追加されました。
                            ]]>
                            </value>
                        </Row>
                        <Row>
                            <name>
                            <![CDATA[
                            PTC.Factory.ShowValueRange
                            ]]>
                            </name>
                            <value>
                            <![CDATA[
                            値の範囲を表示
                            ]]>
                            </value>
                        </Row>
                        <Row>
                            <name>
                            <![CDATA[
                            PTC.Factory.ProductionHistoricalData.SyncZoom.TOOLTIP
                            ]]>
                            </name>
                            <value>
                            <![CDATA[
                            ズームの同期を切り替え
                            ]]>
                            </value>
                        </Row>
                        <Row>
                            <name>
                            <![CDATA[
                            PTC.Factory.ProductionHistoricalData.SyncZoom.LABEL
                            ]]>
                            </name>
                            <value>
                            <![CDATA[
                            ズームを同期
                            ]]>
                            </value>
                        </Row>
                        <Row>
                            <name>
                            <![CDATA[
                            PTC.Factory.LocalizedDateTimeFormat
                            ]]>
                            </name>
                            <value>
                            <![CDATA[
                            yyyy-mm-dd
                            ]]>
                            </value>
                        </Row>
                        <Row>
                            <name>
                            <![CDATA[
                            PTC.SCA.SCO.AxisIconTooltip
                            ]]>
                            </name>
                            <value>
                            <![CDATA[
                            左または右の Y 軸に表示
                            ]]>
                            </value>
                        </Row>
                        <Row>
                            <name>
                            <![CDATA[
                            PTC.SCA.SCO.VisibilityIconTooltip
                            ]]>
                            </name>
                            <value>
                            <![CDATA[
                            値をグラフに表示
                            ]]>
                            </value>
                        </Row>
                    </Rows>
                </ConfigurationTable>
            </ConfigurationTables>
        </LocalizationTable>
    </LocalizationTables>
</Entities>
