<?xml version="1.0" encoding="UTF-8"?>
<Entities>
    <LocalizationTables>
        <LocalizationTable
         description="it localization table"
         homeMashup=""
         name="it"
         tags="PTC:factory-mv">
            <avatar></avatar>
            <DesignTimePermissions>
                <Create></Create>
                <Read></Read>
                <Update></Update>
                <Delete></Delete>
                <Metadata></Metadata>
            </DesignTimePermissions>
            <RunTimePermissions></RunTimePermissions>
            <VisibilityPermissions>
                <Visibility>
                    <Principal
                     isPermitted="true"
                     name="PTC.Factory.MachineVisibility"
                     type="Organization"></Principal>
                </Visibility>
            </VisibilityPermissions>
            <ConfigurationTables>
                <ConfigurationTable
                 description="Localization Tokens"
                 isMultiRow="true"
                 name="LocalizationTokens"
                 ordinal="0">
                    <DataShape>
                        <FieldDefinitions>
                            <FieldDefinition
                             aspect.friendlyName="Translation context"
                             baseType="STRING"
                             description="Translation context"
                             name="context"
                             ordinal="3"></FieldDefinition>
                            <FieldDefinition
                             aspect.friendlyName="Token name"
                             baseType="STRING"
                             description="Token name"
                             name="name"
                             ordinal="0"></FieldDefinition>
                            <FieldDefinition
                             aspect.friendlyName="Token usage"
                             baseType="STRING"
                             description="Token usage"
                             name="usage"
                             ordinal="2"></FieldDefinition>
                            <FieldDefinition
                             aspect.friendlyName="Localized value"
                             baseType="STRING"
                             description="Localized value"
                             name="value"
                             ordinal="1"></FieldDefinition>
                        </FieldDefinitions>
                    </DataShape>
                    <Rows>
                        <Row>
                            <name>
                            <![CDATA[
                            PTC.Factory.TrendAndTroubleshooting.DELETE_TREND.TITLE
                            ]]>
                            </name>
                            <value>
                            <![CDATA[
                            ELIMINA TREND
                            ]]>
                            </value>
                        </Row>
                        <Row>
                            <name>
                            <![CDATA[
                            PTC.Factory.TrendAndTroubleshooting.NEW_TREND.TITLE
                            ]]>
                            </name>
                            <value>
                            <![CDATA[
                            NUOVO TREND
                            ]]>
                            </value>
                        </Row>
                        <Row>
                            <name>
                            <![CDATA[
                            PTC.Factory.TrendAndTroubleshooting.EDIT_TREND.TITLE
                            ]]>
                            </name>
                            <value>
                            <![CDATA[
                            MODIFICA TREND
                            ]]>
                            </value>
                        </Row>
                        <Row>
                            <name>
                            <![CDATA[
                            PTC.Factory.TrendAndTroubleshooting.ADD_TAGS.TITLE
                            ]]>
                            </name>
                            <value>
                            <![CDATA[
                            AGGIUNGI TAG O PROPRIETÀ AL TREND
                            ]]>
                            </value>
                        </Row>
                        <Row>
                            <name>
                            <![CDATA[
                            PTC.Factory.TrendAndTroubleshooting.DELETE_TAG.TITLE
                            ]]>
                            </name>
                            <value>
                            <![CDATA[
                            RIMUOVI TAG
                            ]]>
                            </value>
                        </Row>
                        <Row>
                            <name>
                            <![CDATA[
                            PTC.Factory.TrendAndTroubleshooting.DELETE_TREND.TOOLTIP
                            ]]>
                            </name>
                            <value>
                            <![CDATA[
                            Elimina trend
                            ]]>
                            </value>
                        </Row>
                        <Row>
                            <name>
                            <![CDATA[
                            PTC.Factory.TrendAndTroubleshooting.NEW_TREND.TOOLTIP
                            ]]>
                            </name>
                            <value>
                            <![CDATA[
                            Nuovo trend
                            ]]>
                            </value>
                        </Row>
                        <Row>
                            <name>
                            <![CDATA[
                            PTC.Factory.TrendAndTroubleshooting.EDIT_TREND.TOOLTIP
                            ]]>
                            </name>
                            <value>
                            <![CDATA[
                            Modifica trend
                            ]]>
                            </value>
                        </Row>
                        <Row>
                            <name>
                            <![CDATA[
                            PTC.Factory.TrendAndTroubleshooting.Title
                            ]]>
                            </name>
                            <value>
                            <![CDATA[
                            TREND
                            ]]>
                            </value>
                        </Row>
                        <Row>
                            <name>
                            <![CDATA[
                            PTC.Factory.TrendAndTroubleshooting.OverviewTile
                            ]]>
                            </name>
                            <value>
                            <![CDATA[
                            PANORAMICA: {0}
                            ]]>
                            </value>
                        </Row>
                        <Row>
                            <name>
                            <![CDATA[
                            PTC.Factory.TrendAndTroubleshooting.MissingInfo
                            ]]>
                            </name>
                            <value>
                            <![CDATA[
                            Il campo Nome non può essere vuoto
                            ]]>
                            </value>
                        </Row>
                        <Row>
                            <name>
                            <![CDATA[
                            PTC.Factory.TrendAndTroubleshooting.MaxSizeExceeded
                            ]]>
                            </name>
                            <value>
                            <![CDATA[
                            Il nome del trend non può contenere più di 150 caratteri
                            ]]>
                            </value>
                        </Row>
                        <Row>
                            <name>
                            <![CDATA[
                            PTC.Factory.TrendAndTroubleshooting.TagOrPropertyName
                            ]]>
                            </name>
                            <value>
                            <![CDATA[
                            Tag o proprietà
                            ]]>
                            </value>
                        </Row>
                        <Row>
                            <name>
                            <![CDATA[
                            PTC.Factory.ms
                            ]]>
                            </name>
                            <value>
                            <![CDATA[
                            ms
                            ]]>
                            </value>
                        </Row>
                        <Row>
                            <name>
                            <![CDATA[
                            PTC.Factory.Trend
                            ]]>
                            </name>
                            <value>
                            <![CDATA[
                            Trend
                            ]]>
                            </value>
                        </Row>
                        <Row>
                            <name>
                            <![CDATA[
                            PTC.Factory.Save
                            ]]>
                            </name>
                            <value>
                            <![CDATA[
                            Salva
                            ]]>
                            </value>
                        </Row>
                        <Row>
                            <name>
                            <![CDATA[
                            PTC.Factory.Trend Name
                            ]]>
                            </name>
                            <value>
                            <![CDATA[
                            Nome trend *
                            ]]>
                            </value>
                        </Row>
                        <Row>
                            <name>
                            <![CDATA[
                            PTC.Factory.Trend Period
                            ]]>
                            </name>
                            <value>
                            <![CDATA[
                            Periodo trend
                            ]]>
                            </value>
                        </Row>
                        <Row>
                            <name>
                            <![CDATA[
                            PTC.Factory.View Trend
                            ]]>
                            </name>
                            <value>
                            <![CDATA[
                            Visualizza dettagli trend
                            ]]>
                            </value>
                        </Row>
                        <Row>
                            <name>
                            <![CDATA[
                            PTC.Factory.DeleteTrendLabel
                            ]]>
                            </name>
                            <value>
                            <![CDATA[
                            Rimuovere {0}?
                            ]]>
                            </value>
                        </Row>
                        <Row>
                            <name>
                            <![CDATA[
                            PTC.Factory.Radio.Week
                            ]]>
                            </name>
                            <value>
                            <![CDATA[
                            Settimana
                            ]]>
                            </value>
                        </Row>
                        <Row>
                            <name>
                            <![CDATA[
                            PTC.Factory.Radio.last15min
                            ]]>
                            </name>
                            <value>
                            <![CDATA[
                            Ultimi 15 min
                            ]]>
                            </value>
                        </Row>
                        <Row>
                            <name>
                            <![CDATA[
                            PTC.Factory.Radio.lastHour
                            ]]>
                            </name>
                            <value>
                            <![CDATA[
                            Ultima ora
                            ]]>
                            </value>
                        </Row>
                        <Row>
                            <name>
                            <![CDATA[
                            PTC.Factory.Radio.lastDay
                            ]]>
                            </name>
                            <value>
                            <![CDATA[
                            Ultimo giorno
                            ]]>
                            </value>
                        </Row>
                        <Row>
                            <name>
                            <![CDATA[
                            PTC.Factory.Radio.custom
                            ]]>
                            </name>
                            <value>
                            <![CDATA[
                            Personalizzato
                            ]]>
                            </value>
                        </Row>
                        <Row>
                            <name>
                            <![CDATA[
                            PTC.Factory.Radio.Today
                            ]]>
                            </name>
                            <value>
                            <![CDATA[
                            Oggi
                            ]]>
                            </value>
                        </Row>
                        <Row>
                            <name>
                            <![CDATA[
                            PTC.Factory.Radio.Yesterday
                            ]]>
                            </name>
                            <value>
                            <![CDATA[
                            Ieri
                            ]]>
                            </value>
                        </Row>
                        <Row>
                            <name>
                            <![CDATA[
                            PTC.Factory.Radio.Day3
                            ]]>
                            </name>
                            <value>
                            <![CDATA[
                            Giorno 3
                            ]]>
                            </value>
                        </Row>
                        <Row>
                            <name>
                            <![CDATA[
                            PTC.Factory.Radio.Day4
                            ]]>
                            </name>
                            <value>
                            <![CDATA[
                            Giorno 4
                            ]]>
                            </value>
                        </Row>
                        <Row>
                            <name>
                            <![CDATA[
                            PTC.Factory.Radio.Day5
                            ]]>
                            </name>
                            <value>
                            <![CDATA[
                            Giorno 5
                            ]]>
                            </value>
                        </Row>
                        <Row>
                            <name>
                            <![CDATA[
                            PTC.Factory.Radio.Day6
                            ]]>
                            </name>
                            <value>
                            <![CDATA[
                            Giorno 6
                            ]]>
                            </value>
                        </Row>
                        <Row>
                            <name>
                            <![CDATA[
                            PTC.Factory.Radio.Day7
                            ]]>
                            </name>
                            <value>
                            <![CDATA[
                            Giorno 7
                            ]]>
                            </value>
                        </Row>
                        <Row>
                            <name>
                            <![CDATA[
                            PTC.Factory.Created On
                            ]]>
                            </name>
                            <value>
                            <![CDATA[
                            Data creazione
                            ]]>
                            </value>
                        </Row>
                        <Row>
                            <name>
                            <![CDATA[
                            PTC.Factory.Created By
                            ]]>
                            </name>
                            <value>
                            <![CDATA[
                            Autore
                            ]]>
                            </value>
                        </Row>
                        <Row>
                            <name>
                            <![CDATA[
                            PTC.Factory.Start Time
                            ]]>
                            </name>
                            <value>
                            <![CDATA[
                            Inizio
                            ]]>
                            </value>
                        </Row>
                        <Row>
                            <name>
                            <![CDATA[
                            PTC.Factory.End Time
                            ]]>
                            </name>
                            <value>
                            <![CDATA[
                            Fine
                            ]]>
                            </value>
                        </Row>
                        <Row>
                            <name>
                            <![CDATA[
                            PTC.Factory.Tags
                            ]]>
                            </name>
                            <value>
                            <![CDATA[
                            Tag
                            ]]>
                            </value>
                        </Row>
                        <Row>
                            <name>
                            <![CDATA[
                            PTC.Factory.Add Tags
                            ]]>
                            </name>
                            <value>
                            <![CDATA[
                            Aggiunge fino a 5 tag a un trend
                            ]]>
                            </value>
                        </Row>
                        <Row>
                            <name>
                            <![CDATA[
                            PTC.Factory.Apply
                            ]]>
                            </name>
                            <value>
                            <![CDATA[
                            Applica
                            ]]>
                            </value>
                        </Row>
                        <Row>
                            <name>
                            <![CDATA[
                            PTC.Factory.RemoveTag
                            ]]>
                            </name>
                            <value>
                            <![CDATA[
                            Rimuovi tag
                            ]]>
                            </value>
                        </Row>
                        <Row>
                            <name>
                            <![CDATA[
                            PTC.Factory.On
                            ]]>
                            </name>
                            <value>
                            <![CDATA[
                            ON
                            ]]>
                            </value>
                        </Row>
                        <Row>
                            <name>
                            <![CDATA[
                            PTC.Factory.Off
                            ]]>
                            </name>
                            <value>
                            <![CDATA[
                            OFF
                            ]]>
                            </value>
                        </Row>
                        <Row>
                            <name>
                            <![CDATA[
                            PTC.Factory.Error.CannotFindOPCDAThingByName
                            ]]>
                            </name>
                            <value>
                            <![CDATA[
                            Impossibile trovare l'oggetto OPCDAThing con il nome {0}.
                            ]]>
                            </value>
                        </Row>
                        <Row>
                            <name>
                            <![CDATA[
                            PTC.Factory.ConfirmationMessageForAddTags
                            ]]>
                            </name>
                            <value>
                            <![CDATA[
                            I tag selezionati sono stati aggiunti al trend.
                            ]]>
                            </value>
                        </Row>
                        <Row>
                            <name>
                            <![CDATA[
                            PTC.Factory.ShowValueRange
                            ]]>
                            </name>
                            <value>
                            <![CDATA[
                            Mostra intervallo valori
                            ]]>
                            </value>
                        </Row>
                        <Row>
                            <name>
                            <![CDATA[
                            PTC.Factory.ProductionHistoricalData.SyncZoom.TOOLTIP
                            ]]>
                            </name>
                            <value>
                            <![CDATA[
                            Attiva/disattiva Sincronizza zoom
                            ]]>
                            </value>
                        </Row>
                        <Row>
                            <name>
                            <![CDATA[
                            PTC.Factory.ProductionHistoricalData.SyncZoom.LABEL
                            ]]>
                            </name>
                            <value>
                            <![CDATA[
                            Sincronizza zoom
                            ]]>
                            </value>
                        </Row>
                        <Row>
                            <name>
                            <![CDATA[
                            PTC.Factory.LocalizedDateTimeFormat
                            ]]>
                            </name>
                            <value>
                            <![CDATA[
                            dd/mm/yyyy
                            ]]>
                            </value>
                        </Row>
                        <Row>
                            <name>
                            <![CDATA[
                            PTC.SCA.SCO.AxisIconTooltip
                            ]]>
                            </name>
                            <value>
                            <![CDATA[
                            Visualizza sull'asse Y sinistro o destro
                            ]]>
                            </value>
                        </Row>
                        <Row>
                            <name>
                            <![CDATA[
                            PTC.SCA.SCO.VisibilityIconTooltip
                            ]]>
                            </name>
                            <value>
                            <![CDATA[
                            Mostra i valori nel grafico
                            ]]>
                            </value>
                        </Row>
                    </Rows>
                </ConfigurationTable>
            </ConfigurationTables>
        </LocalizationTable>
    </LocalizationTables>
</Entities>
