<?xml version="1.0" encoding="UTF-8"?>
<Entities>
	<ExtensionPackages>
		<ExtensionPackage name="VideoPlayerWidget-extension"
						  description="Video Player Widget"
						  vendor="ThingWorx Customer Service + PTC R+D"
						  packageVersion="8.5.1"
						  buildNumber="01"
						  minimumThingWorxVersion="8.5.0" />
	</ExtensionPackages>
	<Widgets>
		<Widget name="videoplayer">
			<UIResources>
				<!-- Studio ONLY -->
				<FileResource type="CSS" file="videoplayer.ide.css" description="" isDevelopment="true" isRuntime="false" />
				<FileResource type="JS" file="videoplayer.ide.js" description="" isDevelopment="true" isRuntime="false" />
				<!-- Runtime/Squeal ONLY -->
				<FileResource type="CSS" file="videoplayer.runtime.css" description="" isDevelopment="false" isRuntime="true" />
				<FileResource type="JS" file="videoplayer.runtime.js" description="" isDevelopment="false" isRuntime="true" />
				
			</UIResources>
		</Widget>
	</Widgets>
</Entities>
