<?xml version="1.0" encoding="UTF-8"?>
<Entities
 build="b6955"
 majorVersion="0"
 minorVersion="0"
 modelPersistenceProviderPackage="PostgresPersistenceProviderPackage"
 revision="0"
 schemaVersion="1050"
 universal="password">
    <Projects>
        <Project
         aspect.isEditableExtensionObject="false"
         aspect.isExtension="true"
         dependsOn="PTC.SCA.SCO:8.5.0"
         description="Project for Status"
         documentationContent=""
         homeMashup="PTC.SCA.SCO.StatusDefinitionEditorMashup"
         lastModifiedDate="2019-07-18T09:56:41.638-04:00"
         name="PTC.SCA.SCO.Status"
         packageVersion="8.5.0"
         projectName="PTC.SCA.SCO.Status"
         tags="PTC:sca-sco">
            <avatar></avatar>
            <DesignTimePermissions>
                <Create></Create>
                <Read></Read>
                <Update></Update>
                <Delete></Delete>
                <Metadata></Metadata>
            </DesignTimePermissions>
            <RunTimePermissions></RunTimePermissions>
            <VisibilityPermissions>
                <Visibility>
                    <Principal
                     isPermitted="true"
                     name="PTC.Factory.MachineVisibility"
                     type="Organization"></Principal>
                </Visibility>
            </VisibilityPermissions>
            <ConfigurationTableDefinitions></ConfigurationTableDefinitions>
            <ConfigurationTables></ConfigurationTables>
        </Project>
    </Projects>
</Entities>
