<?xml version="1.0" encoding="UTF-8"?>
<Entities
 build="b11"
 majorVersion="8"
 minorVersion="4"
 modelPersistenceProviderPackage="PostgresPersistenceProviderPackage"
 revision="4"
 schemaVersion="1040"
 universal="password">
    <Things>
        <Thing
         aspect.isEditableExtensionObject="false"
         aspect.isExtension="true"
         description="Status utils Thing {PTC.SCA.SCO.StatusUtils}"
         documentationContent=""
         effectiveThingPackage="ConfiguredThing"
         enabled="true"
         homeMashup="PTC.SCA.SCO.StatusDefinitionEditorMashup"
         identifier=""
         lastModifiedDate="2019-04-05T12:52:25.571-04:00"
         name="PTC.SCA.SCO.StatusUtils"
         projectName="PTC.SCA.SCO.Status"
         published="false"
         tags="PTC:sca-sco-common;PTC:sca-sco-status"
         thingTemplate="PTC.SCA.SCO.StatusUtilsThingTemplate"
         valueStream="">
            <avatar></avatar>
            <DesignTimePermissions>
                <Create></Create>
                <Read></Read>
                <Update></Update>
                <Delete></Delete>
                <Metadata></Metadata>
            </DesignTimePermissions>
            <RunTimePermissions>
                <Permissions
                 resourceName="*">
                    <PropertyRead>
                        <Principal
                         isPermitted="true"
                         name="FactoryUsers"
                         type="Group"></Principal>
                    </PropertyRead>
                    <PropertyWrite></PropertyWrite>
                    <ServiceInvoke>
                        <Principal
                         isPermitted="true"
                         name="FactoryUsers"
                         type="Group"></Principal>
                    </ServiceInvoke>
                    <EventInvoke></EventInvoke>
                    <EventSubscribe></EventSubscribe>
                </Permissions>
            </RunTimePermissions>
            <VisibilityPermissions>
                <Visibility>
                    <Principal
                     isPermitted="true"
                     name="PTC.Factory.MachineVisibility"
                     type="Organization"></Principal>
                </Visibility>
            </VisibilityPermissions>
            <ConfigurationTableDefinitions></ConfigurationTableDefinitions>
            <ConfigurationTables></ConfigurationTables>
            <ThingShape>
                <PropertyDefinitions></PropertyDefinitions>
                <ServiceDefinitions></ServiceDefinitions>
                <EventDefinitions></EventDefinitions>
                <ServiceMappings></ServiceMappings>
                <ServiceImplementations></ServiceImplementations>
                <Subscriptions></Subscriptions>
            </ThingShape>
            <PropertyBindings></PropertyBindings>
            <RemotePropertyBindings></RemotePropertyBindings>
            <RemoteServiceBindings></RemoteServiceBindings>
            <RemoteEventBindings></RemoteEventBindings>
            <AlertConfigurations></AlertConfigurations>
            <ImplementedShapes></ImplementedShapes>
            <ThingProperties></ThingProperties>
        </Thing>
    </Things>
</Entities>
