<?xml version="1.0" encoding="UTF-8"?>
<Entities
 build="b6937"
 majorVersion="0"
 minorVersion="0"
 modelPersistenceProviderPackage="PostgresPersistenceProviderPackage"
 revision="0"
 schemaVersion="1050"
 universal="password">
    <ThingShapes>
        <ThingShape
         aspect.isEditableExtensionObject="false"
         aspect.isExtension="true"
         className=""
         description="Thing Shape for the Database Manager."
         documentationContent=""
         homeMashup=""
         lastModifiedDate="2019-06-05T21:59:20.766-04:00"
         name="PTC.SCA.SCO.DatabaseManagerThingShape"
         projectName=""
         tags="">
            <PropertyDefinitions></PropertyDefinitions>
            <ServiceDefinitions>
                <ServiceDefinition
                 aspect.isAsync="false"
                 category=""
                 description=""
                 isAllowOverride="true"
                 isLocalOnly="false"
                 isOpen="false"
                 isPrivate="false"
                 name="CreateTables">
                    <ResultType
                     baseType="NOTHING"
                     description=""
                     name="result"
                     ordinal="0"></ResultType>
                    <ParameterDefinitions></ParameterDefinitions>
                </ServiceDefinition>
                <ServiceDefinition
                 aspect.isAsync="false"
                 category=""
                 description=""
                 isAllowOverride="true"
                 isLocalOnly="false"
                 isOpen="false"
                 isPrivate="false"
                 name="GetManagerThingNames">
                    <ResultType
                     baseType="JSON"
                     description="Gives the list of manager thing names"
                     name="result"
                     ordinal="0"></ResultType>
                    <ParameterDefinitions></ParameterDefinitions>
                </ServiceDefinition>
            </ServiceDefinitions>
            <EventDefinitions></EventDefinitions>
            <ServiceMappings></ServiceMappings>
            <ServiceImplementations>
                <ServiceImplementation
                 description=""
                 handlerName="Script"
                 name="CreateTables">
                    <ConfigurationTables>
                        <ConfigurationTable
                         description=""
                         isMultiRow="false"
                         name="Script"
                         ordinal="0">
                            <DataShape>
                                <FieldDefinitions>
                                    <FieldDefinition
                                     baseType="STRING"
                                     description="code"
                                     name="code"
                                     ordinal="0"></FieldDefinition>
                                </FieldDefinitions>
                            </DataShape>
                            <Rows>
                                <Row>
                                    <code>
                                    <![CDATA[
                                    var dbInfo = {
                                    	dbInfo: []
                                    };
                                    var managers =  me.GetManagerThingNames()["array"];
                                    for(i = 0; i < managers.length; i++) {
                                        var managerThingName = managers[i];
                                        var manager = Things[managerThingName];
                                        Array.prototype.push.apply(dbInfo.dbInfo, manager.GetDBInfo().dbInfo);
                                    }
                                    var launchPointThingName = Things["PTC.Factory.LaunchPointConfigurationThing"].GetLaunchPointConfigurationName();
                                    var databaseThingName = Things[launchPointThingName].GetDatabaseThingName();
                                    Things[databaseThingName].CreateTables({'dbInfo': dbInfo});
                                    
                                    for (i = 0; i < managers.length; i++ ) {
                                       Things[managers[i]].InitData();
                                    }
                                    ]]>
                                    </code>
                                </Row>
                            </Rows>
                        </ConfigurationTable>
                    </ConfigurationTables>
                </ServiceImplementation>
                <ServiceImplementation
                 description=""
                 handlerName="Script"
                 name="GetManagerThingNames">
                    <ConfigurationTables>
                        <ConfigurationTable
                         description=""
                         isMultiRow="false"
                         name="Script"
                         ordinal="0">
                            <DataShape>
                                <FieldDefinitions>
                                    <FieldDefinition
                                     baseType="STRING"
                                     description="code"
                                     name="code"
                                     ordinal="0"></FieldDefinition>
                                </FieldDefinitions>
                            </DataShape>
                            <Rows>
                                <Row>
                                    <code>
                                    <![CDATA[
                                    var launchPointThing = Things["PTC.Factory.LaunchPointConfigurationThing"];
                                    var result = [
                                            launchPointThing.GetProductionOrderManagerThingName(),
                                            launchPointThing.GetStatusManagerThingName(),
                                            launchPointThing.GetKPIManagerThingName(),
                                            launchPointThing.GetShiftManagerThingName(),
                                            launchPointThing.GetWorkforceManagerThingName()
                                        ];
                                    ]]>
                                    </code>
                                </Row>
                            </Rows>
                        </ConfigurationTable>
                    </ConfigurationTables>
                </ServiceImplementation>
            </ServiceImplementations>
            <Subscriptions></Subscriptions>
            <avatar></avatar>
            <DesignTimePermissions>
                <Create></Create>
                <Read></Read>
                <Update></Update>
                <Delete></Delete>
                <Metadata></Metadata>
            </DesignTimePermissions>
            <RunTimePermissions></RunTimePermissions>
            <VisibilityPermissions>
                <Visibility></Visibility>
            </VisibilityPermissions>
            <ConfigurationTableDefinitions></ConfigurationTableDefinitions>
            <ConfigurationTables></ConfigurationTables>
            <PropertyBindings></PropertyBindings>
            <RemotePropertyBindings></RemotePropertyBindings>
            <RemoteServiceBindings></RemoteServiceBindings>
            <RemoteEventBindings></RemoteEventBindings>
            <AlertConfigurations></AlertConfigurations>
            <InstanceRunTimePermissions></InstanceRunTimePermissions>
        </ThingShape>
    </ThingShapes>
</Entities>
