<?xml version="1.0" encoding="UTF-8"?>
<Entities
 build="b2192"
 majorVersion="8"
 minorVersion="4"
 modelPersistenceProviderPackage="PostgresPersistenceProviderPackage"
 revision="3"
 schemaVersion="1040"
 universal="password">
    <ThingShapes>
        <ThingShape
         aspect.isEditableExtensionObject="false"
         aspect.isExtension="true"
         className=""
         description="Thing shape for the database configuration."
         documentationContent=""
         homeMashup=""
         lastModifiedDate="2019-04-04T11:18:05.866-04:00"
         name="PTC.SCA.SCO.DBConfigurationThingShape"
         projectName=""
         tags="PTC:OA;PTC:sco-common-layer">
            <PropertyDefinitions></PropertyDefinitions>
            <ServiceDefinitions>
                <ServiceDefinition
                 aspect.isAsync="false"
                 category=""
                 description="Return the configure database name."
                 isAllowOverride="true"
                 isLocalOnly="false"
                 isOpen="false"
                 isPrivate="false"
                 name="GetDatabaseThingName">
                    <ResultType
                     baseType="THINGNAME"
                     description=""
                     name="result"
                     ordinal="0"></ResultType>
                    <ParameterDefinitions></ParameterDefinitions>
                </ServiceDefinition>
            </ServiceDefinitions>
            <EventDefinitions></EventDefinitions>
            <ServiceMappings></ServiceMappings>
            <ServiceImplementations>
                <ServiceImplementation
                 description=""
                 handlerName="Script"
                 name="GetDatabaseThingName">
                    <ConfigurationTables>
                        <ConfigurationTable
                         description=""
                         isMultiRow="false"
                         name="Script"
                         ordinal="0">
                            <DataShape>
                                <FieldDefinitions>
                                    <FieldDefinition
                                     baseType="STRING"
                                     description="code"
                                     name="code"
                                     ordinal="0"></FieldDefinition>
                                </FieldDefinitions>
                            </DataShape>
                            <Rows>
                                <Row>
                                    <code>
                                    <![CDATA[
                                    var params = {
                                        tableName: "DatabaseConfigurationSettings"
                                    };
                                    
                                    var result = me.GetConfigurationTable(params).getFirstRow().get("DBConnection");
                                    ]]>
                                    </code>
                                </Row>
                            </Rows>
                        </ConfigurationTable>
                    </ConfigurationTables>
                </ServiceImplementation>
            </ServiceImplementations>
            <Subscriptions></Subscriptions>
            <avatar></avatar>
            <DesignTimePermissions>
                <Create></Create>
                <Read></Read>
                <Update></Update>
                <Delete></Delete>
                <Metadata></Metadata>
            </DesignTimePermissions>
            <RunTimePermissions></RunTimePermissions>
            <VisibilityPermissions>
                <Visibility></Visibility>
            </VisibilityPermissions>
            <ConfigurationTableDefinitions>
                <ConfigurationTableDefinition
                 category=""
                 dataShapeName="PTC.SCA.SCO.DatabaseConfiguration"
                 description=""
                 isHidden="false"
                 isMultiRow="false"
                 name="DatabaseConfigurationSettings"
                 ordinal="0"
                 source="IMPORT"></ConfigurationTableDefinition>
            </ConfigurationTableDefinitions>
            <ConfigurationTables>
                <ConfigurationTable
                 description=""
                 isMultiRow="false"
                 name="DatabaseConfigurationSettings"
                 ordinal="0">
                    <DataShape>
                        <FieldDefinitions>
                            <FieldDefinition
                             aspect.isPrimaryKey="true"
                             aspect.thingShape="PTC.SCA.SCO.DatabaseThingShape"
                             aspect.thingTemplate="PTC.SCA.SCO.DatabaseThingTemplate"
                             baseType="THINGNAME"
                             description=""
                             name="DBConnection"
                             ordinal="1"></FieldDefinition>
                        </FieldDefinitions>
                    </DataShape>
                    <Rows>
                        <Row>
                            <DBConnection></DBConnection>
                        </Row>
                    </Rows>
                </ConfigurationTable>
            </ConfigurationTables>
            <PropertyBindings></PropertyBindings>
            <RemotePropertyBindings></RemotePropertyBindings>
            <RemoteServiceBindings></RemoteServiceBindings>
            <RemoteEventBindings></RemoteEventBindings>
            <AlertConfigurations></AlertConfigurations>
            <InstanceRunTimePermissions></InstanceRunTimePermissions>
        </ThingShape>
    </ThingShapes>
</Entities>
