<?xml version="1.0" encoding="UTF-8"?>
<Entities
 build="b11"
 majorVersion="8"
 minorVersion="4"
 modelPersistenceProviderPackage="PostgresPersistenceProviderPackage"
 revision="4"
 schemaVersion="1040"
 universal="password">
    <ThingShapes>
        <ThingShape
         aspect.isEditableExtensionObject="false"
         aspect.isExtension="true"
         className=""
         description="Thing Shape that holds all the necessary properties and services for manipulating processing resource definitions in the database {PTC.SCA.SCO.ProcessingResourceManagementThingShape}"
         documentationContent=""
         homeMashup=""
         lastModifiedDate="2019-04-10T10:19:40.897-04:00"
         name="PTC.SCA.SCO.ProcessingResourceManagementThingShape"
         projectName=""
         tags="PTC:OA">
            <PropertyDefinitions></PropertyDefinitions>
            <ServiceDefinitions>
                <ServiceDefinition
                 aspect.isAsync="false"
                 category=""
                 description=""
                 isAllowOverride="true"
                 isLocalOnly="false"
                 isOpen="false"
                 isPrivate="false"
                 name="CreateProcessingResourceClasses">
                    <ResultType
                     aspect.dataShape="PTC.SCA.SCO.ProcessingResourceClass"
                     baseType="INFOTABLE"
                     description=""
                     name="result"
                     ordinal="0"></ResultType>
                    <ParameterDefinitions>
                        <FieldDefinition
                         aspect.dataShape="PTC.SCA.SCO.ProcessingResourceClass"
                         aspect.isRequired="true"
                         baseType="INFOTABLE"
                         description=""
                         name="ProcessingResourceClasses"
                         ordinal="1"></FieldDefinition>
                    </ParameterDefinitions>
                </ServiceDefinition>
                <ServiceDefinition
                 aspect.isAsync="false"
                 category=""
                 description=""
                 isAllowOverride="true"
                 isLocalOnly="false"
                 isOpen="false"
                 isPrivate="false"
                 name="CreateProcessingResources">
                    <ResultType
                     aspect.dataShape="PTC.SCA.SCO.ProcessingResource"
                     baseType="INFOTABLE"
                     description=""
                     name="result"
                     ordinal="0"></ResultType>
                    <ParameterDefinitions>
                        <FieldDefinition
                         aspect.dataShape="PTC.SCA.SCO.ProcessingResource"
                         aspect.isRequired="true"
                         baseType="INFOTABLE"
                         description=""
                         name="ProcessingResources"
                         ordinal="1"></FieldDefinition>
                    </ParameterDefinitions>
                </ServiceDefinition>
                <ServiceDefinition
                 aspect.isAsync="false"
                 category=""
                 description=""
                 isAllowOverride="true"
                 isLocalOnly="false"
                 isOpen="false"
                 isPrivate="false"
                 name="CreateProcessingResourceToClassLinks">
                    <ResultType
                     aspect.dataShape="PTC.SCA.SCO.ProcessingResourceToClassLink"
                     baseType="INFOTABLE"
                     description=""
                     name="result"
                     ordinal="0"></ResultType>
                    <ParameterDefinitions>
                        <FieldDefinition
                         aspect.dataShape="PTC.SCA.SCO.ProcessingResourceToClassLink"
                         aspect.isRequired="true"
                         baseType="INFOTABLE"
                         description=""
                         name="ProcessingResourceToClassLinks"
                         ordinal="1"></FieldDefinition>
                    </ParameterDefinitions>
                </ServiceDefinition>
                <ServiceDefinition
                 aspect.isAsync="false"
                 category=""
                 description=""
                 isAllowOverride="true"
                 isLocalOnly="false"
                 isOpen="false"
                 isPrivate="false"
                 name="DeleteProcessingResource">
                    <ResultType
                     baseType="INFOTABLE"
                     description=""
                     name="result"
                     ordinal="0"></ResultType>
                    <ParameterDefinitions>
                        <FieldDefinition
                         aspect.isRequired="true"
                         baseType="STRING"
                         description=""
                         name="UID"
                         ordinal="1"></FieldDefinition>
                    </ParameterDefinitions>
                </ServiceDefinition>
                <ServiceDefinition
                 aspect.isAsync="false"
                 category=""
                 description=""
                 isAllowOverride="true"
                 isLocalOnly="false"
                 isOpen="false"
                 isPrivate="false"
                 name="DeleteProcessingResourceClass">
                    <ResultType
                     baseType="INFOTABLE"
                     description=""
                     name="result"
                     ordinal="0"></ResultType>
                    <ParameterDefinitions>
                        <FieldDefinition
                         aspect.isRequired="true"
                         baseType="STRING"
                         description=""
                         name="UID"
                         ordinal="1"></FieldDefinition>
                    </ParameterDefinitions>
                </ServiceDefinition>
                <ServiceDefinition
                 aspect.isAsync="false"
                 category=""
                 description=""
                 isAllowOverride="true"
                 isLocalOnly="false"
                 isOpen="false"
                 isPrivate="false"
                 name="DeleteProcessingResourceToClassLink">
                    <ResultType
                     baseType="INFOTABLE"
                     description=""
                     name="result"
                     ordinal="0"></ResultType>
                    <ParameterDefinitions>
                        <FieldDefinition
                         aspect.isRequired="true"
                         baseType="STRING"
                         description=""
                         name="UID"
                         ordinal="1"></FieldDefinition>
                    </ParameterDefinitions>
                </ServiceDefinition>
                <ServiceDefinition
                 aspect.isAsync="false"
                 category=""
                 description=""
                 isAllowOverride="true"
                 isLocalOnly="false"
                 isOpen="false"
                 isPrivate="false"
                 name="GetProcessingResource">
                    <ResultType
                     aspect.dataShape="PTC.SCA.SCO.ProcessingResource"
                     baseType="INFOTABLE"
                     description=""
                     name="result"
                     ordinal="0"></ResultType>
                    <ParameterDefinitions>
                        <FieldDefinition
                         aspect.isRequired="true"
                         baseType="STRING"
                         description=""
                         name="UID"
                         ordinal="1"></FieldDefinition>
                    </ParameterDefinitions>
                </ServiceDefinition>
                <ServiceDefinition
                 aspect.isAsync="false"
                 category=""
                 description=""
                 isAllowOverride="true"
                 isLocalOnly="false"
                 isOpen="false"
                 isPrivate="false"
                 name="GetProcessingResourceClass">
                    <ResultType
                     aspect.dataShape="PTC.SCA.SCO.ProcessingResourceClass"
                     baseType="INFOTABLE"
                     description=""
                     name="result"
                     ordinal="0"></ResultType>
                    <ParameterDefinitions>
                        <FieldDefinition
                         aspect.isRequired="true"
                         baseType="STRING"
                         description=""
                         name="UID"
                         ordinal="1"></FieldDefinition>
                    </ParameterDefinitions>
                </ServiceDefinition>
                <ServiceDefinition
                 aspect.isAsync="false"
                 category=""
                 description=""
                 isAllowOverride="true"
                 isLocalOnly="false"
                 isOpen="false"
                 isPrivate="false"
                 name="GetProcessingResourceDBInfo">
                    <ResultType
                     baseType="JSON"
                     description=""
                     name="result"
                     ordinal="0"></ResultType>
                    <ParameterDefinitions></ParameterDefinitions>
                </ServiceDefinition>
                <ServiceDefinition
                 aspect.isAsync="false"
                 category=""
                 description=""
                 isAllowOverride="true"
                 isLocalOnly="false"
                 isOpen="false"
                 isPrivate="false"
                 name="GetProcessingResourceToClassLinks">
                    <ResultType
                     aspect.dataShape="PTC.SCA.SCO.ProcessingResourceToClassLink"
                     baseType="INFOTABLE"
                     description=""
                     name="result"
                     ordinal="0"></ResultType>
                    <ParameterDefinitions>
                        <FieldDefinition
                         aspect.isRequired="true"
                         baseType="STRING"
                         description=""
                         name="ProcessingResourceUID"
                         ordinal="1"></FieldDefinition>
                    </ParameterDefinitions>
                </ServiceDefinition>
                <ServiceDefinition
                 aspect.isAsync="false"
                 category=""
                 description=""
                 isAllowOverride="true"
                 isLocalOnly="false"
                 isOpen="false"
                 isPrivate="false"
                 name="UpdateProcessingResourceClasses">
                    <ResultType
                     baseType="INFOTABLE"
                     description=""
                     name="result"
                     ordinal="0"></ResultType>
                    <ParameterDefinitions>
                        <FieldDefinition
                         aspect.dataShape="PTC.SCA.SCO.ProcessingResourceClass"
                         aspect.isRequired="true"
                         baseType="INFOTABLE"
                         description=""
                         name="ProcessingResourceClasses"
                         ordinal="1"></FieldDefinition>
                    </ParameterDefinitions>
                </ServiceDefinition>
                <ServiceDefinition
                 aspect.isAsync="false"
                 category=""
                 description=""
                 isAllowOverride="true"
                 isLocalOnly="false"
                 isOpen="false"
                 isPrivate="false"
                 name="UpdateProcessingResources">
                    <ResultType
                     baseType="INFOTABLE"
                     description=""
                     name="result"
                     ordinal="0"></ResultType>
                    <ParameterDefinitions>
                        <FieldDefinition
                         aspect.dataShape="PTC.SCA.SCO.ProcessingResource"
                         aspect.isRequired="true"
                         baseType="INFOTABLE"
                         description=""
                         name="ProcessingResources"
                         ordinal="1"></FieldDefinition>
                    </ParameterDefinitions>
                </ServiceDefinition>
                <ServiceDefinition
                 aspect.isAsync="false"
                 category=""
                 description=""
                 isAllowOverride="true"
                 isLocalOnly="false"
                 isOpen="false"
                 isPrivate="false"
                 name="UpdateProcessingResourceToClassLinks">
                    <ResultType
                     baseType="INFOTABLE"
                     description=""
                     name="result"
                     ordinal="0"></ResultType>
                    <ParameterDefinitions>
                        <FieldDefinition
                         aspect.dataShape="PTC.SCA.SCO.ProcessingResourceToClassLink"
                         aspect.isRequired="true"
                         baseType="INFOTABLE"
                         description=""
                         name="ProcessingResourceToClassLinks"
                         ordinal="1"></FieldDefinition>
                    </ParameterDefinitions>
                </ServiceDefinition>
            </ServiceDefinitions>
            <EventDefinitions></EventDefinitions>
            <ServiceMappings></ServiceMappings>
            <ServiceImplementations>
                <ServiceImplementation
                 description=""
                 handlerName="Script"
                 name="CreateProcessingResourceClasses">
                    <ConfigurationTables>
                        <ConfigurationTable
                         description="Script"
                         isMultiRow="false"
                         name="Script"
                         ordinal="0">
                            <DataShape>
                                <FieldDefinitions>
                                    <FieldDefinition
                                     baseType="STRING"
                                     description="code"
                                     name="code"
                                     ordinal="0"></FieldDefinition>
                                </FieldDefinitions>
                            </DataShape>
                            <Rows>
                                <Row>
                                    <code>
                                    <![CDATA[
                                    var params = {
                                        infoTable: ProcessingResourceClasses,
                                        dataShapeName: "PTC.SCA.SCO.ProcessingResourceClass"
                                    };
                                    
                                    var result = Things[me.GetDatabaseThingName()].Insert(params);
                                    ]]>
                                    </code>
                                </Row>
                            </Rows>
                        </ConfigurationTable>
                    </ConfigurationTables>
                </ServiceImplementation>
                <ServiceImplementation
                 description=""
                 handlerName="Script"
                 name="CreateProcessingResources">
                    <ConfigurationTables>
                        <ConfigurationTable
                         description="Script"
                         isMultiRow="false"
                         name="Script"
                         ordinal="0">
                            <DataShape>
                                <FieldDefinitions>
                                    <FieldDefinition
                                     baseType="STRING"
                                     description="code"
                                     name="code"
                                     ordinal="0"></FieldDefinition>
                                </FieldDefinitions>
                            </DataShape>
                            <Rows>
                                <Row>
                                    <code>
                                    <![CDATA[
                                    var params = {
                                        infoTable: ProcessingResources,
                                        dataShapeName: "PTC.SCA.SCO.ProcessingResource"
                                    };
                                    
                                    var result = Things[me.GetDatabaseThingName()].Insert(params);
                                    ]]>
                                    </code>
                                </Row>
                            </Rows>
                        </ConfigurationTable>
                    </ConfigurationTables>
                </ServiceImplementation>
                <ServiceImplementation
                 description=""
                 handlerName="Script"
                 name="CreateProcessingResourceToClassLinks">
                    <ConfigurationTables>
                        <ConfigurationTable
                         description="Script"
                         isMultiRow="false"
                         name="Script"
                         ordinal="0">
                            <DataShape>
                                <FieldDefinitions>
                                    <FieldDefinition
                                     baseType="STRING"
                                     description="code"
                                     name="code"
                                     ordinal="0"></FieldDefinition>
                                </FieldDefinitions>
                            </DataShape>
                            <Rows>
                                <Row>
                                    <code>
                                    <![CDATA[
                                    var params = {
                                        infoTable:  ProcessingResourceToClassLinks,
                                        dataShapeName: "PTC.SCA.SCO.ProcessingResourceToClassLink"
                                    };
                                    
                                    var result = Things[me.GetDatabaseThingName()].Insert(params);
                                    ]]>
                                    </code>
                                </Row>
                            </Rows>
                        </ConfigurationTable>
                    </ConfigurationTables>
                </ServiceImplementation>
                <ServiceImplementation
                 description=""
                 handlerName="Script"
                 name="DeleteProcessingResource">
                    <ConfigurationTables>
                        <ConfigurationTable
                         description="Script"
                         isMultiRow="false"
                         name="Script"
                         ordinal="0">
                            <DataShape>
                                <FieldDefinitions>
                                    <FieldDefinition
                                     baseType="STRING"
                                     description="code"
                                     name="code"
                                     ordinal="0"></FieldDefinition>
                                </FieldDefinitions>
                            </DataShape>
                            <Rows>
                                <Row>
                                    <code>
                                    <![CDATA[
                                    var params = {
                                        UID: UID,
                                        dataShapeName: "PTC.SCA.SCO.ProcessingResource"
                                    };
                                    
                                    var result = Things[me.GetDatabaseThingName()].Delete(params);
                                    ]]>
                                    </code>
                                </Row>
                            </Rows>
                        </ConfigurationTable>
                    </ConfigurationTables>
                </ServiceImplementation>
                <ServiceImplementation
                 description=""
                 handlerName="Script"
                 name="DeleteProcessingResourceClass">
                    <ConfigurationTables>
                        <ConfigurationTable
                         description="Script"
                         isMultiRow="false"
                         name="Script"
                         ordinal="0">
                            <DataShape>
                                <FieldDefinitions>
                                    <FieldDefinition
                                     baseType="STRING"
                                     description="code"
                                     name="code"
                                     ordinal="0"></FieldDefinition>
                                </FieldDefinitions>
                            </DataShape>
                            <Rows>
                                <Row>
                                    <code>
                                    <![CDATA[
                                    var params = {
                                        UID: UID,
                                        dataShapeName: "PTC.SCA.SCO.ProcessingResourceClass"
                                    };
                                    
                                    var result = Things[me.GetDatabaseThingName()].Delete(params);
                                    ]]>
                                    </code>
                                </Row>
                            </Rows>
                        </ConfigurationTable>
                    </ConfigurationTables>
                </ServiceImplementation>
                <ServiceImplementation
                 description=""
                 handlerName="Script"
                 name="DeleteProcessingResourceToClassLink">
                    <ConfigurationTables>
                        <ConfigurationTable
                         description="Script"
                         isMultiRow="false"
                         name="Script"
                         ordinal="0">
                            <DataShape>
                                <FieldDefinitions>
                                    <FieldDefinition
                                     baseType="STRING"
                                     description="code"
                                     name="code"
                                     ordinal="0"></FieldDefinition>
                                </FieldDefinitions>
                            </DataShape>
                            <Rows>
                                <Row>
                                    <code>
                                    <![CDATA[
                                    var params = {
                                        UID: UID,
                                        dataShapeName: "PTC.SCA.SCO.ProcessingResourceToClassLink"
                                    };
                                    
                                    var result = Things[me.GetDatabaseThingName()].Delete(params);
                                    ]]>
                                    </code>
                                </Row>
                            </Rows>
                        </ConfigurationTable>
                    </ConfigurationTables>
                </ServiceImplementation>
                <ServiceImplementation
                 description=""
                 handlerName="Script"
                 name="GetProcessingResource">
                    <ConfigurationTables>
                        <ConfigurationTable
                         description="Script"
                         isMultiRow="false"
                         name="Script"
                         ordinal="0">
                            <DataShape>
                                <FieldDefinitions>
                                    <FieldDefinition
                                     baseType="STRING"
                                     description="code"
                                     name="code"
                                     ordinal="0"></FieldDefinition>
                                </FieldDefinitions>
                            </DataShape>
                            <Rows>
                                <Row>
                                    <code>
                                    <![CDATA[
                                    var params = {
                                        UID: UID,
                                        dataShapeName: "PTC.SCA.SCO.ProcessingResource"
                                    };
                                    
                                    var result = Things[me.GetDatabaseThingName()].GetEntity(params);
                                    ]]>
                                    </code>
                                </Row>
                            </Rows>
                        </ConfigurationTable>
                    </ConfigurationTables>
                </ServiceImplementation>
                <ServiceImplementation
                 description=""
                 handlerName="Script"
                 name="GetProcessingResourceClass">
                    <ConfigurationTables>
                        <ConfigurationTable
                         description="Script"
                         isMultiRow="false"
                         name="Script"
                         ordinal="0">
                            <DataShape>
                                <FieldDefinitions>
                                    <FieldDefinition
                                     baseType="STRING"
                                     description="code"
                                     name="code"
                                     ordinal="0"></FieldDefinition>
                                </FieldDefinitions>
                            </DataShape>
                            <Rows>
                                <Row>
                                    <code>
                                    <![CDATA[
                                    var params = {
                                        UID: UID,
                                        dataShapeName: "PTC.SCA.SCO.ProcessingResourceClass"
                                    };
                                    
                                    var result = Things[me.GetDatabaseThingName()].GetEntity(params);
                                    ]]>
                                    </code>
                                </Row>
                            </Rows>
                        </ConfigurationTable>
                    </ConfigurationTables>
                </ServiceImplementation>
                <ServiceImplementation
                 description=""
                 handlerName="Script"
                 name="GetProcessingResourceDBInfo">
                    <ConfigurationTables>
                        <ConfigurationTable
                         description="Script"
                         isMultiRow="false"
                         name="Script"
                         ordinal="0">
                            <DataShape>
                                <FieldDefinitions>
                                    <FieldDefinition
                                     baseType="STRING"
                                     description="code"
                                     name="code"
                                     ordinal="0"></FieldDefinition>
                                </FieldDefinitions>
                            </DataShape>
                            <Rows>
                                <Row>
                                    <code>
                                    <![CDATA[
                                    var dbInfo = {
                                        dbInfo: [
                                            {dataShapeName: "PTC.SCA.SCO.ProcessingResource", indexedFields: []},
                                            {dataShapeName: "PTC.SCA.SCO.ProcessingResource_AP", indexedFields: []},
                                            {dataShapeName: "PTC.SCA.SCO.ProcessingResourceClass", indexedFields: []},
                                            {dataShapeName: "PTC.SCA.SCO.ProcessingResourceClass_AP", indexedFields: []},
                                            {dataShapeName: "PTC.SCA.SCO.ProcessingResourceToClassLink", indexedFields: [{name:"ProcessingResourceUID"}, {name:"ProcessingResourceClassUID"}]},
                                            {dataShapeName: "PTC.SCA.SCO.ProcessingResourceToClassLink_AP", indexedFields: []}
                                        ]
                                    };
                                    
                                    var result = dbInfo;
                                    ]]>
                                    </code>
                                </Row>
                            </Rows>
                        </ConfigurationTable>
                    </ConfigurationTables>
                </ServiceImplementation>
                <ServiceImplementation
                 description=""
                 handlerName="Script"
                 name="GetProcessingResourceToClassLinks">
                    <ConfigurationTables>
                        <ConfigurationTable
                         description="Script"
                         isMultiRow="false"
                         name="Script"
                         ordinal="0">
                            <DataShape>
                                <FieldDefinitions>
                                    <FieldDefinition
                                     baseType="STRING"
                                     description="code"
                                     name="code"
                                     ordinal="0"></FieldDefinition>
                                </FieldDefinitions>
                            </DataShape>
                            <Rows>
                                <Row>
                                    <code>
                                    <![CDATA[
                                    var filter = {
                                        filters:{
                                            fieldName:"ProcessingResourceUID",
                                            type:"EQ",
                                            value:ProcessingResourceUID
                                        }
                                    };
                                    
                                    var params = {
                                        filter: filter,
                                        dataShapeName: "PTC.SCA.SCO.ProcessingResourceToClassLink"
                                    };
                                    
                                    var result = Things[me.GetDatabaseThingName()].Query(params);
                                    ]]>
                                    </code>
                                </Row>
                            </Rows>
                        </ConfigurationTable>
                    </ConfigurationTables>
                </ServiceImplementation>
                <ServiceImplementation
                 description=""
                 handlerName="Script"
                 name="UpdateProcessingResourceClasses">
                    <ConfigurationTables>
                        <ConfigurationTable
                         description="Script"
                         isMultiRow="false"
                         name="Script"
                         ordinal="0">
                            <DataShape>
                                <FieldDefinitions>
                                    <FieldDefinition
                                     baseType="STRING"
                                     description="code"
                                     name="code"
                                     ordinal="0"></FieldDefinition>
                                </FieldDefinitions>
                            </DataShape>
                            <Rows>
                                <Row>
                                    <code>
                                    <![CDATA[
                                    var params = {
                                        infoTable: ProcessingResourceClasses,
                                        dataShapeName: "PTC.SCA.SCO.ProcessingResourceClass"
                                    };
                                    
                                    var result = Things[me.GetDatabaseThingName()].Update(params);
                                    ]]>
                                    </code>
                                </Row>
                            </Rows>
                        </ConfigurationTable>
                    </ConfigurationTables>
                </ServiceImplementation>
                <ServiceImplementation
                 description=""
                 handlerName="Script"
                 name="UpdateProcessingResources">
                    <ConfigurationTables>
                        <ConfigurationTable
                         description="Script"
                         isMultiRow="false"
                         name="Script"
                         ordinal="0">
                            <DataShape>
                                <FieldDefinitions>
                                    <FieldDefinition
                                     baseType="STRING"
                                     description="code"
                                     name="code"
                                     ordinal="0"></FieldDefinition>
                                </FieldDefinitions>
                            </DataShape>
                            <Rows>
                                <Row>
                                    <code>
                                    <![CDATA[
                                    var params = {
                                        infoTable: ProcessingResources,
                                        dataShapeName: "PTC.SCA.SCO.ProcessingResource"
                                    };
                                    
                                    var result = Things[me.GetDatabaseThingName()].Update(params);
                                    ]]>
                                    </code>
                                </Row>
                            </Rows>
                        </ConfigurationTable>
                    </ConfigurationTables>
                </ServiceImplementation>
                <ServiceImplementation
                 description=""
                 handlerName="Script"
                 name="UpdateProcessingResourceToClassLinks">
                    <ConfigurationTables>
                        <ConfigurationTable
                         description="Script"
                         isMultiRow="false"
                         name="Script"
                         ordinal="0">
                            <DataShape>
                                <FieldDefinitions>
                                    <FieldDefinition
                                     baseType="STRING"
                                     description="code"
                                     name="code"
                                     ordinal="0"></FieldDefinition>
                                </FieldDefinitions>
                            </DataShape>
                            <Rows>
                                <Row>
                                    <code>
                                    <![CDATA[
                                    var params = {
                                        infoTable: ProcessingResourceToClassLinks,
                                        dataShapeName: "PTC.SCA.SCO.ProcessingResourceToClassLink"
                                    };
                                    
                                    var result = Things[me.GetDatabaseThingName()].Update(params);
                                    ]]>
                                    </code>
                                </Row>
                            </Rows>
                        </ConfigurationTable>
                    </ConfigurationTables>
                </ServiceImplementation>
            </ServiceImplementations>
            <Subscriptions></Subscriptions>
            <avatar></avatar>
            <DesignTimePermissions>
                <Create></Create>
                <Read></Read>
                <Update></Update>
                <Delete></Delete>
                <Metadata></Metadata>
            </DesignTimePermissions>
            <RunTimePermissions></RunTimePermissions>
            <VisibilityPermissions>
                <Visibility></Visibility>
            </VisibilityPermissions>
            <ConfigurationTableDefinitions></ConfigurationTableDefinitions>
            <ConfigurationTables></ConfigurationTables>
            <PropertyBindings></PropertyBindings>
            <RemotePropertyBindings></RemotePropertyBindings>
            <RemoteServiceBindings></RemoteServiceBindings>
            <RemoteEventBindings></RemoteEventBindings>
            <AlertConfigurations></AlertConfigurations>
            <InstanceRunTimePermissions></InstanceRunTimePermissions>
        </ThingShape>
    </ThingShapes>
</Entities>
