<?xml version="1.0" encoding="UTF-8"?>
<Entities
 build="b2122"
 majorVersion="8"
 minorVersion="4"
 modelPersistenceProviderPackage="PostgresPersistenceProviderPackage"
 revision="1"
 schemaVersion="1040"
 universal="password">
    <Mashups>
        <Mashup
         aspect.isEditableExtensionObject="false"
         aspect.isExtension="true"
         aspect.isResponsive="true"
         aspect.mashupType="mashup"
         columns="0.0"
         description="Creates/edits an Equipment {PTC.SCA.SCO.EquipmentGeneralInfo}"
         documentationContent=""
         homeMashup=""
         lastModifiedDate="2019-03-19T13:49:04.221-04:00"
         name="PTC.SCA.SCO.EquipmentGeneralInfo"
         projectName="PTC.SCA.SCO.Production KPI"
         rows="0.0"
         tags="PTC:sca-sco-productionkpi;PTC:sca-mfg;PTC:Mashup">
            <avatar></avatar>
            <DesignTimePermissions>
                <Create></Create>
                <Read></Read>
                <Update></Update>
                <Delete></Delete>
                <Metadata></Metadata>
            </DesignTimePermissions>
            <RunTimePermissions></RunTimePermissions>
            <VisibilityPermissions>
                <Visibility>
                    <Principal
                     isPermitted="true"
                     name="PTC.Factory.MachineVisibility:AssetPerformance"
                     type="OrganizationalUnit"></Principal>
                    <Principal
                     isPermitted="true"
                     name="PTC.Factory.MachineVisibility:PlantStatus"
                     type="OrganizationalUnit"></Principal>
                </Visibility>
            </VisibilityPermissions>
            <ConfigurationTableDefinitions></ConfigurationTableDefinitions>
            <ConfigurationTables></ConfigurationTables>
            <ParameterDefinitions>
                <FieldDefinition
                 aspect.ordinal="0"
                 baseType="STRING"
                 description=""
                 name="displayId"
                 ordinal="0"></FieldDefinition>
                <FieldDefinition
                 aspect.ordinal="1"
                 baseType="STRING"
                 description=""
                 name="fromURL"
                 ordinal="0"></FieldDefinition>
            </ParameterDefinitions>
            <Things>
                <Thing>PTC.Factory.PlantStatusUtils</Thing>
                <Thing>PTC.Factory.Administration.TagConfigurationUtils</Thing>
                <Thing>PTC.Factory.PhysicalAssetIconFileRepository</Thing>
            </Things>
            <ThingShapes></ThingShapes>
            <ThingTemplates></ThingTemplates>
            <mashupContent>
            <![CDATA[
            {
              "CustomMashupCss" : "",
              "Data" : {
                "Resources_PTC.Factory.CommonUtilities" : {
                  "DataName" : "Resources_PTC.Factory.CommonUtilities",
                  "EntityName" : "PTC.Factory.CommonUtilities",
                  "EntityType" : "Resources",
                  "Id" : "f560aa90-1583-474e-a9ea-d49d4419adfd",
                  "Services" : [ {
                    "APIMethod" : "post",
                    "Characteristic" : "Services",
                    "Id" : "7510b8b9-d6fd-4f91-b346-9ac2fcbec1cd",
                    "Name" : "SelectNonNullString",
                    "Parameters" : { },
                    "RefreshInterval" : 0,
                    "Target" : "SelectNonNullString"
                  }, {
                    "APIMethod" : "post",
                    "Characteristic" : "Services",
                    "Id" : "c414f5f1-e5ac-45b1-8f3f-08f2b1cdd059",
                    "Name" : "GetDefaultImageIfNull",
                    "Parameters" : {
                      "defaultImageName" : "PTC.Factory.DefaultPhysicalAssetIcon"
                    },
                    "RefreshInterval" : 0,
                    "Target" : "GetDefaultImageIfNull"
                  } ]
                },
                "Session" : {
                  "DataName" : "Session",
                  "EntityName" : "",
                  "EntityType" : "Session",
                  "Id" : "session",
                  "Services" : [ {
                    "APIMethod" : "post",
                    "Characteristic" : "Services",
                    "Id" : "SessionInterface",
                    "Name" : "GetGlobalSessionValues",
                    "Parameters" : { },
                    "RefreshInterval" : 0,
                    "Target" : "GetGlobalSessionValues"
                  } ]
                },
                "Things_PTC.Factory.Administration.TagConfigurationUtils" : {
                  "DataName" : "Things_PTC.Factory.Administration.TagConfigurationUtils",
                  "EntityName" : "PTC.Factory.Administration.TagConfigurationUtils",
                  "EntityType" : "Things",
                  "Id" : "86bad9fa-712b-4c3c-8f51-c376559c425b",
                  "Services" : [ {
                    "APIMethod" : "post",
                    "Characteristic" : "Services",
                    "Id" : "eba9e476-b5dc-4d80-9610-2d5b854d3f70",
                    "Name" : "GetBoundPropertyName",
                    "Parameters" : {
                      "propertyName" : "status"
                    },
                    "RefreshInterval" : 0,
                    "Target" : "GetBoundPropertyName"
                  } ]
                },
                "Things_PTC.Factory.PhysicalAssetIconFileRepository" : {
                  "DataName" : "Things_PTC.Factory.PhysicalAssetIconFileRepository",
                  "EntityName" : "PTC.Factory.PhysicalAssetIconFileRepository",
                  "EntityType" : "Things",
                  "Id" : "ca5e94bb-dc97-4446-a99f-eafcb12b18aa",
                  "Services" : [ {
                    "APIMethod" : "post",
                    "Characteristic" : "Services",
                    "Id" : "da9bae28-ed3f-494a-bc0c-43080d79506b",
                    "Name" : "LoadImage",
                    "Parameters" : { },
                    "RefreshInterval" : 0,
                    "Target" : "LoadImage"
                  } ]
                },
                "Things_PTC.Factory.PlantStatusUtils" : {
                  "DataName" : "Things_PTC.Factory.PlantStatusUtils",
                  "EntityName" : "PTC.Factory.PlantStatusUtils",
                  "EntityType" : "Things",
                  "Id" : "349877f5-1737-40a2-87c1-3ebd66d397b5",
                  "Services" : [ {
                    "APIMethod" : "post",
                    "Characteristic" : "Services",
                    "Id" : "69523d6a-8b66-41f9-b32c-ea7e0e3501cc",
                    "Name" : "UpdateElement",
                    "Parameters" : { },
                    "RefreshInterval" : 0,
                    "Target" : "UpdateElement"
                  }, {
                    "APIMethod" : "post",
                    "Characteristic" : "Services",
                    "Id" : "9449e6a6-ad63-4446-99d7-bbace2ddbc0b",
                    "Name" : "GetElementInfo",
                    "Parameters" : { },
                    "RefreshInterval" : 0,
                    "Target" : "GetElementInfo"
                  } ]
                },
                "UserExtensions" : {
                  "DataName" : "UserExtensions",
                  "EntityName" : "",
                  "EntityType" : "UserExtensions",
                  "Id" : "UserExtensions",
                  "Services" : [ {
                    "APIMethod" : "post",
                    "Characteristic" : "Services",
                    "Id" : "UserExtensionInterface",
                    "Name" : "GetCurrentUserExtensionProperties",
                    "Parameters" : { },
                    "RefreshInterval" : 0,
                    "Target" : "GetCurrentUserExtensionProperties"
                  } ]
                }
              },
              "DataBindings" : [ {
                "Id" : "d07c8446-54ad-4ed4-ab05-e8e2f4406a5b",
                "PropertyMaps" : [ {
                  "SourceProperty" : "displayId",
                  "SourcePropertyBaseType" : "STRING",
                  "TargetProperty" : "displayId",
                  "TargetPropertyBaseType" : "STRING",
                  "TargetPropertyType" : "Parameter"
                } ],
                "SourceArea" : "Mashup",
                "SourceId" : "mashup-root",
                "SourceSection" : "",
                "TargetArea" : "Data",
                "TargetId" : "GetElementInfo",
                "TargetSection" : "Things_PTC.Factory.PlantStatusUtils"
              }, {
                "Id" : "c38bf84c-fb25-407c-8303-a22cf1758547",
                "PropertyMaps" : [ {
                  "SourceProperty" : "FullPath",
                  "SourcePropertyBaseType" : "STRING",
                  "TargetProperty" : "str1",
                  "TargetPropertyBaseType" : "STRING",
                  "TargetPropertyType" : "Parameter"
                } ],
                "SourceArea" : "UI",
                "SourceId" : "fileupload-125",
                "SourceSection" : "",
                "TargetArea" : "Data",
                "TargetId" : "SelectNonNullString",
                "TargetSection" : "Resources_PTC.Factory.CommonUtilities"
              }, {
                "Id" : "d771f2e6-c522-40bd-8643-5d421eb96b67",
                "PropertyMaps" : [ {
                  "SourceProperty" : "physicalAssetIconPath",
                  "SourcePropertyBaseType" : "STRING",
                  "TargetProperty" : "str2",
                  "TargetPropertyBaseType" : "STRING",
                  "TargetPropertyType" : "Parameter"
                } ],
                "SourceArea" : "Data",
                "SourceDetails" : "AllData",
                "SourceId" : "GetElementInfo",
                "SourceSection" : "Things_PTC.Factory.PlantStatusUtils",
                "TargetArea" : "Data",
                "TargetId" : "SelectNonNullString",
                "TargetSection" : "Resources_PTC.Factory.CommonUtilities"
              }, {
                "Id" : "d4fc6b7a-45ce-43d7-823e-890eee1cc3fe",
                "PropertyMaps" : [ {
                  "SourceProperty" : "Result",
                  "SourcePropertyBaseType" : "STRING",
                  "TargetProperty" : "path",
                  "TargetPropertyBaseType" : "STRING",
                  "TargetPropertyType" : "Parameter"
                } ],
                "SourceArea" : "Data",
                "SourceDetails" : "AllData",
                "SourceId" : "SelectNonNullString",
                "SourceSection" : "Resources_PTC.Factory.CommonUtilities",
                "TargetArea" : "Data",
                "TargetId" : "LoadImage",
                "TargetSection" : "Things_PTC.Factory.PhysicalAssetIconFileRepository"
              }, {
                "Id" : "3bc59c40-015d-4680-8090-e6915c7317f8",
                "PropertyMaps" : [ {
                  "SourceProperty" : "FullPath",
                  "SourcePropertyBaseType" : "STRING",
                  "TargetProperty" : "iconPath",
                  "TargetPropertyBaseType" : "STRING",
                  "TargetPropertyType" : "Parameter"
                } ],
                "SourceArea" : "UI",
                "SourceId" : "fileupload-125",
                "SourceSection" : "",
                "TargetArea" : "Data",
                "TargetId" : "UpdateElement",
                "TargetSection" : "Things_PTC.Factory.PlantStatusUtils"
              }, {
                "Id" : "74045b52-7140-45b4-832f-9e5fde149efa",
                "PropertyMaps" : [ {
                  "SourceProperty" : "displayId",
                  "SourcePropertyBaseType" : "STRING",
                  "TargetProperty" : "physicalAssetThingName",
                  "TargetPropertyBaseType" : "STRING",
                  "TargetPropertyType" : "Parameter"
                } ],
                "SourceArea" : "Mashup",
                "SourceId" : "mashup-root",
                "SourceSection" : "",
                "TargetArea" : "Data",
                "TargetId" : "UpdateElement",
                "TargetSection" : "Things_PTC.Factory.PlantStatusUtils"
              }, {
                "Id" : "adebf3c4-830a-448f-ad28-2b99547bed0d",
                "PropertyMaps" : [ {
                  "SourceProperty" : "displayId",
                  "SourcePropertyBaseType" : "STRING",
                  "SourcePropertyType" : "Property",
                  "TargetProperty" : "Path",
                  "TargetPropertyBaseType" : "STRING",
                  "TargetPropertyType" : "property"
                } ],
                "SourceArea" : "Mashup",
                "SourceId" : "mashup-root",
                "SourceSection" : "",
                "TargetArea" : "UI",
                "TargetId" : "fileupload-125",
                "TargetSection" : ""
              }, {
                "Id" : "aee0a00d-a645-4e5b-9870-74054a596717",
                "PropertyMaps" : [ {
                  "SourceProperty" : "Content",
                  "SourcePropertyBaseType" : "IMAGE",
                  "TargetProperty" : "image",
                  "TargetPropertyBaseType" : "IMAGE",
                  "TargetPropertyType" : "Parameter"
                } ],
                "SourceArea" : "Data",
                "SourceDetails" : "AllData",
                "SourceId" : "LoadImage",
                "SourceSection" : "Things_PTC.Factory.PhysicalAssetIconFileRepository",
                "TargetArea" : "Data",
                "TargetId" : "GetDefaultImageIfNull",
                "TargetSection" : "Resources_PTC.Factory.CommonUtilities"
              }, {
                "Id" : "4bbf6f13-322a-410a-8d7f-665de660e591",
                "PropertyMaps" : [ {
                  "SourceProperty" : "Result",
                  "SourcePropertyBaseType" : "IMAGE",
                  "SourcePropertyType" : "Field",
                  "TargetProperty" : "Data",
                  "TargetPropertyBaseType" : "ANYSCALAR",
                  "TargetPropertyType" : "property"
                } ],
                "SourceArea" : "Data",
                "SourceDetails" : "AllData",
                "SourceId" : "GetDefaultImageIfNull",
                "SourceSection" : "Resources_PTC.Factory.CommonUtilities",
                "TargetArea" : "UI",
                "TargetId" : "valuedisplay-126",
                "TargetSection" : ""
              }, {
                "Id" : "8722950b-2d75-4fa3-858f-8ee23bd654f2",
                "PropertyMaps" : [ {
                  "SourceProperty" : "Result",
                  "SourcePropertyBaseType" : "STRING",
                  "SourcePropertyType" : "Field",
                  "TargetProperty" : "path",
                  "TargetPropertyBaseType" : "STRING",
                  "TargetPropertyType" : "property"
                } ],
                "SourceArea" : "Data",
                "SourceDetails" : "AllData",
                "SourceId" : "SelectNonNullString",
                "SourceSection" : "Resources_PTC.Factory.CommonUtilities",
                "TargetArea" : "UI",
                "TargetId" : "validator-138",
                "TargetSection" : ""
              }, {
                "Id" : "26093505-cc2a-41cf-8f28-2543e995186b",
                "PropertyMaps" : [ {
                  "SourceProperty" : "Id",
                  "SourcePropertyBaseType" : "STRING",
                  "SourcePropertyType" : "Field",
                  "TargetProperty" : "thingName",
                  "TargetPropertyBaseType" : "STRING",
                  "TargetPropertyType" : "Parameter"
                } ],
                "SourceArea" : "Data",
                "SourceDetails" : "AllData",
                "SourceId" : "GetElementInfo",
                "SourceSection" : "Things_PTC.Factory.PlantStatusUtils",
                "TargetArea" : "Data",
                "TargetId" : "GetBoundPropertyName",
                "TargetSection" : "Things_PTC.Factory.Administration.TagConfigurationUtils"
              }, {
                "Id" : "1cd8fcf8-200c-4824-b3a4-18e83a80f01d",
                "PropertyMaps" : [ {
                  "SourceProperty" : "Result",
                  "SourcePropertyBaseType" : "STRING",
                  "TargetProperty" : "str2",
                  "TargetPropertyBaseType" : "STRING",
                  "TargetPropertyType" : "Parameter"
                } ],
                "SourceArea" : "Data",
                "SourceDetails" : "AllData",
                "SourceId" : "GetBoundPropertyName",
                "SourceSection" : "Things_PTC.Factory.Administration.TagConfigurationUtils",
                "TargetArea" : "Data",
                "TargetId" : "SelectNonNullString1",
                "TargetSection" : "Resources_PTC.Factory.CommonUtilities"
              }, {
                "Id" : "7ad43e6f-65a7-4a60-8c85-87a8c25b69dc",
                "PropertyMaps" : [ {
                  "SourceProperty" : "AssetImage",
                  "SourcePropertyBaseType" : "IMAGE",
                  "TargetProperty" : "defaultImage",
                  "TargetPropertyBaseType" : "IMAGE",
                  "TargetPropertyType" : "Parameter"
                } ],
                "SourceArea" : "Data",
                "SourceDetails" : "AllData",
                "SourceId" : "GetElementInfo",
                "SourceSection" : "Things_PTC.Factory.PlantStatusUtils",
                "TargetArea" : "Data",
                "TargetId" : "GetDefaultImageIfNull",
                "TargetSection" : "Resources_PTC.Factory.CommonUtilities"
              }, {
                "Id" : "0271c4bb-2217-4276-97de-f7c963660d7f",
                "PropertyMaps" : [ {
                  "SourceProperty" : "Result",
                  "SourcePropertyBaseType" : "IMAGE",
                  "TargetProperty" : "image",
                  "TargetPropertyBaseType" : "IMAGE",
                  "TargetPropertyType" : "Parameter"
                } ],
                "SourceArea" : "Data",
                "SourceDetails" : "AllData",
                "SourceId" : "GetDefaultImageIfNull",
                "SourceSection" : "Resources_PTC.Factory.CommonUtilities",
                "TargetArea" : "Data",
                "TargetId" : "UpdateElement",
                "TargetSection" : "Things_PTC.Factory.PlantStatusUtils"
              }, {
                "Id" : "ce842f70-6b4e-4925-9a77-7dbfd651b833",
                "PropertyMaps" : [ {
                  "SourceProperty" : "FileName",
                  "SourcePropertyBaseType" : "STRING",
                  "SourcePropertyType" : "Property",
                  "TargetProperty" : "value",
                  "TargetPropertyBaseType" : "STRING",
                  "TargetPropertyType" : "property"
                } ],
                "SourceArea" : "UI",
                "SourceId" : "fileupload-125",
                "SourceSection" : "",
                "TargetArea" : "UI",
                "TargetId" : "validator-148",
                "TargetSection" : ""
              }, {
                "Id" : "9c4b03ab-3724-46bc-b123-4cefe4ae8a6a",
                "PropertyMaps" : [ {
                  "SourceProperty" : "displayName",
                  "SourcePropertyBaseType" : "STRING",
                  "SourcePropertyType" : "Data",
                  "TargetProperty" : "Text",
                  "TargetPropertyBaseType" : "STRING"
                } ],
                "SourceArea" : "Data",
                "SourceDetails" : "AllData",
                "SourceId" : "GetElementInfo",
                "SourceSection" : "Things_PTC.Factory.PlantStatusUtils",
                "TargetArea" : "UI",
                "TargetId" : "textbox-174",
                "TargetSection" : ""
              }, {
                "Id" : "0b20de32-bff2-475b-a0dc-5bb46e5724fc",
                "PropertyMaps" : [ {
                  "SourceProperty" : "Text",
                  "SourcePropertyBaseType" : "STRING",
                  "TargetProperty" : "value",
                  "TargetPropertyBaseType" : "STRING"
                } ],
                "SourceArea" : "UI",
                "SourceId" : "textbox-174",
                "SourceSection" : "",
                "TargetArea" : "UI",
                "TargetId" : "validator-142",
                "TargetSection" : ""
              }, {
                "Id" : "6dc8b62b-7d83-4348-92ee-47959a073e4b",
                "PropertyMaps" : [ {
                  "SourceProperty" : "Text",
                  "SourcePropertyBaseType" : "STRING",
                  "TargetProperty" : "displayName",
                  "TargetPropertyBaseType" : "STRING",
                  "TargetPropertyType" : "Parameter"
                } ],
                "SourceArea" : "UI",
                "SourceId" : "textbox-174",
                "SourceSection" : "",
                "TargetArea" : "Data",
                "TargetId" : "UpdateElement",
                "TargetSection" : "Things_PTC.Factory.PlantStatusUtils"
              }, {
                "Id" : "483f8010-355d-4cb8-88e9-fb93601bf8cd",
                "PropertyMaps" : [ {
                  "SourceProperty" : "description",
                  "SourcePropertyBaseType" : "STRING",
                  "SourcePropertyType" : "Data",
                  "TargetProperty" : "Text",
                  "TargetPropertyBaseType" : "STRING"
                } ],
                "SourceArea" : "Data",
                "SourceDetails" : "AllData",
                "SourceId" : "GetElementInfo",
                "SourceSection" : "Things_PTC.Factory.PlantStatusUtils",
                "TargetArea" : "UI",
                "TargetId" : "textbox-175",
                "TargetSection" : ""
              }, {
                "Id" : "e9314a1a-2d18-4812-9262-d3d6f04d7a7d",
                "PropertyMaps" : [ {
                  "SourceProperty" : "Text",
                  "SourcePropertyBaseType" : "STRING",
                  "TargetProperty" : "description",
                  "TargetPropertyBaseType" : "STRING",
                  "TargetPropertyType" : "Parameter"
                } ],
                "SourceArea" : "UI",
                "SourceId" : "textbox-175",
                "SourceSection" : "",
                "TargetArea" : "Data",
                "TargetId" : "UpdateElement",
                "TargetSection" : "Things_PTC.Factory.PlantStatusUtils"
              }, {
                "Id" : "f014ebbb-1961-4c77-a159-672835623e47",
                "PropertyMaps" : [ {
                  "SourceProperty" : "typeDisplayString",
                  "SourcePropertyBaseType" : "STRING",
                  "SourcePropertyType" : "Field",
                  "TargetProperty" : "Text",
                  "TargetPropertyBaseType" : "STRING",
                  "TargetPropertyType" : "property"
                } ],
                "SourceArea" : "Data",
                "SourceDetails" : "AllData",
                "SourceId" : "GetElementInfo",
                "SourceSection" : "Things_PTC.Factory.PlantStatusUtils",
                "TargetArea" : "UI",
                "TargetId" : "label-264",
                "TargetSection" : ""
              } ],
              "DesignTimePermissions" : {
                "Create" : [ ],
                "Delete" : [ ],
                "Metadata" : [ ],
                "Read" : [ ],
                "Update" : [ ]
              },
              "Events" : [ {
                "EventHandlerArea" : "UI",
                "EventHandlerId" : "ContainedMashup-58",
                "EventHandlerService" : "Refresh",
                "EventTriggerArea" : "UI",
                "EventTriggerEvent" : "PopupClosed",
                "EventTriggerId" : "Navigation-83",
                "EventTriggerSection" : "",
                "Id" : "b5f3682e-21d3-40fb-84dc-bbf53922a99c"
              }, {
                "EventHandlerArea" : "UI",
                "EventHandlerId" : "Validator-85",
                "EventHandlerService" : "Evaluate",
                "EventTriggerArea" : "UI",
                "EventTriggerEvent" : "PopupClosed",
                "EventTriggerId" : "Navigation-84",
                "EventTriggerSection" : "",
                "Id" : "9f871e83-7c2f-4802-94e5-90cd409fc172"
              }, {
                "EventHandlerArea" : "UI",
                "EventHandlerId" : "Navigation-83",
                "EventHandlerService" : "Navigate",
                "EventTriggerArea" : "UI",
                "EventTriggerEvent" : "Clicked",
                "EventTriggerId" : "Button-96",
                "EventTriggerSection" : "",
                "Id" : "aed4b00d-300c-4427-9696-917674118b3b"
              }, {
                "EventHandlerArea" : "UI",
                "EventHandlerId" : "Navigation-84",
                "EventHandlerService" : "Navigate",
                "EventTriggerArea" : "UI",
                "EventTriggerEvent" : "Clicked",
                "EventTriggerId" : "Button-97",
                "EventTriggerSection" : "",
                "Id" : "9fa32189-da6b-4d93-84c8-6f2208581bb0"
              }, {
                "EventHandlerArea" : "UI",
                "EventHandlerId" : "Navigation-99",
                "EventHandlerService" : "Navigate",
                "EventTriggerArea" : "UI",
                "EventTriggerEvent" : "Clicked",
                "EventTriggerId" : "Button-98",
                "EventTriggerSection" : "",
                "Id" : "d6a545e7-5359-4ca3-8c23-9d5df6a3e997"
              }, {
                "EventHandlerArea" : "UI",
                "EventHandlerId" : "Navigation-102",
                "EventHandlerService" : "Navigate",
                "EventTriggerArea" : "UI",
                "EventTriggerEvent" : "Clicked",
                "EventTriggerId" : "Button-100",
                "EventTriggerSection" : "",
                "Id" : "bbdf2398-cd84-4d0b-870c-948477d4b857"
              }, {
                "EventHandlerArea" : "UI",
                "EventHandlerId" : "ContainedMashup-58",
                "EventHandlerService" : "Refresh",
                "EventTriggerArea" : "UI",
                "EventTriggerEvent" : "PopupClosed",
                "EventTriggerId" : "Navigation-99",
                "EventTriggerSection" : "",
                "Id" : "2f57a706-eae7-4af3-86d9-c54cd29e7b57"
              }, {
                "EventHandlerArea" : "UI",
                "EventHandlerId" : "Navigation-104",
                "EventHandlerService" : "Navigate",
                "EventTriggerArea" : "UI",
                "EventTriggerEvent" : "Clicked",
                "EventTriggerId" : "ButtonTooltip-108",
                "EventTriggerSection" : "",
                "Id" : "5cc070f7-4419-48d1-89ef-8a7ec16aa61d"
              }, {
                "EventHandlerArea" : "Data",
                "EventHandlerId" : "Things_PTC.Factory.PlantStatusUtils",
                "EventHandlerService" : "GetElementInfo",
                "EventTriggerArea" : "Mashup",
                "EventTriggerEvent" : "Loaded",
                "EventTriggerId" : "mashup-root",
                "EventTriggerSection" : "",
                "Id" : "5de42024-f084-4e66-a679-fb11182cd240"
              }, {
                "EventHandlerArea" : "Data",
                "EventHandlerId" : "Resources_PTC.Factory.CommonUtilities",
                "EventHandlerService" : "SelectNonNullString",
                "EventTriggerArea" : "Data",
                "EventTriggerEvent" : "ServiceInvokeCompleted",
                "EventTriggerId" : "GetElementInfo",
                "EventTriggerSection" : "Things_PTC.Factory.PlantStatusUtils",
                "Id" : "2c14e230-90ff-474f-b42a-609bfa08d8c7"
              }, {
                "EventHandlerArea" : "Data",
                "EventHandlerId" : "Resources_PTC.Factory.CommonUtilities",
                "EventHandlerService" : "SelectNonNullString",
                "EventTriggerArea" : "UI",
                "EventTriggerEvent" : "UploadComplete",
                "EventTriggerId" : "fileupload-125",
                "EventTriggerSection" : "",
                "Id" : "74f99f95-e74d-4193-90e0-a0a41c168007"
              }, {
                "EventHandlerArea" : "Data",
                "EventHandlerId" : "Things_PTC.Factory.PhysicalAssetIconFileRepository",
                "EventHandlerService" : "LoadImage",
                "EventTriggerArea" : "Data",
                "EventTriggerEvent" : "ServiceInvokeCompleted",
                "EventTriggerId" : "SelectNonNullString",
                "EventTriggerSection" : "Resources_PTC.Factory.CommonUtilities",
                "Id" : "ae195915-5265-43dd-8f0c-d4fd01ea019f"
              }, {
                "EventHandlerArea" : "Data",
                "EventHandlerId" : "Resources_PTC.Factory.CommonUtilities",
                "EventHandlerService" : "GetDefaultImageIfNull",
                "EventTriggerArea" : "Data",
                "EventTriggerEvent" : "ServiceInvokeCompleted",
                "EventTriggerId" : "LoadImage",
                "EventTriggerSection" : "Things_PTC.Factory.PhysicalAssetIconFileRepository",
                "Id" : "813467ec-6746-4bb5-816a-bcb476829569"
              }, {
                "EventHandlerArea" : "Data",
                "EventHandlerId" : "Resources_PTC.Factory.CommonUtilities",
                "EventHandlerService" : "GetDefaultImageIfNull",
                "EventTriggerArea" : "UI",
                "EventTriggerEvent" : "True",
                "EventTriggerId" : "validator-138",
                "EventTriggerSection" : "",
                "Id" : "503a5c04-f89c-49c5-a3e3-df67408a0669"
              }, {
                "EventHandlerArea" : "UI",
                "EventHandlerId" : "validator-138",
                "EventHandlerService" : "Evaluate",
                "EventTriggerArea" : "Data",
                "EventTriggerEvent" : "ServiceInvokeCompleted",
                "EventTriggerId" : "SelectNonNullString",
                "EventTriggerSection" : "Resources_PTC.Factory.CommonUtilities",
                "Id" : "931cb020-7d78-4d76-84d5-3cbe753c2f70"
              }, {
                "EventHandlerArea" : "Data",
                "EventHandlerId" : "Things_PTC.Factory.Administration.TagConfigurationUtils",
                "EventHandlerService" : "GetBoundPropertyName",
                "EventTriggerArea" : "Data",
                "EventTriggerEvent" : "ServiceInvokeCompleted",
                "EventTriggerId" : "GetElementInfo",
                "EventTriggerSection" : "Things_PTC.Factory.PlantStatusUtils",
                "Id" : "fa869562-9088-4fa9-af8a-0b7304168193"
              }, {
                "EventHandlerArea" : "Data",
                "EventHandlerId" : "Resources_PTC.Factory.CommonUtilities",
                "EventHandlerService" : "GetDefaultImageIfNull",
                "EventTriggerArea" : "Data",
                "EventTriggerEvent" : "ServiceInvokeCompleted",
                "EventTriggerId" : "GetElementInfo",
                "EventTriggerSection" : "Things_PTC.Factory.PlantStatusUtils",
                "Id" : "8bce2e58-d4ca-4063-a376-47c158232bae"
              }, {
                "EventHandlerArea" : "UI",
                "EventHandlerId" : "validator-142",
                "EventHandlerService" : "Evaluate",
                "EventTriggerArea" : "UI",
                "EventTriggerEvent" : "Clicked",
                "EventTriggerId" : "button-127",
                "EventTriggerSection" : "",
                "Id" : "af37c391-9fad-4699-b15d-04f6971a3f47"
              }, {
                "EventHandlerArea" : "UI",
                "EventHandlerId" : "statusmessage-141",
                "EventHandlerService" : "ShowMessage",
                "EventTriggerArea" : "UI",
                "EventTriggerEvent" : "False",
                "EventTriggerId" : "validator-142",
                "EventTriggerSection" : "",
                "Id" : "dc968634-c5ec-4d8e-8317-a6be4e4db14b"
              }, {
                "EventHandlerArea" : "Data",
                "EventHandlerId" : "Things_PTC.Factory.PlantStatusUtils",
                "EventHandlerService" : "GetElementInfo",
                "EventTriggerArea" : "Data",
                "EventTriggerEvent" : "ServiceInvokeCompleted",
                "EventTriggerId" : "UpdateElement",
                "EventTriggerSection" : "Things_PTC.Factory.PlantStatusUtils",
                "Id" : "53f31030-e482-4a67-bd3e-f823bdb87735"
              }, {
                "EventHandlerArea" : "UI",
                "EventHandlerId" : "validator-148",
                "EventHandlerService" : "Evaluate",
                "EventTriggerArea" : "UI",
                "EventTriggerEvent" : "UploadComplete",
                "EventTriggerId" : "fileupload-125",
                "EventTriggerSection" : "",
                "Id" : "d588bd4f-0ed8-4743-b444-22470b97f772"
              }, {
                "EventHandlerArea" : "UI",
                "EventHandlerId" : "expression-154",
                "EventHandlerService" : "Evaluate",
                "EventTriggerArea" : "Mashup",
                "EventTriggerEvent" : "Loaded",
                "EventTriggerId" : "mashup-root",
                "EventTriggerSection" : "",
                "Id" : "a7325e99-e7df-4a40-b520-f66f3253d902"
              }, {
                "EventHandlerArea" : "UI",
                "EventHandlerId" : "validator-142",
                "EventHandlerService" : "Evaluate",
                "EventTriggerArea" : "UI",
                "EventTriggerEvent" : "Clicked",
                "EventTriggerId" : "button-187",
                "EventTriggerSection" : "",
                "Id" : "b1660ea8-fae5-426d-8b62-da52146e0d66"
              }, {
                "EventHandlerArea" : "UI",
                "EventHandlerId" : "statusmessage-233",
                "EventHandlerService" : "ShowMessage",
                "EventTriggerArea" : "Data",
                "EventTriggerEvent" : "ServiceInvokeCompleted",
                "EventTriggerId" : "UpdateElement",
                "EventTriggerSection" : "Things_PTC.Factory.PlantStatusUtils",
                "Id" : "8b82a179-1f67-4da3-857b-0e11fead1c16"
              }, {
                "EventHandlerArea" : "UI",
                "EventHandlerId" : "statusmessage-253",
                "EventHandlerService" : "ShowMessage",
                "EventTriggerArea" : "UI",
                "EventTriggerEvent" : "False",
                "EventTriggerId" : "validator-252",
                "EventTriggerSection" : "",
                "Id" : "8b944979-7159-44d9-b092-be8e10ffb3e4"
              }, {
                "EventHandlerArea" : "UI",
                "EventHandlerId" : "validator-252",
                "EventHandlerService" : "Evaluate",
                "EventTriggerArea" : "UI",
                "EventTriggerEvent" : "True",
                "EventTriggerId" : "validator-254",
                "EventTriggerSection" : "",
                "Id" : "7c3b5fb0-c2a4-4163-94b6-a1cf11eaa3d9"
              }, {
                "EventHandlerArea" : "UI",
                "EventHandlerId" : "statusmessage-255",
                "EventHandlerService" : "ShowMessage",
                "EventTriggerArea" : "UI",
                "EventTriggerEvent" : "False",
                "EventTriggerId" : "validator-254",
                "EventTriggerSection" : "",
                "Id" : "8e34277f-7a57-414e-a2b9-a0b36d9c5b85"
              }, {
                "EventHandlerArea" : "UI",
                "EventHandlerId" : "statusmessage-257",
                "EventHandlerService" : "ShowMessage",
                "EventTriggerArea" : "UI",
                "EventTriggerEvent" : "False",
                "EventTriggerId" : "validator-256",
                "EventTriggerSection" : "",
                "Id" : "ed2f8f61-7398-4d73-89d2-683a55772033"
              }, {
                "EventHandlerArea" : "UI",
                "EventHandlerId" : "validator-254",
                "EventHandlerService" : "Evaluate",
                "EventTriggerArea" : "UI",
                "EventTriggerEvent" : "True",
                "EventTriggerId" : "validator-256",
                "EventTriggerSection" : "",
                "Id" : "587fa4b9-185f-4fd9-90c2-e329a7289206"
              }, {
                "EventHandlerArea" : "Data",
                "EventHandlerId" : "Things_PTC.Factory.PlantStatusUtils",
                "EventHandlerService" : "UpdateElement",
                "EventTriggerArea" : "UI",
                "EventTriggerEvent" : "True",
                "EventTriggerId" : "validator-142",
                "EventTriggerSection" : "",
                "Id" : "9f5415bc-915f-4f3d-bcc6-2b560c5b6c2e"
              } ],
              "RunTimePermissions" : {
                "permissions" : [ ]
              },
              "UI" : {
                "Properties" : {
                  "AddToDashboardButton" : "SimplePlus",
                  "AddToDashboardButtonStyle" : "DefaultAddToDashboardButtonStyle",
                  "Area" : "Mashup",
                  "BGImage" : "",
                  "BGImageRepeat" : "no-repeat",
                  "BGImageSize" : "auto",
                  "Columns" : 0,
                  "ConfigureGadgetButton" : "SimpleGear",
                  "ConfigureGadgetButtonStyle" : "DefaultConfigureGadgetButtonStyle",
                  "Description" : "",
                  "DisplayName" : "Site Details",
                  "EnableParameterEditing" : false,
                  "Height" : 618,
                  "Id" : "mashup-root",
                  "IgnoreWarningsInViewMashup" : false,
                  "IsPrintLayout" : false,
                  "Left" : 0,
                  "MashupToEditGadget" : "DefaultMashupToEditGadget",
                  "Master" : "",
                  "MinHeight" : 0,
                  "MinWidth" : 0,
                  "ResponsiveLayout" : true,
                  "Rows" : 0,
                  "ShowDataLoading" : true,
                  "Style" : "PTC.SCA.SCO.Core.MashupStyle",
                  "StyleTheme" : "Base Theme",
                  "Title" : "",
                  "TitleBar" : false,
                  "TitleBarStyle" : "DefaultTitleBarStyle",
                  "TitleBarText" : "Gadget Title Here",
                  "Top" : 0,
                  "Type" : "mashup",
                  "UseThemeForHybrids" : false,
                  "Visible" : true,
                  "Width" : 1024,
                  "Z-index" : 10,
                  "__TypeDisplayName" : "Mashup",
                  "_currentParameterDefs" : [ {
                    "BaseType" : "STRING",
                    "Description" : "",
                    "ParameterName" : "displayId"
                  }, {
                    "BaseType" : "STRING",
                    "Description" : "",
                    "ParameterName" : "fromURL"
                  } ],
                  "id_index" : 264,
                  "supportsAutoResize" : true
                },
                "Widgets" : [ {
                  "Properties" : {
                    "Area" : "UI",
                    "Columns" : 0,
                    "Description" : "",
                    "DisplayName" : "layout-160",
                    "Footer" : false,
                    "FooterHeight" : 0,
                    "Header" : false,
                    "HeaderHeight" : 0,
                    "Id" : "layout-160",
                    "IncludeSpacingInFixedAreas" : false,
                    "IsPrintLayout" : false,
                    "Left" : 145,
                    "LeftSidebar" : false,
                    "LeftSidebarWidth" : 0,
                    "Orientation" : "vertical",
                    "PctColumn1" : 50,
                    "PctColumn2" : 50,
                    "PctColumn3" : 1,
                    "PctColumn4" : 1,
                    "PctColumn5" : 1,
                    "PctColumn6" : 1,
                    "PctColumn7" : 1,
                    "PctColumn8" : 1,
                    "PctRow1" : 100,
                    "PctRow2" : 50,
                    "PctRow3" : 52,
                    "PctRow4" : 52,
                    "PctRow5" : 0,
                    "PctRow6" : 0,
                    "PctRow7" : 0,
                    "PctRow8" : 0,
                    "PrintMarginLeftRight" : 0.5,
                    "PrintMarginTopBottom" : 0.5,
                    "PrintWidth" : 650,
                    "ResponsiveLayout" : true,
                    "RightSidebar" : false,
                    "RightSidebarWidth" : 0,
                    "Rows" : 1,
                    "ShowDataLoading" : true,
                    "Spacing" : 0,
                    "Top" : 75,
                    "Type" : "layout",
                    "Visible" : true,
                    "Z-index" : 10,
                    "__TypeDisplayName" : "Layout"
                  },
                  "Widgets" : [ {
                    "Properties" : {
                      "AnimateExpandCollapse" : true,
                      "Area" : "UI",
                      "BGImageRepeat" : "no-repeat",
                      "BGImageSize" : "contain",
                      "DisplayName" : "Row",
                      "ExpandCollapseTabLocation" : "outside",
                      "Expanded" : true,
                      "Id" : "container-188",
                      "MinHeight" : 0,
                      "MinWidth" : 0,
                      "Overlay" : false,
                      "OverlayIsTransparent" : false,
                      "ResponsiveLayout" : true,
                      "ShowDataLoading" : true,
                      "ShowExpandCollapseTab" : false,
                      "Style" : "DefaultContainerStyle",
                      "TabCollapseStyle" : "DefaultTabCollapseStyle",
                      "TabExpandStyle" : "DefaultTabExpandStyle",
                      "TabHeight" : 36,
                      "TabLocation" : "center",
                      "TabOffset" : 0,
                      "TabWidth" : 36,
                      "Type" : "container",
                      "Visible" : true,
                      "Z-index" : 10,
                      "__TypeDisplayName" : "Container",
                      "userCannotRemove" : true
                    },
                    "Widgets" : [ {
                      "Properties" : {
                        "Area" : "UI",
                        "CenterCustomClass" : "",
                        "Columns" : 1,
                        "DisplayName" : "layout-222",
                        "Footer" : false,
                        "FooterHeight" : 0,
                        "Header" : false,
                        "HeaderHeight" : 0,
                        "Id" : "layout-222",
                        "IncludeSpacingInFixedAreas" : false,
                        "IsPrintLayout" : false,
                        "Left" : 200,
                        "LeftSidebar" : true,
                        "LeftSidebarWidth" : 20,
                        "Orientation" : "horizontal",
                        "PctColumn1" : 100,
                        "PctColumn2" : 0,
                        "PctColumn3" : 1,
                        "PctColumn4" : 1,
                        "PctColumn5" : 1,
                        "PctColumn6" : 1,
                        "PctColumn7" : 1,
                        "PctColumn8" : 1,
                        "PctRow1" : 50,
                        "PctRow2" : 50,
                        "PctRow3" : 0,
                        "PctRow4" : 0,
                        "PctRow5" : 0,
                        "PctRow6" : 0,
                        "PctRow7" : 0,
                        "PctRow8" : 0,
                        "PrintMarginLeftRight" : 0.5,
                        "PrintMarginTopBottom" : 0.5,
                        "PrintWidth" : 650,
                        "ResponsiveLayout" : true,
                        "RightSidebar" : true,
                        "RightSidebarCustomClass" : "",
                        "RightSidebarWidth" : 20,
                        "Rows" : 0,
                        "ShowDataLoading" : true,
                        "Spacing" : 0,
                        "Top" : 145,
                        "Type" : "layout",
                        "Visible" : true,
                        "Z-index" : 10,
                        "__TypeDisplayName" : "Layout"
                      },
                      "Widgets" : [ {
                        "Properties" : {
                          "AnimateExpandCollapse" : true,
                          "Area" : "UI",
                          "BGImageRepeat" : "no-repeat",
                          "BGImageSize" : "auto",
                          "DisplayName" : "Left Sidebar",
                          "ExpandCollapseTabLocation" : "outside",
                          "Expanded" : true,
                          "Id" : "container-223",
                          "MinHeight" : 0,
                          "MinWidth" : 0,
                          "Overlay" : false,
                          "OverlayIsTransparent" : false,
                          "ResponsiveLayout" : true,
                          "ShowDataLoading" : true,
                          "ShowExpandCollapseTab" : false,
                          "Style" : "DefaultContainerStyle",
                          "TabCollapseStyle" : "DefaultTabCollapseStyle",
                          "TabExpandStyle" : "DefaultTabExpandStyle",
                          "TabHeight" : 36,
                          "TabLocation" : "center",
                          "TabOffset" : 0,
                          "TabWidth" : 36,
                          "Type" : "container",
                          "Visible" : true,
                          "Z-index" : 10,
                          "__TypeDisplayName" : "Container",
                          "userCannotRemove" : true
                        },
                        "Widgets" : [ ]
                      }, {
                        "Properties" : {
                          "AnimateExpandCollapse" : true,
                          "Area" : "UI",
                          "BGImageRepeat" : "no-repeat",
                          "BGImageSize" : "auto",
                          "DisplayName" : "Column 1",
                          "ExpandCollapseTabLocation" : "outside",
                          "Expanded" : true,
                          "Id" : "container-224",
                          "MinHeight" : 0,
                          "MinWidth" : 0,
                          "Overlay" : false,
                          "OverlayIsTransparent" : false,
                          "ResponsiveLayout" : true,
                          "ShowDataLoading" : true,
                          "ShowExpandCollapseTab" : false,
                          "Style" : "DefaultContainerStyle",
                          "TabCollapseStyle" : "DefaultTabCollapseStyle",
                          "TabExpandStyle" : "DefaultTabExpandStyle",
                          "TabHeight" : 36,
                          "TabLocation" : "center",
                          "TabOffset" : 0,
                          "TabWidth" : 36,
                          "Type" : "container",
                          "Visible" : true,
                          "Z-index" : 10,
                          "__TypeDisplayName" : "Container",
                          "userCannotRemove" : true
                        },
                        "Widgets" : [ {
                          "Properties" : {
                            "Area" : "UI",
                            "DisplayName" : "panel-114",
                            "Height" : 200,
                            "HideScrollbars" : false,
                            "HorizontalAnchor" : "left",
                            "Id" : "panel-114",
                            "Left" : 385,
                            "ResponsiveLayout" : true,
                            "ShowDataLoading" : true,
                            "Style" : "PTC.Factory.Generic.ConfirmationPopupBody",
                            "Top" : 65,
                            "Type" : "panel",
                            "VerticalAnchor" : "top",
                            "Visible" : true,
                            "Width" : 300,
                            "Z-index" : 10,
                            "__TypeDisplayName" : "Panel"
                          },
                          "Widgets" : [ {
                            "Properties" : {
                              "Area" : "UI",
                              "AutoEvaluate" : false,
                              "Description" : "",
                              "DisplayName" : "Is image null?",
                              "Expression" : "path == \"\"",
                              "Height" : 18,
                              "Id" : "validator-138",
                              "Left" : 714,
                              "Output" : false,
                              "ResponsiveLayout" : false,
                              "ShowDataLoading" : true,
                              "Top" : 171,
                              "Type" : "validator",
                              "Visible" : true,
                              "Width" : 172,
                              "Z-index" : 10,
                              "__TypeDisplayName" : "Validator",
                              "_currentParameterDefs" : [ {
                                "BaseType" : "STRING",
                                "Description" : "",
                                "ParameterName" : "path"
                              } ]
                            },
                            "Widgets" : [ ]
                          }, {
                            "Properties" : {
                              "Area" : "UI",
                              "AutoEvaluate" : false,
                              "DisplayName" : "Has ok been clicked?",
                              "Expression" : "value",
                              "Height" : 18,
                              "Id" : "validator-140",
                              "Left" : 109,
                              "Output" : false,
                              "ResponsiveLayout" : false,
                              "ShowDataLoading" : true,
                              "Top" : 437,
                              "Type" : "validator",
                              "Visible" : true,
                              "Width" : 167,
                              "Z-index" : 10,
                              "__TypeDisplayName" : "Validator",
                              "_currentParameterDefs" : [ {
                                "BaseType" : "BOOLEAN",
                                "Description" : "",
                                "ParameterName" : "value"
                              } ]
                            },
                            "Widgets" : [ ]
                          }, {
                            "Properties" : {
                              "Area" : "UI",
                              "DisplayName" : "Physical Asset Name is empty",
                              "Height" : 18,
                              "Id" : "statusmessage-141",
                              "Left" : 44,
                              "Message" : "[[PTC.Factory.Error.PhysicalAssetNameEmpty]]",
                              "MessageType" : "info",
                              "ResponsiveLayout" : false,
                              "ShowDataLoading" : true,
                              "Top" : 414,
                              "Type" : "statusmessage",
                              "Visible" : true,
                              "Width" : 197,
                              "Z-index" : 10,
                              "__TypeDisplayName" : "Status Message"
                            },
                            "Widgets" : [ ]
                          }, {
                            "Properties" : {
                              "Area" : "UI",
                              "AutoEvaluate" : false,
                              "Description" : "",
                              "DisplayName" : "Is name not empty?",
                              "Expression" : "value!=null&&value!=\"\"",
                              "Height" : 18,
                              "Id" : "validator-142",
                              "Left" : 99,
                              "Output" : false,
                              "ResponsiveLayout" : false,
                              "ShowDataLoading" : true,
                              "Top" : 398,
                              "Type" : "validator",
                              "Visible" : true,
                              "Width" : 162,
                              "Z-index" : 10,
                              "__TypeDisplayName" : "Validator",
                              "_currentParameterDefs" : [ {
                                "BaseType" : "STRING",
                                "Description" : "",
                                "ParameterName" : "value"
                              } ]
                            },
                            "Widgets" : [ ]
                          }, {
                            "Properties" : {
                              "Area" : "UI",
                              "AutoEvaluate" : false,
                              "DisplayName" : "is path not null?",
                              "Expression" : "value!=null&&value!=\"\"",
                              "Height" : 18,
                              "Id" : "validator-148",
                              "Left" : 129,
                              "Output" : false,
                              "ResponsiveLayout" : false,
                              "ShowDataLoading" : true,
                              "Top" : 352,
                              "Type" : "validator",
                              "Visible" : true,
                              "Width" : 172,
                              "Z-index" : 10,
                              "__TypeDisplayName" : "Validator",
                              "_currentParameterDefs" : [ {
                                "BaseType" : "STRING",
                                "Description" : "",
                                "ParameterName" : "value"
                              } ]
                            },
                            "Widgets" : [ ]
                          }, {
                            "Properties" : {
                              "Area" : "UI",
                              "AutoEvaluate" : false,
                              "DataChangeType" : "VALUE",
                              "Description" : "",
                              "DisplayName" : "expression-154",
                              "Expression" : "1",
                              "FireOnFirstValue" : false,
                              "Height" : 18,
                              "Id" : "expression-154",
                              "Left" : 460,
                              "OutputBaseType" : "NUMBER",
                              "ResponsiveLayout" : false,
                              "ShowDataLoading" : true,
                              "Top" : 175,
                              "Type" : "expression",
                              "Visible" : false,
                              "Width" : 175,
                              "Z-index" : 10,
                              "__TypeDisplayName" : "Expression"
                            },
                            "Widgets" : [ ]
                          }, {
                            "Properties" : {
                              "Area" : "UI",
                              "Description" : "",
                              "DisplayName" : "fieldset-171",
                              "FieldsetLabelStyle" : "DefaultBlogHeaderStyle",
                              "FieldsetStyle" : "PTC.Factory.ConfigHeaderPanelStyle",
                              "Height" : 508,
                              "Id" : "fieldset-171",
                              "Left" : 5,
                              "ResponsiveLayout" : false,
                              "ShowDataLoading" : true,
                              "Title" : "",
                              "Top" : 20,
                              "Type" : "fieldset",
                              "Visible" : true,
                              "Width" : 897,
                              "Z-index" : 10,
                              "__TypeDisplayName" : "Fieldset"
                            },
                            "Widgets" : [ {
                              "Properties" : {
                                "Alignment" : "left",
                                "AllowEllipsis" : false,
                                "Area" : "UI",
                                "DisplayName" : "label-172",
                                "Height" : 15,
                                "Id" : "label-172",
                                "Left" : 340,
                                "ResponsiveLayout" : false,
                                "ShowDataLoading" : true,
                                "Style" : "PTC.SCA.SCO.12pxLabelTextBold",
                                "Text" : "[[PTC.Factory.Name]]",
                                "ToolTipField" : "",
                                "ToolTipStyle" : "DefaultTooltipStyle",
                                "Top" : 15,
                                "Type" : "label",
                                "Visible" : true,
                                "Width" : 80,
                                "Z-index" : 10,
                                "__TypeDisplayName" : "Label",
                                "__supportsTooltip" : true
                              },
                              "Widgets" : [ ]
                            }, {
                              "Properties" : {
                                "Alignment" : "left",
                                "AllowEllipsis" : false,
                                "Area" : "UI",
                                "DisplayName" : "label-173",
                                "Height" : 15,
                                "Id" : "label-173",
                                "Left" : 340,
                                "ResponsiveLayout" : false,
                                "ShowDataLoading" : true,
                                "Style" : "PTC.SCA.SCO.12pxLabelTextBold",
                                "Text" : "[[PTC.Factory.Description]]",
                                "ToolTipField" : "",
                                "ToolTipStyle" : "DefaultTooltipStyle",
                                "Top" : 83,
                                "Type" : "label",
                                "Visible" : true,
                                "Width" : 145,
                                "Z-index" : 10,
                                "__TypeDisplayName" : "Label",
                                "__supportsTooltip" : true
                              },
                              "Widgets" : [ ]
                            }, {
                              "Properties" : {
                                "Area" : "UI",
                                "CursorPosition" : 0,
                                "DefaultTextboxFocusStyle" : "DefaultFocusStyle",
                                "DisplayName" : "textbox-174",
                                "Height" : 25,
                                "Id" : "textbox-174",
                                "InnerShadow" : false,
                                "Label" : "",
                                "LabelAlignment" : "left",
                                "Left" : 340,
                                "MaskInputCharacters" : false,
                                "PlaceholderText" : "",
                                "ReadOnly" : true,
                                "ResponsiveLayout" : false,
                                "ShowDataLoading" : true,
                                "Style" : "PTC.Factory.Generic.DialogBoxTextInputFieldDisabled",
                                "TabSequence" : 0,
                                "Text" : "",
                                "TextAlign" : "left",
                                "TextboxLabelStyle" : "PTC.Factory.Generic.DialogBoxLabelForTextInputField",
                                "ToolTipField" : "",
                                "ToolTipStyle" : "DefaultTooltipStyle",
                                "Top" : 38,
                                "Type" : "textbox",
                                "Visible" : true,
                                "Width" : 549,
                                "Z-index" : 10,
                                "__TypeDisplayName" : "TextBox",
                                "__supportsLabel" : true,
                                "__supportsTooltip" : true
                              },
                              "Widgets" : [ ]
                            }, {
                              "Properties" : {
                                "Area" : "UI",
                                "CursorPosition" : 0,
                                "DefaultTextboxFocusStyle" : "DefaultFocusStyle",
                                "DisplayName" : "textbox-175",
                                "Height" : 25,
                                "Id" : "textbox-175",
                                "InnerShadow" : false,
                                "Label" : "",
                                "LabelAlignment" : "left",
                                "Left" : 340,
                                "MaskInputCharacters" : false,
                                "PlaceholderText" : "",
                                "ReadOnly" : false,
                                "ResponsiveLayout" : false,
                                "ShowDataLoading" : true,
                                "Style" : "PTC.Factory.Generic.DialogBoxTextInputField",
                                "TabSequence" : 0,
                                "Text" : "",
                                "TextAlign" : "left",
                                "TextboxLabelStyle" : "PTC.Factory.Generic.DialogBoxLabelForTextInputField",
                                "ToolTipField" : "",
                                "ToolTipStyle" : "DefaultTooltipStyle",
                                "Top" : 106,
                                "Type" : "textbox",
                                "Visible" : true,
                                "Width" : 549,
                                "Z-index" : 10,
                                "__TypeDisplayName" : "TextBox",
                                "__supportsLabel" : true,
                                "__supportsTooltip" : true
                              },
                              "Widgets" : [ ]
                            }, {
                              "Properties" : {
                                "Area" : "UI",
                                "DisplayName" : "statusmessage-213",
                                "Height" : 28,
                                "Id" : "statusmessage-213",
                                "Left" : 660.2937622070312,
                                "MessageType" : "info",
                                "ResponsiveLayout" : false,
                                "ShowDataLoading" : true,
                                "Top" : 40.1937255859375,
                                "Type" : "statusmessage",
                                "Visible" : true,
                                "Width" : 200,
                                "Z-index" : 10,
                                "__TypeDisplayName" : "Status Message"
                              },
                              "Widgets" : [ ]
                            }, {
                              "Properties" : {
                                "AllowedFileTypes" : ".png,.jpg,.pjpeg,.jpeg,.jfif,.pjp,.gif,.ico,.bmp",
                                "Area" : "UI",
                                "DisplayName" : "fileupload-125",
                                "DisplayPathTextBox" : false,
                                "DisplayRepositorySelector" : false,
                                "FileName" : "",
                                "FocusStyle" : "DefaultButtonFocusStyle",
                                "FullPath" : "",
                                "Height" : 40,
                                "Id" : "fileupload-125",
                                "Left" : 20,
                                "MultiFilesSelect" : false,
                                "Path" : "/",
                                "RepositoryName" : "PTC.Factory.PhysicalAssetIconFileRepository",
                                "RepositoryStyle" : "DefaultRepositoryStyle",
                                "ResponsiveLayout" : false,
                                "ShowDataLoading" : true,
                                "Style" : "DefaultFileUploadStyle",
                                "TabSequence" : 0,
                                "Top" : 20,
                                "Type" : "fileupload",
                                "Visible" : true,
                                "Width" : 302,
                                "Z-index" : 10,
                                "__TypeDisplayName" : "File Upload"
                              },
                              "Widgets" : [ ]
                            }, {
                              "Properties" : {
                                "Area" : "UI",
                                "DisplayName" : "panel-185",
                                "Height" : 333,
                                "HideScrollbars" : true,
                                "HorizontalAnchor" : "left",
                                "Id" : "panel-185",
                                "Left" : 20,
                                "ResponsiveLayout" : false,
                                "ShowDataLoading" : true,
                                "Style" : "DefaultPanelStyle",
                                "Top" : 60,
                                "Type" : "panel",
                                "VerticalAnchor" : "top",
                                "Visible" : true,
                                "Width" : 302,
                                "Z-index" : 10,
                                "__TypeDisplayName" : "Panel"
                              },
                              "Widgets" : [ {
                                "Properties" : {
                                  "Alignment" : "center",
                                  "Area" : "UI",
                                  "BackgroundFill" : "content",
                                  "CustomClass" : "prod-asset-image scaling-image-valuedisplay",
                                  "DisplayName" : "Image Display",
                                  "Height" : 334,
                                  "Id" : "valuedisplay-126",
                                  "ImageScaling" : "none",
                                  "Label" : "",
                                  "LabelAlignment" : "left",
                                  "Left" : 0,
                                  "Overflow" : "hidden",
                                  "ResponsiveLayout" : false,
                                  "ShowDataLoading" : true,
                                  "TextIfNoValue" : "[[PTC.SCA.SCO.Core.Image]]",
                                  "TextIfNoValueOffset" : 0,
                                  "TextIfNoValueStyle" : "PTC.Factory.Generic.DefaultLabel",
                                  "TextWrap" : true,
                                  "ToolTipField" : " ",
                                  "ToolTipStyle" : "DefaultTooltipStyle",
                                  "Top" : 0,
                                  "Type" : "valuedisplay",
                                  "ValueDisplayLabelStyle" : "DefaultWidgetLabelStyle",
                                  "ValueDisplayStyle" : "DefaultLabelStyle",
                                  "ValueFormat" : {
                                    "FormatString" : "image",
                                    "formatText" : "View",
                                    "renderer" : "IMAGE"
                                  },
                                  "ValueFormat_StateParameters" : [ ],
                                  "VerticalAlignment" : "middle",
                                  "Visible" : true,
                                  "Width" : 305,
                                  "Z-index" : 10,
                                  "__TypeDisplayName" : "Value Display",
                                  "__supportsLabel" : true,
                                  "__supportsTooltip" : true
                                },
                                "Widgets" : [ ]
                              } ]
                            }, {
                              "Properties" : {
                                "ActiveStyle" : "PTC.Factory.Generic.ConfirmationPopupOkOrYesHover",
                                "Area" : "UI",
                                "CancelConfirmationButton" : "button2",
                                "ConfirmationButton1Label" : "Yes",
                                "ConfirmationButton2Label" : "No",
                                "ConfirmationPrompt" : "Do Action?",
                                "ConfirmationRequired" : false,
                                "ConfirmationTitle" : "Confirm Action",
                                "ContextId" : "",
                                "DefaultConfirmationButton" : "button1",
                                "Disabled" : false,
                                "DisabledStyle" : "PTC.Factory.Generic.DisableButton",
                                "DisplayName" : "UpdateBytton_new",
                                "FocusStyle" : "PTC.SCA.SCO.NoStyle",
                                "Height" : 32,
                                "HoverStyle" : "PTC.Factory.Generic.ConfirmationPopupOkOrYesHover",
                                "IconAlignment" : "left",
                                "Id" : "button-187",
                                "Label" : "[[PTC.Factory.Save]]",
                                "Left" : 775,
                                "ResponsiveLayout" : false,
                                "RoundedCorners" : false,
                                "ShowDataLoading" : true,
                                "SingleClickSelectOnTablets" : true,
                                "Style" : "PTC.Factory.Generic.TileHeadingButtonBorder",
                                "TabSequence" : 0,
                                "ToolTipField" : "",
                                "ToolTipStyle" : "DefaultTooltipStyle",
                                "Top" : 455,
                                "Type" : "button",
                                "Visible" : true,
                                "Width" : 100,
                                "Z-index" : 10,
                                "__TypeDisplayName" : "Button",
                                "__supportsTooltip" : true
                              },
                              "Widgets" : [ ]
                            }, {
                              "Properties" : {
                                "Area" : "UI",
                                "DisplayName" : "panel-258",
                                "Height" : 1,
                                "HideScrollbars" : false,
                                "HorizontalAnchor" : "left",
                                "Id" : "panel-258",
                                "Left" : 20,
                                "ResponsiveLayout" : false,
                                "ShowDataLoading" : true,
                                "Style" : "PTC.SCA.SCO.1px.BorderStyle",
                                "Top" : 409,
                                "Type" : "panel",
                                "VerticalAnchor" : "top",
                                "Visible" : true,
                                "Width" : 302,
                                "Z-index" : 10,
                                "__TypeDisplayName" : "Panel"
                              },
                              "Widgets" : [ ]
                            }, {
                              "Properties" : {
                                "Area" : "UI",
                                "DisplayName" : "panel-260",
                                "Height" : 1,
                                "HideScrollbars" : false,
                                "HorizontalAnchor" : "left",
                                "Id" : "panel-260",
                                "Left" : 20,
                                "ResponsiveLayout" : false,
                                "ShowDataLoading" : true,
                                "Style" : "PTC.SCA.SCO.1px.BorderStyle",
                                "Top" : 474,
                                "Type" : "panel",
                                "VerticalAnchor" : "top",
                                "Visible" : true,
                                "Width" : 302,
                                "Z-index" : 10,
                                "__TypeDisplayName" : "Panel"
                              },
                              "Widgets" : [ ]
                            }, {
                              "Properties" : {
                                "Alignment" : "left",
                                "AllowEllipsis" : false,
                                "Area" : "UI",
                                "DisplayName" : "label-263",
                                "Height" : 12,
                                "Id" : "label-263",
                                "Left" : 20,
                                "ResponsiveLayout" : false,
                                "ShowDataLoading" : true,
                                "Style" : "PTC.SCA.SCO.12px.EquipmentType.LabelText",
                                "Text" : "[[PTC.SCA.SCO.EquipmentType]]",
                                "ToolTipField" : "",
                                "ToolTipStyle" : "DefaultTooltipStyle",
                                "Top" : 420,
                                "Type" : "label",
                                "Visible" : true,
                                "Width" : 302,
                                "Z-index" : 10,
                                "__TypeDisplayName" : "Label",
                                "__supportsTooltip" : true
                              },
                              "Widgets" : [ ]
                            }, {
                              "Properties" : {
                                "Alignment" : "left",
                                "AllowEllipsis" : true,
                                "Area" : "UI",
                                "Description" : "",
                                "DisplayName" : "label-264",
                                "Height" : 22,
                                "Id" : "label-264",
                                "Left" : 20,
                                "ResponsiveLayout" : false,
                                "ShowDataLoading" : true,
                                "Style" : "PTC.SCA.SCO.18pxLabelTextBold",
                                "Text" : "[[PTC.ISA95.SiteThingTemplate.displayName]]",
                                "ToolTipField" : "",
                                "ToolTipStyle" : "DefaultTooltipStyle",
                                "Top" : 446,
                                "Type" : "label",
                                "Visible" : true,
                                "Width" : 302,
                                "Z-index" : 10,
                                "__TypeDisplayName" : "Label",
                                "__supportsTooltip" : true
                              },
                              "Widgets" : [ ]
                            } ]
                          }, {
                            "Properties" : {
                              "Area" : "UI",
                              "Description" : "",
                              "DisplayName" : "General Information Successfully Saved",
                              "Height" : 28,
                              "Id" : "statusmessage-233",
                              "Left" : 121,
                              "Message" : "[[PTC.SCA.SCO.GeneralInformationSuccessfullySaved]]",
                              "MessageType" : "info",
                              "ResponsiveLayout" : false,
                              "ShowDataLoading" : true,
                              "Top" : 409,
                              "Type" : "statusmessage",
                              "Visible" : true,
                              "Width" : 200,
                              "Z-index" : 10,
                              "__TypeDisplayName" : "Status Message"
                            },
                            "Widgets" : [ ]
                          } ]
                        } ]
                      }, {
                        "Properties" : {
                          "AnimateExpandCollapse" : true,
                          "Area" : "UI",
                          "BGImageRepeat" : "no-repeat",
                          "BGImageSize" : "auto",
                          "DisplayName" : "Right Sidebar",
                          "ExpandCollapseTabLocation" : "outside",
                          "Expanded" : true,
                          "Id" : "container-225",
                          "MinHeight" : 0,
                          "MinWidth" : 0,
                          "Overlay" : false,
                          "OverlayIsTransparent" : false,
                          "ResponsiveLayout" : true,
                          "ShowDataLoading" : true,
                          "ShowExpandCollapseTab" : false,
                          "Style" : "DefaultContainerStyle",
                          "TabCollapseStyle" : "DefaultTabCollapseStyle",
                          "TabExpandStyle" : "DefaultTabExpandStyle",
                          "TabHeight" : 36,
                          "TabLocation" : "center",
                          "TabOffset" : 0,
                          "TabWidth" : 36,
                          "Type" : "container",
                          "Visible" : true,
                          "Z-index" : 10,
                          "__TypeDisplayName" : "Container",
                          "userCannotRemove" : true
                        },
                        "Widgets" : [ ]
                      } ]
                    } ]
                  } ]
                } ]
              },
              "mashupType" : "mashup"
            }
            ]]>
            </mashupContent>
            <preview></preview>
        </Mashup>
    </Mashups>
</Entities>
