<?xml version="1.0" encoding="UTF-8"?>
<Entities
 build="b18"
 majorVersion="8"
 minorVersion="0"
 modelPersistenceProviderPackage="NeoPersistenceProviderPackage"
 revision="1"
 schemaVersion="1000">
    <Things>
        <Thing
         aspect.isEditableExtensionObject="true"
         aspect.isExtension="true"
         description="Utility thing containing services used by the Production Advisor. {PTC.Factory.PlantStatusUtils}"
         documentationContent=""
         enabled="true"
         homeMashup=""
         identifier=""
         lastModifiedDate="2017-06-19T09:10:00.898-04:00"
         name="PTC.Factory.PlantStatusUtils"
         projectName="PTC.SCA.SCO.Production KPI"
         published="false"
         tags="PTC:sca-sco-productionkpi;PTC:sca-mfg;PTC:Utils;PTC:Thing"
         thingTemplate="PTC.Factory.PlantStatusUtilsThingTemplate"
         valueStream="">
            <avatar></avatar>
            <DesignTimePermissions>
                <Create></Create>
                <Read></Read>
                <Update></Update>
                <Delete></Delete>
                <Metadata></Metadata>
            </DesignTimePermissions>
            <RunTimePermissions></RunTimePermissions>
            <VisibilityPermissions></VisibilityPermissions>
            <ConfigurationTables></ConfigurationTables>
            <ThingShape>
                <PropertyDefinitions></PropertyDefinitions>
                <ServiceDefinitions></ServiceDefinitions>
                <EventDefinitions></EventDefinitions>
                <ServiceMappings></ServiceMappings>
                <ServiceImplementations></ServiceImplementations>
                <Subscriptions></Subscriptions>
            </ThingShape>
            <PropertyBindings></PropertyBindings>
            <RemotePropertyBindings></RemotePropertyBindings>
            <RemoteServiceBindings></RemoteServiceBindings>
            <RemoteEventBindings></RemoteEventBindings>
            <AlertConfigurations></AlertConfigurations>
            <ImplementedShapes></ImplementedShapes>
            <ThingProperties></ThingProperties>
        </Thing>
    </Things>
</Entities>
